GeoAreaName;GeoAreaCode;SeriesDescription;SeriesCode;TimePeriod;Value;Source;Location;Sex;TypeofProduct;GroundsOfDiscrimination;Units
Albania;ALB;Gini index;SI.POV.GINI;1996;27.0;World Bank;;;;;INDEX
Albania;ALB;Gini index;SI.POV.GINI;2002;31.7;World Bank;;;;;INDEX
Albania;ALB;Gini index;SI.POV.GINI;2005;30.6;World Bank;;;;;INDEX
Albania;ALB;Gini index;SI.POV.GINI;2008;30.0;World Bank;;;;;INDEX
Albania;ALB;Gini index;SI.POV.GINI;2012;29.0;World Bank;;;;;INDEX
Albania;ALB;Gini index;SI.POV.GINI;2014;34.6;World Bank;;;;;INDEX
Albania;ALB;Gini index;SI.POV.GINI;2015;32.8;World Bank;;;;;INDEX
Albania;ALB;Gini index;SI.POV.GINI;2016;33.7;World Bank;;;;;INDEX
Albania;ALB;Gini index;SI.POV.GINI;2017;33.1;World Bank;;;;;INDEX
Albania;ALB;Gini index;SI.POV.GINI;2018;30.1;World Bank;;;;;INDEX
Albania;ALB;Gini index;SI.POV.GINI;2019;30.1;World Bank;;;;;INDEX
Albania;ALB;Gini index;SI.POV.GINI;2020;29.4;World Bank;;;;;INDEX
Algeria;DZA;Gini index;SI.POV.GINI;1988;37.4;World Bank;;;;;INDEX
Algeria;DZA;Gini index;SI.POV.GINI;1995;35.3;World Bank;;;;;INDEX
Algeria;DZA;Gini index;SI.POV.GINI;2011;27.6;World Bank;;;;;INDEX
Angola;AGO;Gini index;SI.POV.GINI;2000;51.9;World Bank;;;;;INDEX
Angola;AGO;Gini index;SI.POV.GINI;2008;42.7;World Bank;;;;;INDEX
Angola;AGO;Gini index;SI.POV.GINI;2018;51.3;World Bank;;;;;INDEX
Argentina;ARG;Gini index;SI.POV.GINI;1980;40.8;World Bank;;;;;INDEX
Argentina;ARG;Gini index;SI.POV.GINI;1986;42.8;World Bank;;;;;INDEX
Argentina;ARG;Gini index;SI.POV.GINI;1987;45.3;World Bank;;;;;INDEX
Argentina;ARG;Gini index;SI.POV.GINI;1991;46.8;World Bank;;;;;INDEX
Argentina;ARG;Gini index;SI.POV.GINI;1992;45.5;World Bank;;;;;INDEX
Argentina;ARG;Gini index;SI.POV.GINI;1993;44.8;World Bank;;;;;INDEX
Argentina;ARG;Gini index;SI.POV.GINI;1994;45.9;World Bank;;;;;INDEX
Argentina;ARG;Gini index;SI.POV.GINI;1995;48.9;World Bank;;;;;INDEX
Argentina;ARG;Gini index;SI.POV.GINI;1996;49.5;World Bank;;;;;INDEX
Argentina;ARG;Gini index;SI.POV.GINI;1997;49.1;World Bank;;;;;INDEX
Argentina;ARG;Gini index;SI.POV.GINI;1998;50.7;World Bank;;;;;INDEX
Argentina;ARG;Gini index;SI.POV.GINI;1999;49.8;World Bank;;;;;INDEX
Argentina;ARG;Gini index;SI.POV.GINI;2000;51.0;World Bank;;;;;INDEX
Argentina;ARG;Gini index;SI.POV.GINI;2001;53.3;World Bank;;;;;INDEX
Argentina;ARG;Gini index;SI.POV.GINI;2002;53.8;World Bank;;;;;INDEX
Argentina;ARG;Gini index;SI.POV.GINI;2003;51.0;World Bank;;;;;INDEX
Argentina;ARG;Gini index;SI.POV.GINI;2004;48.5;World Bank;;;;;INDEX
Argentina;ARG;Gini index;SI.POV.GINI;2005;47.8;World Bank;;;;;INDEX
Argentina;ARG;Gini index;SI.POV.GINI;2006;46.4;World Bank;;;;;INDEX
Argentina;ARG;Gini index;SI.POV.GINI;2007;46.3;World Bank;;;;;INDEX
Argentina;ARG;Gini index;SI.POV.GINI;2008;45.0;World Bank;;;;;INDEX
Argentina;ARG;Gini index;SI.POV.GINI;2009;43.8;World Bank;;;;;INDEX
Argentina;ARG;Gini index;SI.POV.GINI;2010;43.7;World Bank;;;;;INDEX
Argentina;ARG;Gini index;SI.POV.GINI;2011;42.7;World Bank;;;;;INDEX
Argentina;ARG;Gini index;SI.POV.GINI;2012;41.4;World Bank;;;;;INDEX
Argentina;ARG;Gini index;SI.POV.GINI;2013;41.1;World Bank;;;;;INDEX
Argentina;ARG;Gini index;SI.POV.GINI;2014;41.8;World Bank;;;;;INDEX
Argentina;ARG;Gini index;SI.POV.GINI;2016;42.3;World Bank;;;;;INDEX
Argentina;ARG;Gini index;SI.POV.GINI;2017;41.4;World Bank;;;;;INDEX
Argentina;ARG;Gini index;SI.POV.GINI;2018;41.7;World Bank;;;;;INDEX
Argentina;ARG;Gini index;SI.POV.GINI;2019;43.3;World Bank;;;;;INDEX
Argentina;ARG;Gini index;SI.POV.GINI;2020;42.7;World Bank;;;;;INDEX
Argentina;ARG;Gini index;SI.POV.GINI;2021;42.4;World Bank;;;;;INDEX
Argentina;ARG;Gini index;SI.POV.GINI;2022;40.7;World Bank;;;;;INDEX
Armenia;ARM;Gini index;SI.POV.GINI;1999;36.2;World Bank;;;;;INDEX
Armenia;ARM;Gini index;SI.POV.GINI;2001;35.4;World Bank;;;;;INDEX
Armenia;ARM;Gini index;SI.POV.GINI;2002;34.8;World Bank;;;;;INDEX
Armenia;ARM;Gini index;SI.POV.GINI;2003;33.0;World Bank;;;;;INDEX
Armenia;ARM;Gini index;SI.POV.GINI;2004;37.5;World Bank;;;;;INDEX
Armenia;ARM;Gini index;SI.POV.GINI;2005;36.0;World Bank;;;;;INDEX
Armenia;ARM;Gini index;SI.POV.GINI;2006;29.7;World Bank;;;;;INDEX
Armenia;ARM;Gini index;SI.POV.GINI;2007;31.2;World Bank;;;;;INDEX
Armenia;ARM;Gini index;SI.POV.GINI;2008;29.2;World Bank;;;;;INDEX
Armenia;ARM;Gini index;SI.POV.GINI;2009;28.0;World Bank;;;;;INDEX
Armenia;ARM;Gini index;SI.POV.GINI;2010;30.0;World Bank;;;;;INDEX
Armenia;ARM;Gini index;SI.POV.GINI;2011;29.4;World Bank;;;;;INDEX
Armenia;ARM;Gini index;SI.POV.GINI;2012;29.6;World Bank;;;;;INDEX
Armenia;ARM;Gini index;SI.POV.GINI;2013;30.6;World Bank;;;;;INDEX
Armenia;ARM;Gini index;SI.POV.GINI;2014;31.5;World Bank;;;;;INDEX
Armenia;ARM;Gini index;SI.POV.GINI;2015;32.4;World Bank;;;;;INDEX
Armenia;ARM;Gini index;SI.POV.GINI;2016;32.5;World Bank;;;;;INDEX
Armenia;ARM;Gini index;SI.POV.GINI;2017;33.6;World Bank;;;;;INDEX
Armenia;ARM;Gini index;SI.POV.GINI;2018;34.4;World Bank;;;;;INDEX
Armenia;ARM;Gini index;SI.POV.GINI;2019;30.0;World Bank;;;;;INDEX
Armenia;ARM;Gini index;SI.POV.GINI;2020;25.1;World Bank;;;;;INDEX
Armenia;ARM;Gini index;SI.POV.GINI;2021;27.9;World Bank;;;;;INDEX
Armenia;ARM;Gini index;SI.POV.GINI;2022;27.9;World Bank;;;;;INDEX
Australia;AUS;Gini index;SI.POV.GINI;1981;31.3;World Bank;;;;;INDEX
Australia;AUS;Gini index;SI.POV.GINI;1985;32.5;World Bank;;;;;INDEX
Australia;AUS;Gini index;SI.POV.GINI;1989;33.2;World Bank;;;;;INDEX
Australia;AUS;Gini index;SI.POV.GINI;1995;32.6;World Bank;;;;;INDEX
Australia;AUS;Gini index;SI.POV.GINI;2001;33.5;World Bank;;;;;INDEX
Australia;AUS;Gini index;SI.POV.GINI;2003;33.5;World Bank;;;;;INDEX
Australia;AUS;Gini index;SI.POV.GINI;2004;33.1;World Bank;;;;;INDEX
Australia;AUS;Gini index;SI.POV.GINI;2008;35.4;World Bank;;;;;INDEX
Australia;AUS;Gini index;SI.POV.GINI;2010;34.7;World Bank;;;;;INDEX
Australia;AUS;Gini index;SI.POV.GINI;2014;34.4;World Bank;;;;;INDEX
Australia;AUS;Gini index;SI.POV.GINI;2016;33.7;World Bank;;;;;INDEX
Australia;AUS;Gini index;SI.POV.GINI;2018;34.3;World Bank;;;;;INDEX
Austria;AUT;Gini index;SI.POV.GINI;1994;30.8;World Bank;;;;;INDEX
Austria;AUT;Gini index;SI.POV.GINI;1995;29.9;World Bank;;;;;INDEX
Austria;AUT;Gini index;SI.POV.GINI;1996;29.3;World Bank;;;;;INDEX
Austria;AUT;Gini index;SI.POV.GINI;1997;29.1;World Bank;;;;;INDEX
Austria;AUT;Gini index;SI.POV.GINI;1998;31.3;World Bank;;;;;INDEX
Austria;AUT;Gini index;SI.POV.GINI;1999;29.7;World Bank;;;;;INDEX
Austria;AUT;Gini index;SI.POV.GINI;2000;29.0;World Bank;;;;;INDEX
Austria;AUT;Gini index;SI.POV.GINI;2003;29.5;World Bank;;;;;INDEX
Austria;AUT;Gini index;SI.POV.GINI;2004;29.8;World Bank;;;;;INDEX
Austria;AUT;Gini index;SI.POV.GINI;2005;28.7;World Bank;;;;;INDEX
Austria;AUT;Gini index;SI.POV.GINI;2006;29.6;World Bank;;;;;INDEX
Austria;AUT;Gini index;SI.POV.GINI;2007;30.6;World Bank;;;;;INDEX
Austria;AUT;Gini index;SI.POV.GINI;2008;30.4;World Bank;;;;;INDEX
Austria;AUT;Gini index;SI.POV.GINI;2009;31.5;World Bank;;;;;INDEX
Austria;AUT;Gini index;SI.POV.GINI;2010;30.3;World Bank;;;;;INDEX
Austria;AUT;Gini index;SI.POV.GINI;2011;30.8;World Bank;;;;;INDEX
Austria;AUT;Gini index;SI.POV.GINI;2012;30.5;World Bank;;;;;INDEX
Austria;AUT;Gini index;SI.POV.GINI;2013;30.8;World Bank;;;;;INDEX
Austria;AUT;Gini index;SI.POV.GINI;2014;30.5;World Bank;;;;;INDEX
Austria;AUT;Gini index;SI.POV.GINI;2015;30.5;World Bank;;;;;INDEX
Austria;AUT;Gini index;SI.POV.GINI;2016;30.8;World Bank;;;;;INDEX
Austria;AUT;Gini index;SI.POV.GINI;2017;29.7;World Bank;;;;;INDEX
Austria;AUT;Gini index;SI.POV.GINI;2018;30.8;World Bank;;;;;INDEX
Austria;AUT;Gini index;SI.POV.GINI;2019;30.2;World Bank;;;;;INDEX
Austria;AUT;Gini index;SI.POV.GINI;2020;29.8;World Bank;;;;;INDEX
Austria;AUT;Gini index;SI.POV.GINI;2021;30.7;World Bank;;;;;INDEX
Azerbaijan;AZE;Gini index;SI.POV.GINI;1995;34.6;World Bank;;;;;INDEX
Azerbaijan;AZE;Gini index;SI.POV.GINI;2001;36.5;World Bank;;;;;INDEX
Azerbaijan;AZE;Gini index;SI.POV.GINI;2002;25.3;World Bank;;;;;INDEX
Azerbaijan;AZE;Gini index;SI.POV.GINI;2003;26.8;World Bank;;;;;INDEX
Azerbaijan;AZE;Gini index;SI.POV.GINI;2004;26.6;World Bank;;;;;INDEX
Azerbaijan;AZE;Gini index;SI.POV.GINI;2005;26.6;World Bank;;;;;INDEX
Bangladesh;BGD;Gini index;SI.POV.GINI;1983;25.9;World Bank;;;;;INDEX
Bangladesh;BGD;Gini index;SI.POV.GINI;1985;26.9;World Bank;;;;;INDEX
Bangladesh;BGD;Gini index;SI.POV.GINI;1988;28.8;World Bank;;;;;INDEX
Bangladesh;BGD;Gini index;SI.POV.GINI;1991;27.6;World Bank;;;;;INDEX
Bangladesh;BGD;Gini index;SI.POV.GINI;1995;32.9;World Bank;;;;;INDEX
Bangladesh;BGD;Gini index;SI.POV.GINI;2000;33.4;World Bank;;;;;INDEX
Bangladesh;BGD;Gini index;SI.POV.GINI;2005;33.2;World Bank;;;;;INDEX
Bangladesh;BGD;Gini index;SI.POV.GINI;2010;32.1;World Bank;;;;;INDEX
Bangladesh;BGD;Gini index;SI.POV.GINI;2016;32.4;World Bank;;;;;INDEX
Bangladesh;BGD;Gini index;SI.POV.GINI;2022;33.4;World Bank;;;;;INDEX
Belarus;BLR;Gini index;SI.POV.GINI;1998;32.0;World Bank;;;;;INDEX
Belarus;BLR;Gini index;SI.POV.GINI;1999;31.7;World Bank;;;;;INDEX
Belarus;BLR;Gini index;SI.POV.GINI;2000;31.2;World Bank;;;;;INDEX
Belarus;BLR;Gini index;SI.POV.GINI;2001;30.6;World Bank;;;;;INDEX
Belarus;BLR;Gini index;SI.POV.GINI;2002;30.3;World Bank;;;;;INDEX
Belarus;BLR;Gini index;SI.POV.GINI;2003;28.8;World Bank;;;;;INDEX
Belarus;BLR;Gini index;SI.POV.GINI;2004;26.5;World Bank;;;;;INDEX
Belarus;BLR;Gini index;SI.POV.GINI;2005;27.6;World Bank;;;;;INDEX
Belarus;BLR;Gini index;SI.POV.GINI;2006;28.3;World Bank;;;;;INDEX
Belarus;BLR;Gini index;SI.POV.GINI;2007;29.6;World Bank;;;;;INDEX
Belarus;BLR;Gini index;SI.POV.GINI;2008;27.8;World Bank;;;;;INDEX
Belarus;BLR;Gini index;SI.POV.GINI;2009;27.7;World Bank;;;;;INDEX
Belarus;BLR;Gini index;SI.POV.GINI;2010;28.6;World Bank;;;;;INDEX
Belarus;BLR;Gini index;SI.POV.GINI;2011;27.2;World Bank;;;;;INDEX
Belarus;BLR;Gini index;SI.POV.GINI;2012;26.5;World Bank;;;;;INDEX
Belarus;BLR;Gini index;SI.POV.GINI;2013;26.6;World Bank;;;;;INDEX
Belarus;BLR;Gini index;SI.POV.GINI;2014;27.2;World Bank;;;;;INDEX
Belarus;BLR;Gini index;SI.POV.GINI;2015;25.6;World Bank;;;;;INDEX
Belarus;BLR;Gini index;SI.POV.GINI;2016;25.3;World Bank;;;;;INDEX
Belarus;BLR;Gini index;SI.POV.GINI;2017;25.4;World Bank;;;;;INDEX
Belarus;BLR;Gini index;SI.POV.GINI;2018;25.2;World Bank;;;;;INDEX
Belarus;BLR;Gini index;SI.POV.GINI;2019;25.3;World Bank;;;;;INDEX
Belarus;BLR;Gini index;SI.POV.GINI;2020;24.4;World Bank;;;;;INDEX
Belgium;BEL;Gini index;SI.POV.GINI;1985;25.2;World Bank;;;;;INDEX
Belgium;BEL;Gini index;SI.POV.GINI;1988;25.7;World Bank;;;;;INDEX
Belgium;BEL;Gini index;SI.POV.GINI;1992;24.9;World Bank;;;;;INDEX
Belgium;BEL;Gini index;SI.POV.GINI;1995;28.4;World Bank;;;;;INDEX
Belgium;BEL;Gini index;SI.POV.GINI;1997;26.8;World Bank;;;;;INDEX
Belgium;BEL;Gini index;SI.POV.GINI;2000;33.1;World Bank;;;;;INDEX
Belgium;BEL;Gini index;SI.POV.GINI;2003;28.1;World Bank;;;;;INDEX
Belgium;BEL;Gini index;SI.POV.GINI;2004;30.5;World Bank;;;;;INDEX
Belgium;BEL;Gini index;SI.POV.GINI;2005;29.3;World Bank;;;;;INDEX
Belgium;BEL;Gini index;SI.POV.GINI;2006;28.1;World Bank;;;;;INDEX
Belgium;BEL;Gini index;SI.POV.GINI;2007;29.2;World Bank;;;;;INDEX
Belgium;BEL;Gini index;SI.POV.GINI;2008;28.4;World Bank;;;;;INDEX
Belgium;BEL;Gini index;SI.POV.GINI;2009;28.6;World Bank;;;;;INDEX
Belgium;BEL;Gini index;SI.POV.GINI;2010;28.4;World Bank;;;;;INDEX
Belgium;BEL;Gini index;SI.POV.GINI;2011;28.1;World Bank;;;;;INDEX
Belgium;BEL;Gini index;SI.POV.GINI;2012;27.5;World Bank;;;;;INDEX
Belgium;BEL;Gini index;SI.POV.GINI;2013;27.7;World Bank;;;;;INDEX
Belgium;BEL;Gini index;SI.POV.GINI;2014;28.1;World Bank;;;;;INDEX
Belgium;BEL;Gini index;SI.POV.GINI;2015;27.7;World Bank;;;;;INDEX
Belgium;BEL;Gini index;SI.POV.GINI;2016;27.6;World Bank;;;;;INDEX
Belgium;BEL;Gini index;SI.POV.GINI;2017;27.4;World Bank;;;;;INDEX
Belgium;BEL;Gini index;SI.POV.GINI;2018;27.2;World Bank;;;;;INDEX
Belgium;BEL;Gini index;SI.POV.GINI;2019;27.2;World Bank;;;;;INDEX
Belgium;BEL;Gini index;SI.POV.GINI;2020;26.0;World Bank;;;;;INDEX
Belgium;BEL;Gini index;SI.POV.GINI;2021;26.6;World Bank;;;;;INDEX
Belize;BLZ;Gini index;SI.POV.GINI;1993;60.2;World Bank;;;;;INDEX
Belize;BLZ;Gini index;SI.POV.GINI;1994;60.9;World Bank;;;;;INDEX
Belize;BLZ;Gini index;SI.POV.GINI;1996;56.5;World Bank;;;;;INDEX
Belize;BLZ;Gini index;SI.POV.GINI;1997;60.4;World Bank;;;;;INDEX
Belize;BLZ;Gini index;SI.POV.GINI;1998;54.9;World Bank;;;;;INDEX
Belize;BLZ;Gini index;SI.POV.GINI;1999;53.2;World Bank;;;;;INDEX
Benin;BEN;Gini index;SI.POV.GINI;2003;38.6;World Bank;;;;;INDEX
Benin;BEN;Gini index;SI.POV.GINI;2011;43.4;World Bank;;;;;INDEX
Benin;BEN;Gini index;SI.POV.GINI;2015;47.6;World Bank;;;;;INDEX
Benin;BEN;Gini index;SI.POV.GINI;2018;37.9;World Bank;;;;;INDEX
Benin;BEN;Gini index;SI.POV.GINI;2021;34.4;World Bank;;;;;INDEX
Bhutan;BTN;Gini index;SI.POV.GINI;2003;40.9;World Bank;;;;;INDEX
Bhutan;BTN;Gini index;SI.POV.GINI;2007;38.1;World Bank;;;;;INDEX
Bhutan;BTN;Gini index;SI.POV.GINI;2012;38.8;World Bank;;;;;INDEX
Bhutan;BTN;Gini index;SI.POV.GINI;2017;37.4;World Bank;;;;;INDEX
Bhutan;BTN;Gini index;SI.POV.GINI;2022;28.5;World Bank;;;;;INDEX
Bolivia;BOL;Gini index;SI.POV.GINI;1990;42.0;World Bank;;;;;INDEX
Bolivia;BOL;Gini index;SI.POV.GINI;1992;49.1;World Bank;;;;;INDEX
Bolivia;BOL;Gini index;SI.POV.GINI;1997;58.1;World Bank;;;;;INDEX
Bolivia;BOL;Gini index;SI.POV.GINI;1999;58.0;World Bank;;;;;INDEX
Bolivia;BOL;Gini index;SI.POV.GINI;2000;61.6;World Bank;;;;;INDEX
Bolivia;BOL;Gini index;SI.POV.GINI;2001;57.4;World Bank;;;;;INDEX
Bolivia;BOL;Gini index;SI.POV.GINI;2002;59.3;World Bank;;;;;INDEX
Bolivia;BOL;Gini index;SI.POV.GINI;2004;55.0;World Bank;;;;;INDEX
Bolivia;BOL;Gini index;SI.POV.GINI;2005;58.5;World Bank;;;;;INDEX
Bolivia;BOL;Gini index;SI.POV.GINI;2006;56.7;World Bank;;;;;INDEX
Bolivia;BOL;Gini index;SI.POV.GINI;2007;54.5;World Bank;;;;;INDEX
Bolivia;BOL;Gini index;SI.POV.GINI;2008;50.8;World Bank;;;;;INDEX
Bolivia;BOL;Gini index;SI.POV.GINI;2009;49.2;World Bank;;;;;INDEX
Bolivia;BOL;Gini index;SI.POV.GINI;2011;46.1;World Bank;;;;;INDEX
Bolivia;BOL;Gini index;SI.POV.GINI;2012;46.6;World Bank;;;;;INDEX
Bolivia;BOL;Gini index;SI.POV.GINI;2013;47.6;World Bank;;;;;INDEX
Bolivia;BOL;Gini index;SI.POV.GINI;2014;47.8;World Bank;;;;;INDEX
Bolivia;BOL;Gini index;SI.POV.GINI;2015;46.7;World Bank;;;;;INDEX
Bolivia;BOL;Gini index;SI.POV.GINI;2016;45.2;World Bank;;;;;INDEX
Bolivia;BOL;Gini index;SI.POV.GINI;2017;44.6;World Bank;;;;;INDEX
Bolivia;BOL;Gini index;SI.POV.GINI;2018;42.6;World Bank;;;;;INDEX
Bolivia;BOL;Gini index;SI.POV.GINI;2019;41.6;World Bank;;;;;INDEX
Bolivia;BOL;Gini index;SI.POV.GINI;2020;43.6;World Bank;;;;;INDEX
Bolivia;BOL;Gini index;SI.POV.GINI;2021;40.9;World Bank;;;;;INDEX
Bosnia and Herzegovina;BIH;Gini index;SI.POV.GINI;2001;30.0;World Bank;;;;;INDEX
Bosnia and Herzegovina;BIH;Gini index;SI.POV.GINI;2004;34.0;World Bank;;;;;INDEX
Bosnia and Herzegovina;BIH;Gini index;SI.POV.GINI;2007;33.1;World Bank;;;;;INDEX
Bosnia and Herzegovina;BIH;Gini index;SI.POV.GINI;2011;33.0;World Bank;;;;;INDEX
Botswana;BWA;Gini index;SI.POV.GINI;1985;54.2;World Bank;;;;;INDEX
Botswana;BWA;Gini index;SI.POV.GINI;1993;60.1;World Bank;;;;;INDEX
Botswana;BWA;Gini index;SI.POV.GINI;2002;64.7;World Bank;;;;;INDEX
Botswana;BWA;Gini index;SI.POV.GINI;2009;60.5;World Bank;;;;;INDEX
Botswana;BWA;Gini index;SI.POV.GINI;2015;53.3;World Bank;;;;;INDEX
Brazil;BRA;Gini index;SI.POV.GINI;1981;57.9;World Bank;;;;;INDEX
Brazil;BRA;Gini index;SI.POV.GINI;1982;58.4;World Bank;;;;;INDEX
Brazil;BRA;Gini index;SI.POV.GINI;1983;58.9;World Bank;;;;;INDEX
Brazil;BRA;Gini index;SI.POV.GINI;1984;58.3;World Bank;;;;;INDEX
Brazil;BRA;Gini index;SI.POV.GINI;1985;55.5;World Bank;;;;;INDEX
Brazil;BRA;Gini index;SI.POV.GINI;1986;58.4;World Bank;;;;;INDEX
Brazil;BRA;Gini index;SI.POV.GINI;1987;59.6;World Bank;;;;;INDEX
Brazil;BRA;Gini index;SI.POV.GINI;1988;61.4;World Bank;;;;;INDEX
Brazil;BRA;Gini index;SI.POV.GINI;1989;63.2;World Bank;;;;;INDEX
Brazil;BRA;Gini index;SI.POV.GINI;1990;60.4;World Bank;;;;;INDEX
Brazil;BRA;Gini index;SI.POV.GINI;1992;53.1;World Bank;;;;;INDEX
Brazil;BRA;Gini index;SI.POV.GINI;1993;60.1;World Bank;;;;;INDEX
Brazil;BRA;Gini index;SI.POV.GINI;1995;59.5;World Bank;;;;;INDEX
Brazil;BRA;Gini index;SI.POV.GINI;1996;59.8;World Bank;;;;;INDEX
Brazil;BRA;Gini index;SI.POV.GINI;1997;59.8;World Bank;;;;;INDEX
Brazil;BRA;Gini index;SI.POV.GINI;1998;59.6;World Bank;;;;;INDEX
Brazil;BRA;Gini index;SI.POV.GINI;1999;59.0;World Bank;;;;;INDEX
Brazil;BRA;Gini index;SI.POV.GINI;2001;58.4;World Bank;;;;;INDEX
Brazil;BRA;Gini index;SI.POV.GINI;2002;58.1;World Bank;;;;;INDEX
Brazil;BRA;Gini index;SI.POV.GINI;2003;57.6;World Bank;;;;;INDEX
Brazil;BRA;Gini index;SI.POV.GINI;2004;56.5;World Bank;;;;;INDEX
Brazil;BRA;Gini index;SI.POV.GINI;2005;56.3;World Bank;;;;;INDEX
Brazil;BRA;Gini index;SI.POV.GINI;2006;55.6;World Bank;;;;;INDEX
Brazil;BRA;Gini index;SI.POV.GINI;2007;54.9;World Bank;;;;;INDEX
Brazil;BRA;Gini index;SI.POV.GINI;2008;54.0;World Bank;;;;;INDEX
Brazil;BRA;Gini index;SI.POV.GINI;2009;53.7;World Bank;;;;;INDEX
Brazil;BRA;Gini index;SI.POV.GINI;2011;52.9;World Bank;;;;;INDEX
Brazil;BRA;Gini index;SI.POV.GINI;2012;53.4;World Bank;;;;;INDEX
Brazil;BRA;Gini index;SI.POV.GINI;2013;52.7;World Bank;;;;;INDEX
Brazil;BRA;Gini index;SI.POV.GINI;2014;52.0;World Bank;;;;;INDEX
Brazil;BRA;Gini index;SI.POV.GINI;2015;51.9;World Bank;;;;;INDEX
Brazil;BRA;Gini index;SI.POV.GINI;2016;53.4;World Bank;;;;;INDEX
Brazil;BRA;Gini index;SI.POV.GINI;2017;53.3;World Bank;;;;;INDEX
Brazil;BRA;Gini index;SI.POV.GINI;2018;53.9;World Bank;;;;;INDEX
Brazil;BRA;Gini index;SI.POV.GINI;2019;53.5;World Bank;;;;;INDEX
Brazil;BRA;Gini index;SI.POV.GINI;2020;48.9;World Bank;;;;;INDEX
Brazil;BRA;Gini index;SI.POV.GINI;2021;52.9;World Bank;;;;;INDEX
Brazil;BRA;Gini index;SI.POV.GINI;2022;52.0;World Bank;;;;;INDEX
Bulgaria;BGR;Gini index;SI.POV.GINI;2006;35.7;World Bank;;;;;INDEX
Bulgaria;BGR;Gini index;SI.POV.GINI;2007;36.1;World Bank;;;;;INDEX
Bulgaria;BGR;Gini index;SI.POV.GINI;2008;33.6;World Bank;;;;;INDEX
Bulgaria;BGR;Gini index;SI.POV.GINI;2009;33.8;World Bank;;;;;INDEX
Bulgaria;BGR;Gini index;SI.POV.GINI;2010;35.7;World Bank;;;;;INDEX
Bulgaria;BGR;Gini index;SI.POV.GINI;2011;34.3;World Bank;;;;;INDEX
Bulgaria;BGR;Gini index;SI.POV.GINI;2012;36.0;World Bank;;;;;INDEX
Bulgaria;BGR;Gini index;SI.POV.GINI;2013;36.6;World Bank;;;;;INDEX
Bulgaria;BGR;Gini index;SI.POV.GINI;2014;37.4;World Bank;;;;;INDEX
Bulgaria;BGR;Gini index;SI.POV.GINI;2015;38.6;World Bank;;;;;INDEX
Bulgaria;BGR;Gini index;SI.POV.GINI;2016;40.6;World Bank;;;;;INDEX
Bulgaria;BGR;Gini index;SI.POV.GINI;2017;40.4;World Bank;;;;;INDEX
Bulgaria;BGR;Gini index;SI.POV.GINI;2018;41.3;World Bank;;;;;INDEX
Bulgaria;BGR;Gini index;SI.POV.GINI;2019;40.3;World Bank;;;;;INDEX
Bulgaria;BGR;Gini index;SI.POV.GINI;2020;40.5;World Bank;;;;;INDEX
Bulgaria;BGR;Gini index;SI.POV.GINI;2021;39.0;World Bank;;;;;INDEX
Burkina Faso;BFA;Gini index;SI.POV.GINI;1994;48.0;World Bank;;;;;INDEX
Burkina Faso;BFA;Gini index;SI.POV.GINI;1998;49.9;World Bank;;;;;INDEX
Burkina Faso;BFA;Gini index;SI.POV.GINI;2003;43.3;World Bank;;;;;INDEX
Burkina Faso;BFA;Gini index;SI.POV.GINI;2009;39.8;World Bank;;;;;INDEX
Burkina Faso;BFA;Gini index;SI.POV.GINI;2014;35.3;World Bank;;;;;INDEX
Burkina Faso;BFA;Gini index;SI.POV.GINI;2018;43.0;World Bank;;;;;INDEX
Burkina Faso;BFA;Gini index;SI.POV.GINI;2021;37.4;World Bank;;;;;INDEX
Burundi;BDI;Gini index;SI.POV.GINI;1992;33.3;World Bank;;;;;INDEX
Burundi;BDI;Gini index;SI.POV.GINI;1998;42.1;World Bank;;;;;INDEX
Burundi;BDI;Gini index;SI.POV.GINI;2006;33.4;World Bank;;;;;INDEX
Burundi;BDI;Gini index;SI.POV.GINI;2013;38.6;World Bank;;;;;INDEX
Burundi;BDI;Gini index;SI.POV.GINI;2020;37.5;World Bank;;;;;INDEX
Cabo Verde;CPV;Gini index;SI.POV.GINI;2001;52.5;World Bank;;;;;INDEX
Cabo Verde;CPV;Gini index;SI.POV.GINI;2007;47.2;World Bank;;;;;INDEX
Cabo Verde;CPV;Gini index;SI.POV.GINI;2015;42.4;World Bank;;;;;INDEX
Cameroon;CMR;Gini index;SI.POV.GINI;1996;44.4;World Bank;;;;;INDEX
Cameroon;CMR;Gini index;SI.POV.GINI;2001;42.1;World Bank;;;;;INDEX
Cameroon;CMR;Gini index;SI.POV.GINI;2007;42.8;World Bank;;;;;INDEX
Cameroon;CMR;Gini index;SI.POV.GINI;2014;46.6;World Bank;;;;;INDEX
Cameroon;CMR;Gini index;SI.POV.GINI;2021;42.2;World Bank;;;;;INDEX
Canada;CAN;Gini index;SI.POV.GINI;1971;37.2;World Bank;;;;;INDEX
Canada;CAN;Gini index;SI.POV.GINI;1973;34.9;World Bank;;;;;INDEX
Canada;CAN;Gini index;SI.POV.GINI;1975;34.1;World Bank;;;;;INDEX
Canada;CAN;Gini index;SI.POV.GINI;1977;33.7;World Bank;;;;;INDEX
Canada;CAN;Gini index;SI.POV.GINI;1979;33.5;World Bank;;;;;INDEX
Canada;CAN;Gini index;SI.POV.GINI;1981;33.0;World Bank;;;;;INDEX
Canada;CAN;Gini index;SI.POV.GINI;1982;32.9;World Bank;;;;;INDEX
Canada;CAN;Gini index;SI.POV.GINI;1984;33.5;World Bank;;;;;INDEX
Canada;CAN;Gini index;SI.POV.GINI;1985;33.2;World Bank;;;;;INDEX
Canada;CAN;Gini index;SI.POV.GINI;1986;31.7;World Bank;;;;;INDEX
Canada;CAN;Gini index;SI.POV.GINI;1987;31.7;World Bank;;;;;INDEX
Canada;CAN;Gini index;SI.POV.GINI;1988;31.2;World Bank;;;;;INDEX
Canada;CAN;Gini index;SI.POV.GINI;1989;31.0;World Bank;;;;;INDEX
Canada;CAN;Gini index;SI.POV.GINI;1990;31.4;World Bank;;;;;INDEX
Canada;CAN;Gini index;SI.POV.GINI;1991;31.9;World Bank;;;;;INDEX
Canada;CAN;Gini index;SI.POV.GINI;1992;31.6;World Bank;;;;;INDEX
Canada;CAN;Gini index;SI.POV.GINI;1993;31.7;World Bank;;;;;INDEX
Canada;CAN;Gini index;SI.POV.GINI;1994;31.3;World Bank;;;;;INDEX
Canada;CAN;Gini index;SI.POV.GINI;1995;31.5;World Bank;;;;;INDEX
Canada;CAN;Gini index;SI.POV.GINI;1996;32.8;World Bank;;;;;INDEX
Canada;CAN;Gini index;SI.POV.GINI;1997;33.1;World Bank;;;;;INDEX
Canada;CAN;Gini index;SI.POV.GINI;1998;33.2;World Bank;;;;;INDEX
Canada;CAN;Gini index;SI.POV.GINI;1999;33.1;World Bank;;;;;INDEX
Canada;CAN;Gini index;SI.POV.GINI;2000;33.4;World Bank;;;;;INDEX
Canada;CAN;Gini index;SI.POV.GINI;2001;33.6;World Bank;;;;;INDEX
Canada;CAN;Gini index;SI.POV.GINI;2002;33.6;World Bank;;;;;INDEX
Canada;CAN;Gini index;SI.POV.GINI;2003;33.8;World Bank;;;;;INDEX
Canada;CAN;Gini index;SI.POV.GINI;2004;33.8;World Bank;;;;;INDEX
Canada;CAN;Gini index;SI.POV.GINI;2005;33.6;World Bank;;;;;INDEX
Canada;CAN;Gini index;SI.POV.GINI;2006;34.1;World Bank;;;;;INDEX
Canada;CAN;Gini index;SI.POV.GINI;2007;33.8;World Bank;;;;;INDEX
Canada;CAN;Gini index;SI.POV.GINI;2008;33.9;World Bank;;;;;INDEX
Canada;CAN;Gini index;SI.POV.GINI;2009;34.0;World Bank;;;;;INDEX
Canada;CAN;Gini index;SI.POV.GINI;2010;33.6;World Bank;;;;;INDEX
Canada;CAN;Gini index;SI.POV.GINI;2011;32.7;World Bank;;;;;INDEX
Canada;CAN;Gini index;SI.POV.GINI;2012;33.5;World Bank;;;;;INDEX
Canada;CAN;Gini index;SI.POV.GINI;2013;33.8;World Bank;;;;;INDEX
Canada;CAN;Gini index;SI.POV.GINI;2014;33.2;World Bank;;;;;INDEX
Canada;CAN;Gini index;SI.POV.GINI;2015;33.7;World Bank;;;;;INDEX
Canada;CAN;Gini index;SI.POV.GINI;2016;32.7;World Bank;;;;;INDEX
Canada;CAN;Gini index;SI.POV.GINI;2017;33.3;World Bank;;;;;INDEX
Canada;CAN;Gini index;SI.POV.GINI;2018;32.5;World Bank;;;;;INDEX
Canada;CAN;Gini index;SI.POV.GINI;2019;31.7;World Bank;;;;;INDEX
Central African Republic;CAF;Gini index;SI.POV.GINI;1992;59.3;World Bank;;;;;INDEX
Central African Republic;CAF;Gini index;SI.POV.GINI;2008;56.2;World Bank;;;;;INDEX
Central African Republic;CAF;Gini index;SI.POV.GINI;2021;43.0;World Bank;;;;;INDEX
Chad;TCD;Gini index;SI.POV.GINI;2003;39.8;World Bank;;;;;INDEX
Chad;TCD;Gini index;SI.POV.GINI;2011;43.3;World Bank;;;;;INDEX
Chad;TCD;Gini index;SI.POV.GINI;2018;37.5;World Bank;;;;;INDEX
Chad;TCD;Gini index;SI.POV.GINI;2022;37.4;World Bank;;;;;INDEX
Chile;CHL;Gini index;SI.POV.GINI;1987;56.2;World Bank;;;;;INDEX
Chile;CHL;Gini index;SI.POV.GINI;1990;57.2;World Bank;;;;;INDEX
Chile;CHL;Gini index;SI.POV.GINI;1992;54.8;World Bank;;;;;INDEX
Chile;CHL;Gini index;SI.POV.GINI;1994;56.4;World Bank;;;;;INDEX
Chile;CHL;Gini index;SI.POV.GINI;1996;54.9;World Bank;;;;;INDEX
Chile;CHL;Gini index;SI.POV.GINI;1998;55.5;World Bank;;;;;INDEX
Chile;CHL;Gini index;SI.POV.GINI;2000;52.8;World Bank;;;;;INDEX
Chile;CHL;Gini index;SI.POV.GINI;2003;51.5;World Bank;;;;;INDEX
Chile;CHL;Gini index;SI.POV.GINI;2006;47.7;World Bank;;;;;INDEX
Chile;CHL;Gini index;SI.POV.GINI;2009;47.4;World Bank;;;;;INDEX
Chile;CHL;Gini index;SI.POV.GINI;2011;46.9;World Bank;;;;;INDEX
Chile;CHL;Gini index;SI.POV.GINI;2013;46.8;World Bank;;;;;INDEX
Chile;CHL;Gini index;SI.POV.GINI;2015;45.3;World Bank;;;;;INDEX
Chile;CHL;Gini index;SI.POV.GINI;2017;45.3;World Bank;;;;;INDEX
Chile;CHL;Gini index;SI.POV.GINI;2020;47.0;World Bank;;;;;INDEX
Chile;CHL;Gini index;SI.POV.GINI;2022;43.0;World Bank;;;;;INDEX
China;CHN;Gini index;SI.POV.GINI;1990;32.2;World Bank;;;;;INDEX
China;CHN;Gini index;SI.POV.GINI;1993;33.9;World Bank;;;;;INDEX
China;CHN;Gini index;SI.POV.GINI;1996;35.2;World Bank;;;;;INDEX
China;CHN;Gini index;SI.POV.GINI;1999;38.7;World Bank;;;;;INDEX
China;CHN;Gini index;SI.POV.GINI;2002;42.0;World Bank;;;;;INDEX
China;CHN;Gini index;SI.POV.GINI;2005;40.9;World Bank;;;;;INDEX
China;CHN;Gini index;SI.POV.GINI;2008;43.0;World Bank;;;;;INDEX
China;CHN;Gini index;SI.POV.GINI;2010;43.7;World Bank;;;;;INDEX
China;CHN;Gini index;SI.POV.GINI;2011;42.4;World Bank;;;;;INDEX
China;CHN;Gini index;SI.POV.GINI;2012;42.2;World Bank;;;;;INDEX
China;CHN;Gini index;SI.POV.GINI;2013;39.7;World Bank;;;;;INDEX
China;CHN;Gini index;SI.POV.GINI;2014;39.2;World Bank;;;;;INDEX
China;CHN;Gini index;SI.POV.GINI;2015;38.6;World Bank;;;;;INDEX
China;CHN;Gini index;SI.POV.GINI;2016;38.5;World Bank;;;;;INDEX
China;CHN;Gini index;SI.POV.GINI;2017;39.1;World Bank;;;;;INDEX
China;CHN;Gini index;SI.POV.GINI;2018;38.5;World Bank;;;;;INDEX
China;CHN;Gini index;SI.POV.GINI;2019;38.2;World Bank;;;;;INDEX
China;CHN;Gini index;SI.POV.GINI;2020;37.1;World Bank;;;;;INDEX
China;CHN;Gini index;SI.POV.GINI;2021;35.7;World Bank;;;;;INDEX
Colombia;COL;Gini index;SI.POV.GINI;1980;55.1;World Bank;;;;;INDEX
Colombia;COL;Gini index;SI.POV.GINI;1988;53.1;World Bank;;;;;INDEX
Colombia;COL;Gini index;SI.POV.GINI;1989;52.8;World Bank;;;;;INDEX
Colombia;COL;Gini index;SI.POV.GINI;1991;51.3;World Bank;;;;;INDEX
Colombia;COL;Gini index;SI.POV.GINI;1992;51.4;World Bank;;;;;INDEX
Colombia;COL;Gini index;SI.POV.GINI;1996;56.8;World Bank;;;;;INDEX
Colombia;COL;Gini index;SI.POV.GINI;1999;58.5;World Bank;;;;;INDEX
Colombia;COL;Gini index;SI.POV.GINI;2000;58.4;World Bank;;;;;INDEX
Colombia;COL;Gini index;SI.POV.GINI;2001;57.3;World Bank;;;;;INDEX
Colombia;COL;Gini index;SI.POV.GINI;2002;56.0;World Bank;;;;;INDEX
Colombia;COL;Gini index;SI.POV.GINI;2003;53.6;World Bank;;;;;INDEX
Colombia;COL;Gini index;SI.POV.GINI;2004;55.0;World Bank;;;;;INDEX
Colombia;COL;Gini index;SI.POV.GINI;2005;53.9;World Bank;;;;;INDEX
Colombia;COL;Gini index;SI.POV.GINI;2008;55.3;World Bank;;;;;INDEX
Colombia;COL;Gini index;SI.POV.GINI;2009;54.3;World Bank;;;;;INDEX
Colombia;COL;Gini index;SI.POV.GINI;2010;54.6;World Bank;;;;;INDEX
Colombia;COL;Gini index;SI.POV.GINI;2011;53.5;World Bank;;;;;INDEX
Colombia;COL;Gini index;SI.POV.GINI;2012;52.6;World Bank;;;;;INDEX
Colombia;COL;Gini index;SI.POV.GINI;2013;52.6;World Bank;;;;;INDEX
Colombia;COL;Gini index;SI.POV.GINI;2014;52.5;World Bank;;;;;INDEX
Colombia;COL;Gini index;SI.POV.GINI;2015;51.0;World Bank;;;;;INDEX
Colombia;COL;Gini index;SI.POV.GINI;2016;50.6;World Bank;;;;;INDEX
Colombia;COL;Gini index;SI.POV.GINI;2017;49.7;World Bank;;;;;INDEX
Colombia;COL;Gini index;SI.POV.GINI;2018;50.4;World Bank;;;;;INDEX
Colombia;COL;Gini index;SI.POV.GINI;2019;51.3;World Bank;;;;;INDEX
Colombia;COL;Gini index;SI.POV.GINI;2020;53.5;World Bank;;;;;INDEX
Colombia;COL;Gini index;SI.POV.GINI;2021;55.1;World Bank;;;;;INDEX
Colombia;COL;Gini index;SI.POV.GINI;2022;54.8;World Bank;;;;;INDEX
Comoros;COM;Gini index;SI.POV.GINI;2004;55.9;World Bank;;;;;INDEX
Comoros;COM;Gini index;SI.POV.GINI;2014;45.3;World Bank;;;;;INDEX
Congo, Dem. Rep.;COD;Gini index;SI.POV.GINI;2004;41.6;World Bank;;;;;INDEX
Congo, Dem. Rep.;COD;Gini index;SI.POV.GINI;2012;42.1;World Bank;;;;;INDEX
Congo, Dem. Rep.;COD;Gini index;SI.POV.GINI;2020;44.7;World Bank;;;;;INDEX
Congo, Rep.;COG;Gini index;SI.POV.GINI;2005;47.3;World Bank;;;;;INDEX
Congo, Rep.;COG;Gini index;SI.POV.GINI;2011;48.9;World Bank;;;;;INDEX
Costa Rica;CRI;Gini index;SI.POV.GINI;1981;47.5;World Bank;;;;;INDEX
Costa Rica;CRI;Gini index;SI.POV.GINI;1986;34.4;World Bank;;;;;INDEX
Costa Rica;CRI;Gini index;SI.POV.GINI;1989;45.5;World Bank;;;;;INDEX
Costa Rica;CRI;Gini index;SI.POV.GINI;1990;45.2;World Bank;;;;;INDEX
Costa Rica;CRI;Gini index;SI.POV.GINI;1991;46.6;World Bank;;;;;INDEX
Costa Rica;CRI;Gini index;SI.POV.GINI;1992;45.6;World Bank;;;;;INDEX
Costa Rica;CRI;Gini index;SI.POV.GINI;1993;45.9;World Bank;;;;;INDEX
Costa Rica;CRI;Gini index;SI.POV.GINI;1994;46.7;World Bank;;;;;INDEX
Costa Rica;CRI;Gini index;SI.POV.GINI;1995;45.7;World Bank;;;;;INDEX
Costa Rica;CRI;Gini index;SI.POV.GINI;1996;46.5;World Bank;;;;;INDEX
Costa Rica;CRI;Gini index;SI.POV.GINI;1997;45.6;World Bank;;;;;INDEX
Costa Rica;CRI;Gini index;SI.POV.GINI;1998;45.6;World Bank;;;;;INDEX
Costa Rica;CRI;Gini index;SI.POV.GINI;1999;47.6;World Bank;;;;;INDEX
Costa Rica;CRI;Gini index;SI.POV.GINI;2000;47.4;World Bank;;;;;INDEX
Costa Rica;CRI;Gini index;SI.POV.GINI;2001;51.5;World Bank;;;;;INDEX
Costa Rica;CRI;Gini index;SI.POV.GINI;2002;51.8;World Bank;;;;;INDEX
Costa Rica;CRI;Gini index;SI.POV.GINI;2003;49.3;World Bank;;;;;INDEX
Costa Rica;CRI;Gini index;SI.POV.GINI;2004;48.4;World Bank;;;;;INDEX
Costa Rica;CRI;Gini index;SI.POV.GINI;2005;47.5;World Bank;;;;;INDEX
Costa Rica;CRI;Gini index;SI.POV.GINI;2006;49.3;World Bank;;;;;INDEX
Costa Rica;CRI;Gini index;SI.POV.GINI;2007;49.3;World Bank;;;;;INDEX
Costa Rica;CRI;Gini index;SI.POV.GINI;2008;48.6;World Bank;;;;;INDEX
Costa Rica;CRI;Gini index;SI.POV.GINI;2009;50.6;World Bank;;;;;INDEX
Costa Rica;CRI;Gini index;SI.POV.GINI;2010;48.0;World Bank;;;;;INDEX
Costa Rica;CRI;Gini index;SI.POV.GINI;2011;48.8;World Bank;;;;;INDEX
Costa Rica;CRI;Gini index;SI.POV.GINI;2012;48.4;World Bank;;;;;INDEX
Costa Rica;CRI;Gini index;SI.POV.GINI;2013;49.2;World Bank;;;;;INDEX
Costa Rica;CRI;Gini index;SI.POV.GINI;2014;48.6;World Bank;;;;;INDEX
Costa Rica;CRI;Gini index;SI.POV.GINI;2015;48.4;World Bank;;;;;INDEX
Costa Rica;CRI;Gini index;SI.POV.GINI;2016;48.7;World Bank;;;;;INDEX
Costa Rica;CRI;Gini index;SI.POV.GINI;2017;48.3;World Bank;;;;;INDEX
Costa Rica;CRI;Gini index;SI.POV.GINI;2018;48.0;World Bank;;;;;INDEX
Costa Rica;CRI;Gini index;SI.POV.GINI;2019;48.2;World Bank;;;;;INDEX
Costa Rica;CRI;Gini index;SI.POV.GINI;2020;49.2;World Bank;;;;;INDEX
Costa Rica;CRI;Gini index;SI.POV.GINI;2021;48.7;World Bank;;;;;INDEX
Costa Rica;CRI;Gini index;SI.POV.GINI;2022;47.2;World Bank;;;;;INDEX
Costa Rica;CRI;Gini index;SI.POV.GINI;2023;46.7;World Bank;;;;;INDEX
Cote d'Ivoire;CIV;Gini index;SI.POV.GINI;1985;45.5;World Bank;;;;;INDEX
Cote d'Ivoire;CIV;Gini index;SI.POV.GINI;1986;38.0;World Bank;;;;;INDEX
Cote d'Ivoire;CIV;Gini index;SI.POV.GINI;1987;40.5;World Bank;;;;;INDEX
Cote d'Ivoire;CIV;Gini index;SI.POV.GINI;1988;36.9;World Bank;;;;;INDEX
Cote d'Ivoire;CIV;Gini index;SI.POV.GINI;1992;39.4;World Bank;;;;;INDEX
Cote d'Ivoire;CIV;Gini index;SI.POV.GINI;1995;40.6;World Bank;;;;;INDEX
Cote d'Ivoire;CIV;Gini index;SI.POV.GINI;1998;39.0;World Bank;;;;;INDEX
Cote d'Ivoire;CIV;Gini index;SI.POV.GINI;2002;41.3;World Bank;;;;;INDEX
Cote d'Ivoire;CIV;Gini index;SI.POV.GINI;2008;43.2;World Bank;;;;;INDEX
Cote d'Ivoire;CIV;Gini index;SI.POV.GINI;2015;41.5;World Bank;;;;;INDEX
Cote d'Ivoire;CIV;Gini index;SI.POV.GINI;2018;37.2;World Bank;;;;;INDEX
Cote d'Ivoire;CIV;Gini index;SI.POV.GINI;2021;35.3;World Bank;;;;;INDEX
Croatia;HRV;Gini index;SI.POV.GINI;2009;32.6;World Bank;;;;;INDEX
Croatia;HRV;Gini index;SI.POV.GINI;2010;32.4;World Bank;;;;;INDEX
Croatia;HRV;Gini index;SI.POV.GINI;2011;32.3;World Bank;;;;;INDEX
Croatia;HRV;Gini index;SI.POV.GINI;2012;32.5;World Bank;;;;;INDEX
Croatia;HRV;Gini index;SI.POV.GINI;2013;32.0;World Bank;;;;;INDEX
Croatia;HRV;Gini index;SI.POV.GINI;2014;32.1;World Bank;;;;;INDEX
Croatia;HRV;Gini index;SI.POV.GINI;2015;31.1;World Bank;;;;;INDEX
Croatia;HRV;Gini index;SI.POV.GINI;2016;30.9;World Bank;;;;;INDEX
Croatia;HRV;Gini index;SI.POV.GINI;2017;30.4;World Bank;;;;;INDEX
Croatia;HRV;Gini index;SI.POV.GINI;2018;29.7;World Bank;;;;;INDEX
Croatia;HRV;Gini index;SI.POV.GINI;2019;28.9;World Bank;;;;;INDEX
Croatia;HRV;Gini index;SI.POV.GINI;2020;29.5;World Bank;;;;;INDEX
Croatia;HRV;Gini index;SI.POV.GINI;2021;28.9;World Bank;;;;;INDEX
Cyprus;CYP;Gini index;SI.POV.GINI;2004;30.1;World Bank;;;;;INDEX
Cyprus;CYP;Gini index;SI.POV.GINI;2005;30.3;World Bank;;;;;INDEX
Cyprus;CYP;Gini index;SI.POV.GINI;2006;31.1;World Bank;;;;;INDEX
Cyprus;CYP;Gini index;SI.POV.GINI;2007;31.1;World Bank;;;;;INDEX
Cyprus;CYP;Gini index;SI.POV.GINI;2008;31.7;World Bank;;;;;INDEX
Cyprus;CYP;Gini index;SI.POV.GINI;2009;32.1;World Bank;;;;;INDEX
Cyprus;CYP;Gini index;SI.POV.GINI;2010;31.5;World Bank;;;;;INDEX
Cyprus;CYP;Gini index;SI.POV.GINI;2011;32.6;World Bank;;;;;INDEX
Cyprus;CYP;Gini index;SI.POV.GINI;2012;34.3;World Bank;;;;;INDEX
Cyprus;CYP;Gini index;SI.POV.GINI;2013;37.0;World Bank;;;;;INDEX
Cyprus;CYP;Gini index;SI.POV.GINI;2014;35.6;World Bank;;;;;INDEX
Cyprus;CYP;Gini index;SI.POV.GINI;2015;34.0;World Bank;;;;;INDEX
Cyprus;CYP;Gini index;SI.POV.GINI;2016;32.9;World Bank;;;;;INDEX
Cyprus;CYP;Gini index;SI.POV.GINI;2017;31.4;World Bank;;;;;INDEX
Cyprus;CYP;Gini index;SI.POV.GINI;2018;32.7;World Bank;;;;;INDEX
Cyprus;CYP;Gini index;SI.POV.GINI;2019;31.2;World Bank;;;;;INDEX
Cyprus;CYP;Gini index;SI.POV.GINI;2020;31.7;World Bank;;;;;INDEX
Cyprus;CYP;Gini index;SI.POV.GINI;2021;31.3;World Bank;;;;;INDEX
Czechia;CZE;Gini index;SI.POV.GINI;1992;20.7;World Bank;;;;;INDEX
Czechia;CZE;Gini index;SI.POV.GINI;1993;26.6;World Bank;;;;;INDEX
Czechia;CZE;Gini index;SI.POV.GINI;1996;25.8;World Bank;;;;;INDEX
Czechia;CZE;Gini index;SI.POV.GINI;2002;26.6;World Bank;;;;;INDEX
Czechia;CZE;Gini index;SI.POV.GINI;2004;27.5;World Bank;;;;;INDEX
Czechia;CZE;Gini index;SI.POV.GINI;2005;26.9;World Bank;;;;;INDEX
Czechia;CZE;Gini index;SI.POV.GINI;2006;26.7;World Bank;;;;;INDEX
Czechia;CZE;Gini index;SI.POV.GINI;2007;26.0;World Bank;;;;;INDEX
Czechia;CZE;Gini index;SI.POV.GINI;2008;26.3;World Bank;;;;;INDEX
Czechia;CZE;Gini index;SI.POV.GINI;2009;26.2;World Bank;;;;;INDEX
Czechia;CZE;Gini index;SI.POV.GINI;2010;26.6;World Bank;;;;;INDEX
Czechia;CZE;Gini index;SI.POV.GINI;2011;26.4;World Bank;;;;;INDEX
Czechia;CZE;Gini index;SI.POV.GINI;2012;26.1;World Bank;;;;;INDEX
Czechia;CZE;Gini index;SI.POV.GINI;2013;26.5;World Bank;;;;;INDEX
Czechia;CZE;Gini index;SI.POV.GINI;2014;25.9;World Bank;;;;;INDEX
Czechia;CZE;Gini index;SI.POV.GINI;2015;25.9;World Bank;;;;;INDEX
Czechia;CZE;Gini index;SI.POV.GINI;2016;25.4;World Bank;;;;;INDEX
Czechia;CZE;Gini index;SI.POV.GINI;2017;24.9;World Bank;;;;;INDEX
Czechia;CZE;Gini index;SI.POV.GINI;2018;25.0;World Bank;;;;;INDEX
Czechia;CZE;Gini index;SI.POV.GINI;2019;25.3;World Bank;;;;;INDEX
Czechia;CZE;Gini index;SI.POV.GINI;2020;26.2;World Bank;;;;;INDEX
Czechia;CZE;Gini index;SI.POV.GINI;2021;26.2;World Bank;;;;;INDEX
Denmark;DNK;Gini index;SI.POV.GINI;1987;26.2;World Bank;;;;;INDEX
Denmark;DNK;Gini index;SI.POV.GINI;1992;24.7;World Bank;;;;;INDEX
Denmark;DNK;Gini index;SI.POV.GINI;1995;23.0;World Bank;;;;;INDEX
Denmark;DNK;Gini index;SI.POV.GINI;2000;23.8;World Bank;;;;;INDEX
Denmark;DNK;Gini index;SI.POV.GINI;2003;25.6;World Bank;;;;;INDEX
Denmark;DNK;Gini index;SI.POV.GINI;2004;24.9;World Bank;;;;;INDEX
Denmark;DNK;Gini index;SI.POV.GINI;2005;25.2;World Bank;;;;;INDEX
Denmark;DNK;Gini index;SI.POV.GINI;2006;25.9;World Bank;;;;;INDEX
Denmark;DNK;Gini index;SI.POV.GINI;2007;26.2;World Bank;;;;;INDEX
Denmark;DNK;Gini index;SI.POV.GINI;2008;25.2;World Bank;;;;;INDEX
Denmark;DNK;Gini index;SI.POV.GINI;2009;26.7;World Bank;;;;;INDEX
Denmark;DNK;Gini index;SI.POV.GINI;2010;27.2;World Bank;;;;;INDEX
Denmark;DNK;Gini index;SI.POV.GINI;2011;27.3;World Bank;;;;;INDEX
Denmark;DNK;Gini index;SI.POV.GINI;2012;27.8;World Bank;;;;;INDEX
Denmark;DNK;Gini index;SI.POV.GINI;2013;28.5;World Bank;;;;;INDEX
Denmark;DNK;Gini index;SI.POV.GINI;2014;28.4;World Bank;;;;;INDEX
Denmark;DNK;Gini index;SI.POV.GINI;2015;28.2;World Bank;;;;;INDEX
Denmark;DNK;Gini index;SI.POV.GINI;2016;28.2;World Bank;;;;;INDEX
Denmark;DNK;Gini index;SI.POV.GINI;2017;28.7;World Bank;;;;;INDEX
Denmark;DNK;Gini index;SI.POV.GINI;2018;28.2;World Bank;;;;;INDEX
Denmark;DNK;Gini index;SI.POV.GINI;2019;27.7;World Bank;;;;;INDEX
Denmark;DNK;Gini index;SI.POV.GINI;2020;27.5;World Bank;;;;;INDEX
Denmark;DNK;Gini index;SI.POV.GINI;2021;28.3;World Bank;;;;;INDEX
Djibouti;DJI;Gini index;SI.POV.GINI;2002;40.0;World Bank;;;;;INDEX
Djibouti;DJI;Gini index;SI.POV.GINI;2012;45.1;World Bank;;;;;INDEX
Djibouti;DJI;Gini index;SI.POV.GINI;2013;44.1;World Bank;;;;;INDEX
Djibouti;DJI;Gini index;SI.POV.GINI;2017;41.6;World Bank;;;;;INDEX
Dominican Republic;DOM;Gini index;SI.POV.GINI;1986;47.8;World Bank;;;;;INDEX
Dominican Republic;DOM;Gini index;SI.POV.GINI;1989;50.4;World Bank;;;;;INDEX
Dominican Republic;DOM;Gini index;SI.POV.GINI;1992;51.1;World Bank;;;;;INDEX
Dominican Republic;DOM;Gini index;SI.POV.GINI;1996;47.4;World Bank;;;;;INDEX
Dominican Republic;DOM;Gini index;SI.POV.GINI;1997;48.9;World Bank;;;;;INDEX
Dominican Republic;DOM;Gini index;SI.POV.GINI;2000;51.5;World Bank;;;;;INDEX
Dominican Republic;DOM;Gini index;SI.POV.GINI;2001;50.0;World Bank;;;;;INDEX
Dominican Republic;DOM;Gini index;SI.POV.GINI;2002;49.7;World Bank;;;;;INDEX
Dominican Republic;DOM;Gini index;SI.POV.GINI;2003;52.1;World Bank;;;;;INDEX
Dominican Republic;DOM;Gini index;SI.POV.GINI;2004;52.0;World Bank;;;;;INDEX
Dominican Republic;DOM;Gini index;SI.POV.GINI;2005;50.0;World Bank;;;;;INDEX
Dominican Republic;DOM;Gini index;SI.POV.GINI;2006;52.0;World Bank;;;;;INDEX
Dominican Republic;DOM;Gini index;SI.POV.GINI;2007;48.9;World Bank;;;;;INDEX
Dominican Republic;DOM;Gini index;SI.POV.GINI;2008;48.1;World Bank;;;;;INDEX
Dominican Republic;DOM;Gini index;SI.POV.GINI;2009;48.9;World Bank;;;;;INDEX
Dominican Republic;DOM;Gini index;SI.POV.GINI;2010;47.3;World Bank;;;;;INDEX
Dominican Republic;DOM;Gini index;SI.POV.GINI;2011;47.7;World Bank;;;;;INDEX
Dominican Republic;DOM;Gini index;SI.POV.GINI;2012;46.1;World Bank;;;;;INDEX
Dominican Republic;DOM;Gini index;SI.POV.GINI;2013;47.7;World Bank;;;;;INDEX
Dominican Republic;DOM;Gini index;SI.POV.GINI;2014;44.3;World Bank;;;;;INDEX
Dominican Republic;DOM;Gini index;SI.POV.GINI;2015;45.2;World Bank;;;;;INDEX
Dominican Republic;DOM;Gini index;SI.POV.GINI;2016;45.7;World Bank;;;;;INDEX
Dominican Republic;DOM;Gini index;SI.POV.GINI;2017;42.2;World Bank;;;;;INDEX
Dominican Republic;DOM;Gini index;SI.POV.GINI;2018;43.7;World Bank;;;;;INDEX
Dominican Republic;DOM;Gini index;SI.POV.GINI;2019;41.9;World Bank;;;;;INDEX
Dominican Republic;DOM;Gini index;SI.POV.GINI;2020;39.6;World Bank;;;;;INDEX
Dominican Republic;DOM;Gini index;SI.POV.GINI;2021;38.5;World Bank;;;;;INDEX
Dominican Republic;DOM;Gini index;SI.POV.GINI;2022;37.0;World Bank;;;;;INDEX
Ecuador;ECU;Gini index;SI.POV.GINI;1987;50.5;World Bank;;;;;INDEX
Ecuador;ECU;Gini index;SI.POV.GINI;1994;53.3;World Bank;;;;;INDEX
Ecuador;ECU;Gini index;SI.POV.GINI;1995;50.8;World Bank;;;;;INDEX
Ecuador;ECU;Gini index;SI.POV.GINI;1998;49.6;World Bank;;;;;INDEX
Ecuador;ECU;Gini index;SI.POV.GINI;1999;58.6;World Bank;;;;;INDEX
Ecuador;ECU;Gini index;SI.POV.GINI;2000;56.3;World Bank;;;;;INDEX
Ecuador;ECU;Gini index;SI.POV.GINI;2003;53.5;World Bank;;;;;INDEX
Ecuador;ECU;Gini index;SI.POV.GINI;2004;53.9;World Bank;;;;;INDEX
Ecuador;ECU;Gini index;SI.POV.GINI;2005;53.0;World Bank;;;;;INDEX
Ecuador;ECU;Gini index;SI.POV.GINI;2006;52.2;World Bank;;;;;INDEX
Ecuador;ECU;Gini index;SI.POV.GINI;2007;53.4;World Bank;;;;;INDEX
Ecuador;ECU;Gini index;SI.POV.GINI;2008;49.8;World Bank;;;;;INDEX
Ecuador;ECU;Gini index;SI.POV.GINI;2009;48.5;World Bank;;;;;INDEX
Ecuador;ECU;Gini index;SI.POV.GINI;2010;48.8;World Bank;;;;;INDEX
Ecuador;ECU;Gini index;SI.POV.GINI;2011;45.9;World Bank;;;;;INDEX
Ecuador;ECU;Gini index;SI.POV.GINI;2012;46.1;World Bank;;;;;INDEX
Ecuador;ECU;Gini index;SI.POV.GINI;2013;46.9;World Bank;;;;;INDEX
Ecuador;ECU;Gini index;SI.POV.GINI;2014;45.0;World Bank;;;;;INDEX
Ecuador;ECU;Gini index;SI.POV.GINI;2015;46.0;World Bank;;;;;INDEX
Ecuador;ECU;Gini index;SI.POV.GINI;2016;45.0;World Bank;;;;;INDEX
Ecuador;ECU;Gini index;SI.POV.GINI;2017;44.7;World Bank;;;;;INDEX
Ecuador;ECU;Gini index;SI.POV.GINI;2018;45.4;World Bank;;;;;INDEX
Ecuador;ECU;Gini index;SI.POV.GINI;2019;45.7;World Bank;;;;;INDEX
Ecuador;ECU;Gini index;SI.POV.GINI;2020;47.3;World Bank;;;;;INDEX
Ecuador;ECU;Gini index;SI.POV.GINI;2021;45.8;World Bank;;;;;INDEX
Ecuador;ECU;Gini index;SI.POV.GINI;2022;45.5;World Bank;;;;;INDEX
Ecuador;ECU;Gini index;SI.POV.GINI;2023;44.6;World Bank;;;;;INDEX
Egypt, Arab Rep.;EGY;Gini index;SI.POV.GINI;1990;32.0;World Bank;;;;;INDEX
Egypt, Arab Rep.;EGY;Gini index;SI.POV.GINI;1995;30.1;World Bank;;;;;INDEX
Egypt, Arab Rep.;EGY;Gini index;SI.POV.GINI;1999;30.8;World Bank;;;;;INDEX
Egypt, Arab Rep.;EGY;Gini index;SI.POV.GINI;2004;31.8;World Bank;;;;;INDEX
Egypt, Arab Rep.;EGY;Gini index;SI.POV.GINI;2008;31.1;World Bank;;;;;INDEX
Egypt, Arab Rep.;EGY;Gini index;SI.POV.GINI;2010;30.2;World Bank;;;;;INDEX
Egypt, Arab Rep.;EGY;Gini index;SI.POV.GINI;2012;28.3;World Bank;;;;;INDEX
Egypt, Arab Rep.;EGY;Gini index;SI.POV.GINI;2015;31.8;World Bank;;;;;INDEX
Egypt, Arab Rep.;EGY;Gini index;SI.POV.GINI;2017;31.5;World Bank;;;;;INDEX
Egypt, Arab Rep.;EGY;Gini index;SI.POV.GINI;2019;31.9;World Bank;;;;;INDEX
El Salvador;SLV;Gini index;SI.POV.GINI;1989;48.7;World Bank;;;;;INDEX
El Salvador;SLV;Gini index;SI.POV.GINI;1991;53.8;World Bank;;;;;INDEX
El Salvador;SLV;Gini index;SI.POV.GINI;1995;49.8;World Bank;;;;;INDEX
El Salvador;SLV;Gini index;SI.POV.GINI;1996;51.0;World Bank;;;;;INDEX
El Salvador;SLV;Gini index;SI.POV.GINI;1998;54.4;World Bank;;;;;INDEX
El Salvador;SLV;Gini index;SI.POV.GINI;1999;52.1;World Bank;;;;;INDEX
El Salvador;SLV;Gini index;SI.POV.GINI;2000;51.5;World Bank;;;;;INDEX
El Salvador;SLV;Gini index;SI.POV.GINI;2001;51.3;World Bank;;;;;INDEX
El Salvador;SLV;Gini index;SI.POV.GINI;2002;51.9;World Bank;;;;;INDEX
El Salvador;SLV;Gini index;SI.POV.GINI;2003;50.4;World Bank;;;;;INDEX
El Salvador;SLV;Gini index;SI.POV.GINI;2004;47.8;World Bank;;;;;INDEX
El Salvador;SLV;Gini index;SI.POV.GINI;2005;48.5;World Bank;;;;;INDEX
El Salvador;SLV;Gini index;SI.POV.GINI;2006;45.7;World Bank;;;;;INDEX
El Salvador;SLV;Gini index;SI.POV.GINI;2007;45.2;World Bank;;;;;INDEX
El Salvador;SLV;Gini index;SI.POV.GINI;2008;46.9;World Bank;;;;;INDEX
El Salvador;SLV;Gini index;SI.POV.GINI;2009;45.8;World Bank;;;;;INDEX
El Salvador;SLV;Gini index;SI.POV.GINI;2010;43.5;World Bank;;;;;INDEX
El Salvador;SLV;Gini index;SI.POV.GINI;2011;42.3;World Bank;;;;;INDEX
El Salvador;SLV;Gini index;SI.POV.GINI;2012;41.8;World Bank;;;;;INDEX
El Salvador;SLV;Gini index;SI.POV.GINI;2013;43.4;World Bank;;;;;INDEX
El Salvador;SLV;Gini index;SI.POV.GINI;2014;41.6;World Bank;;;;;INDEX
El Salvador;SLV;Gini index;SI.POV.GINI;2015;40.6;World Bank;;;;;INDEX
El Salvador;SLV;Gini index;SI.POV.GINI;2016;40.0;World Bank;;;;;INDEX
El Salvador;SLV;Gini index;SI.POV.GINI;2017;38.0;World Bank;;;;;INDEX
El Salvador;SLV;Gini index;SI.POV.GINI;2018;38.6;World Bank;;;;;INDEX
El Salvador;SLV;Gini index;SI.POV.GINI;2019;38.8;World Bank;;;;;INDEX
El Salvador;SLV;Gini index;SI.POV.GINI;2021;39.0;World Bank;;;;;INDEX
El Salvador;SLV;Gini index;SI.POV.GINI;2022;38.8;World Bank;;;;;INDEX
Estonia;EST;Gini index;SI.POV.GINI;2003;37.2;World Bank;;;;;INDEX
Estonia;EST;Gini index;SI.POV.GINI;2004;33.6;World Bank;;;;;INDEX
Estonia;EST;Gini index;SI.POV.GINI;2005;33.4;World Bank;;;;;INDEX
Estonia;EST;Gini index;SI.POV.GINI;2006;33.7;World Bank;;;;;INDEX
Estonia;EST;Gini index;SI.POV.GINI;2007;31.2;World Bank;;;;;INDEX
Estonia;EST;Gini index;SI.POV.GINI;2008;31.9;World Bank;;;;;INDEX
Estonia;EST;Gini index;SI.POV.GINI;2009;31.4;World Bank;;;;;INDEX
Estonia;EST;Gini index;SI.POV.GINI;2010;32.0;World Bank;;;;;INDEX
Estonia;EST;Gini index;SI.POV.GINI;2011;32.5;World Bank;;;;;INDEX
Estonia;EST;Gini index;SI.POV.GINI;2012;32.9;World Bank;;;;;INDEX
Estonia;EST;Gini index;SI.POV.GINI;2013;35.1;World Bank;;;;;INDEX
Estonia;EST;Gini index;SI.POV.GINI;2014;34.6;World Bank;;;;;INDEX
Estonia;EST;Gini index;SI.POV.GINI;2015;32.7;World Bank;;;;;INDEX
Estonia;EST;Gini index;SI.POV.GINI;2016;31.2;World Bank;;;;;INDEX
Estonia;EST;Gini index;SI.POV.GINI;2017;30.4;World Bank;;;;;INDEX
Estonia;EST;Gini index;SI.POV.GINI;2018;30.3;World Bank;;;;;INDEX
Estonia;EST;Gini index;SI.POV.GINI;2019;30.8;World Bank;;;;;INDEX
Estonia;EST;Gini index;SI.POV.GINI;2020;30.7;World Bank;;;;;INDEX
Estonia;EST;Gini index;SI.POV.GINI;2021;31.8;World Bank;;;;;INDEX
Eswatini;SWZ;Gini index;SI.POV.GINI;1994;58.6;World Bank;;;;;INDEX
Eswatini;SWZ;Gini index;SI.POV.GINI;2000;53.1;World Bank;;;;;INDEX
Eswatini;SWZ;Gini index;SI.POV.GINI;2009;51.4;World Bank;;;;;INDEX
Eswatini;SWZ;Gini index;SI.POV.GINI;2016;54.6;World Bank;;;;;INDEX
Ethiopia;ETH;Gini index;SI.POV.GINI;1995;44.6;World Bank;;;;;INDEX
Ethiopia;ETH;Gini index;SI.POV.GINI;1999;30.0;World Bank;;;;;INDEX
Ethiopia;ETH;Gini index;SI.POV.GINI;2004;29.8;World Bank;;;;;INDEX
Ethiopia;ETH;Gini index;SI.POV.GINI;2010;33.2;World Bank;;;;;INDEX
Ethiopia;ETH;Gini index;SI.POV.GINI;2015;35.0;World Bank;;;;;INDEX
Fiji;FJI;Gini index;SI.POV.GINI;2002;38.1;World Bank;;;;;INDEX
Fiji;FJI;Gini index;SI.POV.GINI;2008;40.4;World Bank;;;;;INDEX
Fiji;FJI;Gini index;SI.POV.GINI;2013;36.7;World Bank;;;;;INDEX
Fiji;FJI;Gini index;SI.POV.GINI;2019;30.7;World Bank;;;;;INDEX
Finland;FIN;Gini index;SI.POV.GINI;1987;22.2;World Bank;;;;;INDEX
Finland;FIN;Gini index;SI.POV.GINI;1991;22.9;World Bank;;;;;INDEX
Finland;FIN;Gini index;SI.POV.GINI;1995;23.5;World Bank;;;;;INDEX
Finland;FIN;Gini index;SI.POV.GINI;2000;27.2;World Bank;;;;;INDEX
Finland;FIN;Gini index;SI.POV.GINI;2003;27.7;World Bank;;;;;INDEX
Finland;FIN;Gini index;SI.POV.GINI;2004;27.9;World Bank;;;;;INDEX
Finland;FIN;Gini index;SI.POV.GINI;2005;27.6;World Bank;;;;;INDEX
Finland;FIN;Gini index;SI.POV.GINI;2006;28.0;World Bank;;;;;INDEX
Finland;FIN;Gini index;SI.POV.GINI;2007;28.3;World Bank;;;;;INDEX
Finland;FIN;Gini index;SI.POV.GINI;2008;27.8;World Bank;;;;;INDEX
Finland;FIN;Gini index;SI.POV.GINI;2009;27.5;World Bank;;;;;INDEX
Finland;FIN;Gini index;SI.POV.GINI;2010;27.7;World Bank;;;;;INDEX
Finland;FIN;Gini index;SI.POV.GINI;2011;27.6;World Bank;;;;;INDEX
Finland;FIN;Gini index;SI.POV.GINI;2012;27.1;World Bank;;;;;INDEX
Finland;FIN;Gini index;SI.POV.GINI;2013;27.2;World Bank;;;;;INDEX
Finland;FIN;Gini index;SI.POV.GINI;2014;26.8;World Bank;;;;;INDEX
Finland;FIN;Gini index;SI.POV.GINI;2015;27.1;World Bank;;;;;INDEX
Finland;FIN;Gini index;SI.POV.GINI;2016;27.1;World Bank;;;;;INDEX
Finland;FIN;Gini index;SI.POV.GINI;2017;27.4;World Bank;;;;;INDEX
Finland;FIN;Gini index;SI.POV.GINI;2018;27.3;World Bank;;;;;INDEX
Finland;FIN;Gini index;SI.POV.GINI;2019;27.7;World Bank;;;;;INDEX
Finland;FIN;Gini index;SI.POV.GINI;2020;27.1;World Bank;;;;;INDEX
Finland;FIN;Gini index;SI.POV.GINI;2021;27.7;World Bank;;;;;INDEX
France;FRA;Gini index;SI.POV.GINI;1970;37.1;World Bank;;;;;INDEX
France;FRA;Gini index;SI.POV.GINI;1975;35.9;World Bank;;;;;INDEX
France;FRA;Gini index;SI.POV.GINI;1979;34.0;World Bank;;;;;INDEX
France;FRA;Gini index;SI.POV.GINI;1984;33.4;World Bank;;;;;INDEX
France;FRA;Gini index;SI.POV.GINI;1990;32.1;World Bank;;;;;INDEX
France;FRA;Gini index;SI.POV.GINI;1996;32.0;World Bank;;;;;INDEX
France;FRA;Gini index;SI.POV.GINI;1997;31.9;World Bank;;;;;INDEX
France;FRA;Gini index;SI.POV.GINI;1998;31.7;World Bank;;;;;INDEX
France;FRA;Gini index;SI.POV.GINI;1999;32.5;World Bank;;;;;INDEX
France;FRA;Gini index;SI.POV.GINI;2000;32.6;World Bank;;;;;INDEX
France;FRA;Gini index;SI.POV.GINI;2001;32.5;World Bank;;;;;INDEX
France;FRA;Gini index;SI.POV.GINI;2002;31.8;World Bank;;;;;INDEX
France;FRA;Gini index;SI.POV.GINI;2003;31.4;World Bank;;;;;INDEX
France;FRA;Gini index;SI.POV.GINI;2004;30.6;World Bank;;;;;INDEX
France;FRA;Gini index;SI.POV.GINI;2005;29.8;World Bank;;;;;INDEX
France;FRA;Gini index;SI.POV.GINI;2006;29.7;World Bank;;;;;INDEX
France;FRA;Gini index;SI.POV.GINI;2007;32.4;World Bank;;;;;INDEX
France;FRA;Gini index;SI.POV.GINI;2008;33.0;World Bank;;;;;INDEX
France;FRA;Gini index;SI.POV.GINI;2009;32.7;World Bank;;;;;INDEX
France;FRA;Gini index;SI.POV.GINI;2010;33.7;World Bank;;;;;INDEX
France;FRA;Gini index;SI.POV.GINI;2011;33.3;World Bank;;;;;INDEX
France;FRA;Gini index;SI.POV.GINI;2012;33.1;World Bank;;;;;INDEX
France;FRA;Gini index;SI.POV.GINI;2013;32.5;World Bank;;;;;INDEX
France;FRA;Gini index;SI.POV.GINI;2014;32.3;World Bank;;;;;INDEX
France;FRA;Gini index;SI.POV.GINI;2015;32.7;World Bank;;;;;INDEX
France;FRA;Gini index;SI.POV.GINI;2016;31.9;World Bank;;;;;INDEX
France;FRA;Gini index;SI.POV.GINI;2017;31.6;World Bank;;;;;INDEX
France;FRA;Gini index;SI.POV.GINI;2018;32.4;World Bank;;;;;INDEX
France;FRA;Gini index;SI.POV.GINI;2019;31.2;World Bank;;;;;INDEX
France;FRA;Gini index;SI.POV.GINI;2020;30.7;World Bank;;;;;INDEX
France;FRA;Gini index;SI.POV.GINI;2021;31.5;World Bank;;;;;INDEX
Gabon;GAB;Gini index;SI.POV.GINI;2005;42.2;World Bank;;;;;INDEX
Gabon;GAB;Gini index;SI.POV.GINI;2017;38.0;World Bank;;;;;INDEX
Gambia, The;GMB;Gini index;SI.POV.GINI;1998;48.3;World Bank;;;;;INDEX
Gambia, The;GMB;Gini index;SI.POV.GINI;2003;47.3;World Bank;;;;;INDEX
Gambia, The;GMB;Gini index;SI.POV.GINI;2010;43.6;World Bank;;;;;INDEX
Gambia, The;GMB;Gini index;SI.POV.GINI;2015;35.9;World Bank;;;;;INDEX
Gambia, The;GMB;Gini index;SI.POV.GINI;2020;38.8;World Bank;;;;;INDEX
Georgia;GEO;Gini index;SI.POV.GINI;1996;37.1;World Bank;;;;;INDEX
Georgia;GEO;Gini index;SI.POV.GINI;1997;40.7;World Bank;;;;;INDEX
Georgia;GEO;Gini index;SI.POV.GINI;1998;41.2;World Bank;;;;;INDEX
Georgia;GEO;Gini index;SI.POV.GINI;1999;40.1;World Bank;;;;;INDEX
Georgia;GEO;Gini index;SI.POV.GINI;2000;40.5;World Bank;;;;;INDEX
Georgia;GEO;Gini index;SI.POV.GINI;2001;39.6;World Bank;;;;;INDEX
Georgia;GEO;Gini index;SI.POV.GINI;2002;37.2;World Bank;;;;;INDEX
Georgia;GEO;Gini index;SI.POV.GINI;2003;36.7;World Bank;;;;;INDEX
Georgia;GEO;Gini index;SI.POV.GINI;2004;36.2;World Bank;;;;;INDEX
Georgia;GEO;Gini index;SI.POV.GINI;2005;37.4;World Bank;;;;;INDEX
Georgia;GEO;Gini index;SI.POV.GINI;2006;36.9;World Bank;;;;;INDEX
Georgia;GEO;Gini index;SI.POV.GINI;2007;38.1;World Bank;;;;;INDEX
Georgia;GEO;Gini index;SI.POV.GINI;2008;38.5;World Bank;;;;;INDEX
Georgia;GEO;Gini index;SI.POV.GINI;2009;38.2;World Bank;;;;;INDEX
Georgia;GEO;Gini index;SI.POV.GINI;2010;39.5;World Bank;;;;;INDEX
Georgia;GEO;Gini index;SI.POV.GINI;2011;39.6;World Bank;;;;;INDEX
Georgia;GEO;Gini index;SI.POV.GINI;2012;39.0;World Bank;;;;;INDEX
Georgia;GEO;Gini index;SI.POV.GINI;2013;38.6;World Bank;;;;;INDEX
Georgia;GEO;Gini index;SI.POV.GINI;2014;37.6;World Bank;;;;;INDEX
Georgia;GEO;Gini index;SI.POV.GINI;2015;36.5;World Bank;;;;;INDEX
Georgia;GEO;Gini index;SI.POV.GINI;2016;36.6;World Bank;;;;;INDEX
Georgia;GEO;Gini index;SI.POV.GINI;2017;37.9;World Bank;;;;;INDEX
Georgia;GEO;Gini index;SI.POV.GINI;2018;36.4;World Bank;;;;;INDEX
Georgia;GEO;Gini index;SI.POV.GINI;2019;35.9;World Bank;;;;;INDEX
Georgia;GEO;Gini index;SI.POV.GINI;2020;34.5;World Bank;;;;;INDEX
Georgia;GEO;Gini index;SI.POV.GINI;2021;34.2;World Bank;;;;;INDEX
Georgia;GEO;Gini index;SI.POV.GINI;2022;33.5;World Bank;;;;;INDEX
Germany;DEU;Gini index;SI.POV.GINI;1991;29.5;World Bank;;;;;INDEX
Germany;DEU;Gini index;SI.POV.GINI;1992;29.1;World Bank;;;;;INDEX
Germany;DEU;Gini index;SI.POV.GINI;1993;28.6;World Bank;;;;;INDEX
Germany;DEU;Gini index;SI.POV.GINI;1994;29.2;World Bank;;;;;INDEX
Germany;DEU;Gini index;SI.POV.GINI;1995;28.8;World Bank;;;;;INDEX
Germany;DEU;Gini index;SI.POV.GINI;1996;28.0;World Bank;;;;;INDEX
Germany;DEU;Gini index;SI.POV.GINI;1997;28.2;World Bank;;;;;INDEX
Germany;DEU;Gini index;SI.POV.GINI;1998;28.3;World Bank;;;;;INDEX
Germany;DEU;Gini index;SI.POV.GINI;1999;29.0;World Bank;;;;;INDEX
Germany;DEU;Gini index;SI.POV.GINI;2000;28.9;World Bank;;;;;INDEX
Germany;DEU;Gini index;SI.POV.GINI;2001;29.9;World Bank;;;;;INDEX
Germany;DEU;Gini index;SI.POV.GINI;2002;29.8;World Bank;;;;;INDEX
Germany;DEU;Gini index;SI.POV.GINI;2003;29.8;World Bank;;;;;INDEX
Germany;DEU;Gini index;SI.POV.GINI;2004;30.2;World Bank;;;;;INDEX
Germany;DEU;Gini index;SI.POV.GINI;2005;31.7;World Bank;;;;;INDEX
Germany;DEU;Gini index;SI.POV.GINI;2006;31.0;World Bank;;;;;INDEX
Germany;DEU;Gini index;SI.POV.GINI;2007;31.2;World Bank;;;;;INDEX
Germany;DEU;Gini index;SI.POV.GINI;2008;30.8;World Bank;;;;;INDEX
Germany;DEU;Gini index;SI.POV.GINI;2009;30.5;World Bank;;;;;INDEX
Germany;DEU;Gini index;SI.POV.GINI;2010;30.2;World Bank;;;;;INDEX
Germany;DEU;Gini index;SI.POV.GINI;2011;30.6;World Bank;;;;;INDEX
Germany;DEU;Gini index;SI.POV.GINI;2012;31.1;World Bank;;;;;INDEX
Germany;DEU;Gini index;SI.POV.GINI;2013;31.5;World Bank;;;;;INDEX
Germany;DEU;Gini index;SI.POV.GINI;2014;30.8;World Bank;;;;;INDEX
Germany;DEU;Gini index;SI.POV.GINI;2015;31.7;World Bank;;;;;INDEX
Germany;DEU;Gini index;SI.POV.GINI;2016;31.4;World Bank;;;;;INDEX
Germany;DEU;Gini index;SI.POV.GINI;2017;31.3;World Bank;;;;;INDEX
Germany;DEU;Gini index;SI.POV.GINI;2018;31.9;World Bank;;;;;INDEX
Germany;DEU;Gini index;SI.POV.GINI;2019;31.8;World Bank;;;;;INDEX
Germany;DEU;Gini index;SI.POV.GINI;2020;32.4;World Bank;;;;;INDEX
Ghana;GHA;Gini index;SI.POV.GINI;1987;35.3;World Bank;;;;;INDEX
Ghana;GHA;Gini index;SI.POV.GINI;1988;36.0;World Bank;;;;;INDEX
Ghana;GHA;Gini index;SI.POV.GINI;1991;38.4;World Bank;;;;;INDEX
Ghana;GHA;Gini index;SI.POV.GINI;1998;40.1;World Bank;;;;;INDEX
Ghana;GHA;Gini index;SI.POV.GINI;2005;42.8;World Bank;;;;;INDEX
Ghana;GHA;Gini index;SI.POV.GINI;2012;42.4;World Bank;;;;;INDEX
Ghana;GHA;Gini index;SI.POV.GINI;2016;43.5;World Bank;;;;;INDEX
Greece;GRC;Gini index;SI.POV.GINI;1995;37.0;World Bank;;;;;INDEX
Greece;GRC;Gini index;SI.POV.GINI;2000;34.2;World Bank;;;;;INDEX
Greece;GRC;Gini index;SI.POV.GINI;2003;32.8;World Bank;;;;;INDEX
Greece;GRC;Gini index;SI.POV.GINI;2004;33.6;World Bank;;;;;INDEX
Greece;GRC;Gini index;SI.POV.GINI;2005;34.6;World Bank;;;;;INDEX
Greece;GRC;Gini index;SI.POV.GINI;2006;35.1;World Bank;;;;;INDEX
Greece;GRC;Gini index;SI.POV.GINI;2007;34.0;World Bank;;;;;INDEX
Greece;GRC;Gini index;SI.POV.GINI;2008;33.6;World Bank;;;;;INDEX
Greece;GRC;Gini index;SI.POV.GINI;2009;33.6;World Bank;;;;;INDEX
Greece;GRC;Gini index;SI.POV.GINI;2010;34.1;World Bank;;;;;INDEX
Greece;GRC;Gini index;SI.POV.GINI;2011;34.8;World Bank;;;;;INDEX
Greece;GRC;Gini index;SI.POV.GINI;2012;36.3;World Bank;;;;;INDEX
Greece;GRC;Gini index;SI.POV.GINI;2013;36.1;World Bank;;;;;INDEX
Greece;GRC;Gini index;SI.POV.GINI;2014;35.8;World Bank;;;;;INDEX
Greece;GRC;Gini index;SI.POV.GINI;2015;36.0;World Bank;;;;;INDEX
Greece;GRC;Gini index;SI.POV.GINI;2016;35.0;World Bank;;;;;INDEX
Greece;GRC;Gini index;SI.POV.GINI;2017;34.4;World Bank;;;;;INDEX
Greece;GRC;Gini index;SI.POV.GINI;2018;32.9;World Bank;;;;;INDEX
Greece;GRC;Gini index;SI.POV.GINI;2019;33.1;World Bank;;;;;INDEX
Greece;GRC;Gini index;SI.POV.GINI;2020;33.6;World Bank;;;;;INDEX
Greece;GRC;Gini index;SI.POV.GINI;2021;32.9;World Bank;;;;;INDEX
Grenada;GRD;Gini index;SI.POV.GINI;2018;43.8;World Bank;;;;;INDEX
Guatemala;GTM;Gini index;SI.POV.GINI;1986;54.1;World Bank;;;;;INDEX
Guatemala;GTM;Gini index;SI.POV.GINI;1989;58.8;World Bank;;;;;INDEX
Guatemala;GTM;Gini index;SI.POV.GINI;1998;49.4;World Bank;;;;;INDEX
Guatemala;GTM;Gini index;SI.POV.GINI;2000;54.2;World Bank;;;;;INDEX
Guatemala;GTM;Gini index;SI.POV.GINI;2006;54.6;World Bank;;;;;INDEX
Guatemala;GTM;Gini index;SI.POV.GINI;2014;48.3;World Bank;;;;;INDEX
Guinea;GIN;Gini index;SI.POV.GINI;1991;44.5;World Bank;;;;;INDEX
Guinea;GIN;Gini index;SI.POV.GINI;1994;46.1;World Bank;;;;;INDEX
Guinea;GIN;Gini index;SI.POV.GINI;2002;43.0;World Bank;;;;;INDEX
Guinea;GIN;Gini index;SI.POV.GINI;2007;39.4;World Bank;;;;;INDEX
Guinea;GIN;Gini index;SI.POV.GINI;2012;33.7;World Bank;;;;;INDEX
Guinea;GIN;Gini index;SI.POV.GINI;2018;29.6;World Bank;;;;;INDEX
Guinea-Bissau;GNB;Gini index;SI.POV.GINI;1991;55.8;World Bank;;;;;INDEX
Guinea-Bissau;GNB;Gini index;SI.POV.GINI;1993;43.6;World Bank;;;;;INDEX
Guinea-Bissau;GNB;Gini index;SI.POV.GINI;2002;35.6;World Bank;;;;;INDEX
Guinea-Bissau;GNB;Gini index;SI.POV.GINI;2010;50.6;World Bank;;;;;INDEX
Guinea-Bissau;GNB;Gini index;SI.POV.GINI;2018;34.8;World Bank;;;;;INDEX
Guinea-Bissau;GNB;Gini index;SI.POV.GINI;2021;33.4;World Bank;;;;;INDEX
Guyana;GUY;Gini index;SI.POV.GINI;1992;39.5;World Bank;;;;;INDEX
Guyana;GUY;Gini index;SI.POV.GINI;1998;45.0;World Bank;;;;;INDEX
Haiti;HTI;Gini index;SI.POV.GINI;2012;41.1;World Bank;;;;;INDEX
Honduras;HND;Gini index;SI.POV.GINI;1989;55.4;World Bank;;;;;INDEX
Honduras;HND;Gini index;SI.POV.GINI;1990;55.9;World Bank;;;;;INDEX
Honduras;HND;Gini index;SI.POV.GINI;1991;51.8;World Bank;;;;;INDEX
Honduras;HND;Gini index;SI.POV.GINI;1992;51.8;World Bank;;;;;INDEX
Honduras;HND;Gini index;SI.POV.GINI;1993;53.4;World Bank;;;;;INDEX
Honduras;HND;Gini index;SI.POV.GINI;1994;55.0;World Bank;;;;;INDEX
Honduras;HND;Gini index;SI.POV.GINI;1995;55.5;World Bank;;;;;INDEX
Honduras;HND;Gini index;SI.POV.GINI;1996;55.7;World Bank;;;;;INDEX
Honduras;HND;Gini index;SI.POV.GINI;1997;52.7;World Bank;;;;;INDEX
Honduras;HND;Gini index;SI.POV.GINI;1998;57.3;World Bank;;;;;INDEX
Honduras;HND;Gini index;SI.POV.GINI;1999;55.2;World Bank;;;;;INDEX
Honduras;HND;Gini index;SI.POV.GINI;2001;55.4;World Bank;;;;;INDEX
Honduras;HND;Gini index;SI.POV.GINI;2002;55.7;World Bank;;;;;INDEX
Honduras;HND;Gini index;SI.POV.GINI;2003;58.1;World Bank;;;;;INDEX
Honduras;HND;Gini index;SI.POV.GINI;2004;58.1;World Bank;;;;;INDEX
Honduras;HND;Gini index;SI.POV.GINI;2005;59.5;World Bank;;;;;INDEX
Honduras;HND;Gini index;SI.POV.GINI;2006;57.5;World Bank;;;;;INDEX
Honduras;HND;Gini index;SI.POV.GINI;2007;55.8;World Bank;;;;;INDEX
Honduras;HND;Gini index;SI.POV.GINI;2008;55.5;World Bank;;;;;INDEX
Honduras;HND;Gini index;SI.POV.GINI;2009;51.3;World Bank;;;;;INDEX
Honduras;HND;Gini index;SI.POV.GINI;2010;53.1;World Bank;;;;;INDEX
Honduras;HND;Gini index;SI.POV.GINI;2011;52.6;World Bank;;;;;INDEX
Honduras;HND;Gini index;SI.POV.GINI;2012;53.4;World Bank;;;;;INDEX
Honduras;HND;Gini index;SI.POV.GINI;2013;50.0;World Bank;;;;;INDEX
Honduras;HND;Gini index;SI.POV.GINI;2014;49.9;World Bank;;;;;INDEX
Honduras;HND;Gini index;SI.POV.GINI;2015;49.2;World Bank;;;;;INDEX
Honduras;HND;Gini index;SI.POV.GINI;2016;49.8;World Bank;;;;;INDEX
Honduras;HND;Gini index;SI.POV.GINI;2017;49.4;World Bank;;;;;INDEX
Honduras;HND;Gini index;SI.POV.GINI;2018;48.9;World Bank;;;;;INDEX
Honduras;HND;Gini index;SI.POV.GINI;2019;48.2;World Bank;;;;;INDEX
Hungary;HUN;Gini index;SI.POV.GINI;2004;29.9;World Bank;;;;;INDEX
Hungary;HUN;Gini index;SI.POV.GINI;2005;34.7;World Bank;;;;;INDEX
Hungary;HUN;Gini index;SI.POV.GINI;2006;28.3;World Bank;;;;;INDEX
Hungary;HUN;Gini index;SI.POV.GINI;2007;27.9;World Bank;;;;;INDEX
Hungary;HUN;Gini index;SI.POV.GINI;2008;27.5;World Bank;;;;;INDEX
Hungary;HUN;Gini index;SI.POV.GINI;2009;27.0;World Bank;;;;;INDEX
Hungary;HUN;Gini index;SI.POV.GINI;2010;29.4;World Bank;;;;;INDEX
Hungary;HUN;Gini index;SI.POV.GINI;2011;29.2;World Bank;;;;;INDEX
Hungary;HUN;Gini index;SI.POV.GINI;2012;30.8;World Bank;;;;;INDEX
Hungary;HUN;Gini index;SI.POV.GINI;2013;31.5;World Bank;;;;;INDEX
Hungary;HUN;Gini index;SI.POV.GINI;2014;30.9;World Bank;;;;;INDEX
Hungary;HUN;Gini index;SI.POV.GINI;2015;30.4;World Bank;;;;;INDEX
Hungary;HUN;Gini index;SI.POV.GINI;2016;30.3;World Bank;;;;;INDEX
Hungary;HUN;Gini index;SI.POV.GINI;2017;30.6;World Bank;;;;;INDEX
Hungary;HUN;Gini index;SI.POV.GINI;2018;29.6;World Bank;;;;;INDEX
Hungary;HUN;Gini index;SI.POV.GINI;2019;30.0;World Bank;;;;;INDEX
Hungary;HUN;Gini index;SI.POV.GINI;2020;29.7;World Bank;;;;;INDEX
Hungary;HUN;Gini index;SI.POV.GINI;2021;29.2;World Bank;;;;;INDEX
Iceland;ISL;Gini index;SI.POV.GINI;2003;26.8;World Bank;;;;;INDEX
Iceland;ISL;Gini index;SI.POV.GINI;2004;28.0;World Bank;;;;;INDEX
Iceland;ISL;Gini index;SI.POV.GINI;2005;29.0;World Bank;;;;;INDEX
Iceland;ISL;Gini index;SI.POV.GINI;2006;30.2;World Bank;;;;;INDEX
Iceland;ISL;Gini index;SI.POV.GINI;2007;29.5;World Bank;;;;;INDEX
Iceland;ISL;Gini index;SI.POV.GINI;2008;31.8;World Bank;;;;;INDEX
Iceland;ISL;Gini index;SI.POV.GINI;2009;28.7;World Bank;;;;;INDEX
Iceland;ISL;Gini index;SI.POV.GINI;2010;26.2;World Bank;;;;;INDEX
Iceland;ISL;Gini index;SI.POV.GINI;2011;26.8;World Bank;;;;;INDEX
Iceland;ISL;Gini index;SI.POV.GINI;2012;26.8;World Bank;;;;;INDEX
Iceland;ISL;Gini index;SI.POV.GINI;2013;25.4;World Bank;;;;;INDEX
Iceland;ISL;Gini index;SI.POV.GINI;2014;27.8;World Bank;;;;;INDEX
Iceland;ISL;Gini index;SI.POV.GINI;2015;26.8;World Bank;;;;;INDEX
Iceland;ISL;Gini index;SI.POV.GINI;2016;27.2;World Bank;;;;;INDEX
Iceland;ISL;Gini index;SI.POV.GINI;2017;26.1;World Bank;;;;;INDEX
India;IND;Gini index;SI.POV.GINI;1977;33.2;World Bank;;;;;INDEX
India;IND;Gini index;SI.POV.GINI;1983;32.0;World Bank;;;;;INDEX
India;IND;Gini index;SI.POV.GINI;1987;32.5;World Bank;;;;;INDEX
India;IND;Gini index;SI.POV.GINI;1993;31.6;World Bank;;;;;INDEX
India;IND;Gini index;SI.POV.GINI;2004;34.0;World Bank;;;;;INDEX
India;IND;Gini index;SI.POV.GINI;2009;34.9;World Bank;;;;;INDEX
India;IND;Gini index;SI.POV.GINI;2011;35.4;World Bank;;;;;INDEX
India;IND;Gini index;SI.POV.GINI;2015;34.7;World Bank;;;;;INDEX
India;IND;Gini index;SI.POV.GINI;2016;34.7;World Bank;;;;;INDEX
India;IND;Gini index;SI.POV.GINI;2017;35.9;World Bank;;;;;INDEX
India;IND;Gini index;SI.POV.GINI;2018;34.5;World Bank;;;;;INDEX
India;IND;Gini index;SI.POV.GINI;2019;33.8;World Bank;;;;;INDEX
India;IND;Gini index;SI.POV.GINI;2020;33.8;World Bank;;;;;INDEX
India;IND;Gini index;SI.POV.GINI;2021;32.8;World Bank;;;;;INDEX
Indonesia;IDN;Gini index;SI.POV.GINI;1984;32.3;World Bank;;;;;INDEX
Indonesia;IDN;Gini index;SI.POV.GINI;1987;30.4;World Bank;;;;;INDEX
Indonesia;IDN;Gini index;SI.POV.GINI;1990;31.1;World Bank;;;;;INDEX
Indonesia;IDN;Gini index;SI.POV.GINI;1993;31.8;World Bank;;;;;INDEX
Indonesia;IDN;Gini index;SI.POV.GINI;1996;34.2;World Bank;;;;;INDEX
Indonesia;IDN;Gini index;SI.POV.GINI;1998;30.9;World Bank;;;;;INDEX
Indonesia;IDN;Gini index;SI.POV.GINI;1999;30.8;World Bank;;;;;INDEX
Indonesia;IDN;Gini index;SI.POV.GINI;2000;30.3;World Bank;;;;;INDEX
Indonesia;IDN;Gini index;SI.POV.GINI;2001;31.2;World Bank;;;;;INDEX
Indonesia;IDN;Gini index;SI.POV.GINI;2002;30.2;World Bank;;;;;INDEX
Indonesia;IDN;Gini index;SI.POV.GINI;2003;29.3;World Bank;;;;;INDEX
Indonesia;IDN;Gini index;SI.POV.GINI;2004;30.4;World Bank;;;;;INDEX
Indonesia;IDN;Gini index;SI.POV.GINI;2005;29.9;World Bank;;;;;INDEX
Indonesia;IDN;Gini index;SI.POV.GINI;2006;31.5;World Bank;;;;;INDEX
Indonesia;IDN;Gini index;SI.POV.GINI;2007;33.2;World Bank;;;;;INDEX
Indonesia;IDN;Gini index;SI.POV.GINI;2008;32.6;World Bank;;;;;INDEX
Indonesia;IDN;Gini index;SI.POV.GINI;2009;33.4;World Bank;;;;;INDEX
Indonesia;IDN;Gini index;SI.POV.GINI;2010;34.6;World Bank;;;;;INDEX
Indonesia;IDN;Gini index;SI.POV.GINI;2011;37.9;World Bank;;;;;INDEX
Indonesia;IDN;Gini index;SI.POV.GINI;2012;37.1;World Bank;;;;;INDEX
Indonesia;IDN;Gini index;SI.POV.GINI;2013;38.9;World Bank;;;;;INDEX
Indonesia;IDN;Gini index;SI.POV.GINI;2014;38.8;World Bank;;;;;INDEX
Indonesia;IDN;Gini index;SI.POV.GINI;2015;38.2;World Bank;;;;;INDEX
Indonesia;IDN;Gini index;SI.POV.GINI;2016;36.9;World Bank;;;;;INDEX
Indonesia;IDN;Gini index;SI.POV.GINI;2017;36.4;World Bank;;;;;INDEX
Indonesia;IDN;Gini index;SI.POV.GINI;2018;36.3;World Bank;;;;;INDEX
Indonesia;IDN;Gini index;SI.POV.GINI;2019;35.4;World Bank;;;;;INDEX
Indonesia;IDN;Gini index;SI.POV.GINI;2020;35.3;World Bank;;;;;INDEX
Indonesia;IDN;Gini index;SI.POV.GINI;2021;35.5;World Bank;;;;;INDEX
Indonesia;IDN;Gini index;SI.POV.GINI;2022;35.5;World Bank;;;;;INDEX
Indonesia;IDN;Gini index;SI.POV.GINI;2023;36.1;World Bank;;;;;INDEX
Iran, Islamic Rep.;IRN;Gini index;SI.POV.GINI;1986;47.4;World Bank;;;;;INDEX
Iran, Islamic Rep.;IRN;Gini index;SI.POV.GINI;1990;43.6;World Bank;;;;;INDEX
Iran, Islamic Rep.;IRN;Gini index;SI.POV.GINI;1994;43.0;World Bank;;;;;INDEX
Iran, Islamic Rep.;IRN;Gini index;SI.POV.GINI;1998;44.1;World Bank;;;;;INDEX
Iran, Islamic Rep.;IRN;Gini index;SI.POV.GINI;2005;43.6;World Bank;;;;;INDEX
Iran, Islamic Rep.;IRN;Gini index;SI.POV.GINI;2006;44.8;World Bank;;;;;INDEX
Iran, Islamic Rep.;IRN;Gini index;SI.POV.GINI;2009;42.1;World Bank;;;;;INDEX
Iran, Islamic Rep.;IRN;Gini index;SI.POV.GINI;2011;34.7;World Bank;;;;;INDEX
Iran, Islamic Rep.;IRN;Gini index;SI.POV.GINI;2012;34.4;World Bank;;;;;INDEX
Iran, Islamic Rep.;IRN;Gini index;SI.POV.GINI;2013;34.0;World Bank;;;;;INDEX
Iran, Islamic Rep.;IRN;Gini index;SI.POV.GINI;2014;34.8;World Bank;;;;;INDEX
Iran, Islamic Rep.;IRN;Gini index;SI.POV.GINI;2015;35.3;World Bank;;;;;INDEX
Iran, Islamic Rep.;IRN;Gini index;SI.POV.GINI;2016;35.9;World Bank;;;;;INDEX
Iran, Islamic Rep.;IRN;Gini index;SI.POV.GINI;2017;36.7;World Bank;;;;;INDEX
Iran, Islamic Rep.;IRN;Gini index;SI.POV.GINI;2018;37.4;World Bank;;;;;INDEX
Iran, Islamic Rep.;IRN;Gini index;SI.POV.GINI;2019;36.5;World Bank;;;;;INDEX
Iran, Islamic Rep.;IRN;Gini index;SI.POV.GINI;2020;35.8;World Bank;;;;;INDEX
Iran, Islamic Rep.;IRN;Gini index;SI.POV.GINI;2021;35.5;World Bank;;;;;INDEX
Iran, Islamic Rep.;IRN;Gini index;SI.POV.GINI;2022;34.8;World Bank;;;;;INDEX
Iraq;IRQ;Gini index;SI.POV.GINI;2006;28.6;World Bank;;;;;INDEX
Iraq;IRQ;Gini index;SI.POV.GINI;2012;29.5;World Bank;;;;;INDEX
Ireland;IRL;Gini index;SI.POV.GINI;1987;35.5;World Bank;;;;;INDEX
Ireland;IRL;Gini index;SI.POV.GINI;1994;36.9;World Bank;;;;;INDEX
Ireland;IRL;Gini index;SI.POV.GINI;1995;37.0;World Bank;;;;;INDEX
Ireland;IRL;Gini index;SI.POV.GINI;1996;35.6;World Bank;;;;;INDEX
Ireland;IRL;Gini index;SI.POV.GINI;2000;33.0;World Bank;;;;;INDEX
Ireland;IRL;Gini index;SI.POV.GINI;2002;32.3;World Bank;;;;;INDEX
Ireland;IRL;Gini index;SI.POV.GINI;2003;32.9;World Bank;;;;;INDEX
Ireland;IRL;Gini index;SI.POV.GINI;2004;33.6;World Bank;;;;;INDEX
Ireland;IRL;Gini index;SI.POV.GINI;2005;33.8;World Bank;;;;;INDEX
Ireland;IRL;Gini index;SI.POV.GINI;2006;32.7;World Bank;;;;;INDEX
Ireland;IRL;Gini index;SI.POV.GINI;2007;31.9;World Bank;;;;;INDEX
Ireland;IRL;Gini index;SI.POV.GINI;2008;30.9;World Bank;;;;;INDEX
Ireland;IRL;Gini index;SI.POV.GINI;2009;32.7;World Bank;;;;;INDEX
Ireland;IRL;Gini index;SI.POV.GINI;2010;32.3;World Bank;;;;;INDEX
Ireland;IRL;Gini index;SI.POV.GINI;2011;32.9;World Bank;;;;;INDEX
Ireland;IRL;Gini index;SI.POV.GINI;2012;33.2;World Bank;;;;;INDEX
Ireland;IRL;Gini index;SI.POV.GINI;2013;33.5;World Bank;;;;;INDEX
Ireland;IRL;Gini index;SI.POV.GINI;2014;31.9;World Bank;;;;;INDEX
Ireland;IRL;Gini index;SI.POV.GINI;2015;31.8;World Bank;;;;;INDEX
Ireland;IRL;Gini index;SI.POV.GINI;2016;32.8;World Bank;;;;;INDEX
Ireland;IRL;Gini index;SI.POV.GINI;2017;31.4;World Bank;;;;;INDEX
Ireland;IRL;Gini index;SI.POV.GINI;2018;30.6;World Bank;;;;;INDEX
Ireland;IRL;Gini index;SI.POV.GINI;2019;30.8;World Bank;;;;;INDEX
Ireland;IRL;Gini index;SI.POV.GINI;2020;29.2;World Bank;;;;;INDEX
Ireland;IRL;Gini index;SI.POV.GINI;2021;30.1;World Bank;;;;;INDEX
Israel;ISR;Gini index;SI.POV.GINI;1979;36.3;World Bank;;;;;INDEX
Israel;ISR;Gini index;SI.POV.GINI;1986;36.5;World Bank;;;;;INDEX
Israel;ISR;Gini index;SI.POV.GINI;1992;35.5;World Bank;;;;;INDEX
Israel;ISR;Gini index;SI.POV.GINI;1997;38.1;World Bank;;;;;INDEX
Israel;ISR;Gini index;SI.POV.GINI;2001;38.9;World Bank;;;;;INDEX
Israel;ISR;Gini index;SI.POV.GINI;2002;39.6;World Bank;;;;;INDEX
Israel;ISR;Gini index;SI.POV.GINI;2003;40.7;World Bank;;;;;INDEX
Israel;ISR;Gini index;SI.POV.GINI;2004;41.5;World Bank;;;;;INDEX
Israel;ISR;Gini index;SI.POV.GINI;2005;42.3;World Bank;;;;;INDEX
Israel;ISR;Gini index;SI.POV.GINI;2006;41.6;World Bank;;;;;INDEX
Israel;ISR;Gini index;SI.POV.GINI;2007;41.1;World Bank;;;;;INDEX
Israel;ISR;Gini index;SI.POV.GINI;2008;41.6;World Bank;;;;;INDEX
Israel;ISR;Gini index;SI.POV.GINI;2009;42.6;World Bank;;;;;INDEX
Israel;ISR;Gini index;SI.POV.GINI;2010;42.6;World Bank;;;;;INDEX
Israel;ISR;Gini index;SI.POV.GINI;2011;41.4;World Bank;;;;;INDEX
Israel;ISR;Gini index;SI.POV.GINI;2012;41.3;World Bank;;;;;INDEX
Israel;ISR;Gini index;SI.POV.GINI;2013;39.9;World Bank;;;;;INDEX
Israel;ISR;Gini index;SI.POV.GINI;2014;39.8;World Bank;;;;;INDEX
Israel;ISR;Gini index;SI.POV.GINI;2015;39.7;World Bank;;;;;INDEX
Israel;ISR;Gini index;SI.POV.GINI;2016;39.0;World Bank;;;;;INDEX
Israel;ISR;Gini index;SI.POV.GINI;2017;38.2;World Bank;;;;;INDEX
Israel;ISR;Gini index;SI.POV.GINI;2018;38.6;World Bank;;;;;INDEX
Israel;ISR;Gini index;SI.POV.GINI;2019;38.3;World Bank;;;;;INDEX
Israel;ISR;Gini index;SI.POV.GINI;2020;37.8;World Bank;;;;;INDEX
Israel;ISR;Gini index;SI.POV.GINI;2021;37.9;World Bank;;;;;INDEX
Italy;ITA;Gini index;SI.POV.GINI;1977;34.0;World Bank;;;;;INDEX
Italy;ITA;Gini index;SI.POV.GINI;1978;33.3;World Bank;;;;;INDEX
Italy;ITA;Gini index;SI.POV.GINI;1979;33.3;World Bank;;;;;INDEX
Italy;ITA;Gini index;SI.POV.GINI;1980;32.9;World Bank;;;;;INDEX
Italy;ITA;Gini index;SI.POV.GINI;1981;31.6;World Bank;;;;;INDEX
Italy;ITA;Gini index;SI.POV.GINI;1982;29.2;World Bank;;;;;INDEX
Italy;ITA;Gini index;SI.POV.GINI;1983;29.8;World Bank;;;;;INDEX
Italy;ITA;Gini index;SI.POV.GINI;1984;31.3;World Bank;;;;;INDEX
Italy;ITA;Gini index;SI.POV.GINI;1986;31.2;World Bank;;;;;INDEX
Italy;ITA;Gini index;SI.POV.GINI;1987;34.2;World Bank;;;;;INDEX
Italy;ITA;Gini index;SI.POV.GINI;1989;32.1;World Bank;;;;;INDEX
Italy;ITA;Gini index;SI.POV.GINI;1991;31.0;World Bank;;;;;INDEX
Italy;ITA;Gini index;SI.POV.GINI;1993;35.1;World Bank;;;;;INDEX
Italy;ITA;Gini index;SI.POV.GINI;1995;35.2;World Bank;;;;;INDEX
Italy;ITA;Gini index;SI.POV.GINI;1998;36.7;World Bank;;;;;INDEX
Italy;ITA;Gini index;SI.POV.GINI;2000;35.2;World Bank;;;;;INDEX
Italy;ITA;Gini index;SI.POV.GINI;2002;34.7;World Bank;;;;;INDEX
Italy;ITA;Gini index;SI.POV.GINI;2003;34.9;World Bank;;;;;INDEX
Italy;ITA;Gini index;SI.POV.GINI;2004;34.3;World Bank;;;;;INDEX
Italy;ITA;Gini index;SI.POV.GINI;2005;33.8;World Bank;;;;;INDEX
Italy;ITA;Gini index;SI.POV.GINI;2006;33.7;World Bank;;;;;INDEX
Italy;ITA;Gini index;SI.POV.GINI;2007;32.9;World Bank;;;;;INDEX
Italy;ITA;Gini index;SI.POV.GINI;2008;33.8;World Bank;;;;;INDEX
Italy;ITA;Gini index;SI.POV.GINI;2009;33.8;World Bank;;;;;INDEX
Italy;ITA;Gini index;SI.POV.GINI;2010;34.7;World Bank;;;;;INDEX
Italy;ITA;Gini index;SI.POV.GINI;2011;35.1;World Bank;;;;;INDEX
Italy;ITA;Gini index;SI.POV.GINI;2012;35.2;World Bank;;;;;INDEX
Italy;ITA;Gini index;SI.POV.GINI;2013;34.9;World Bank;;;;;INDEX
Italy;ITA;Gini index;SI.POV.GINI;2014;34.7;World Bank;;;;;INDEX
Italy;ITA;Gini index;SI.POV.GINI;2015;35.4;World Bank;;;;;INDEX
Italy;ITA;Gini index;SI.POV.GINI;2016;35.2;World Bank;;;;;INDEX
Italy;ITA;Gini index;SI.POV.GINI;2017;35.9;World Bank;;;;;INDEX
Italy;ITA;Gini index;SI.POV.GINI;2018;35.2;World Bank;;;;;INDEX
Italy;ITA;Gini index;SI.POV.GINI;2019;34.6;World Bank;;;;;INDEX
Italy;ITA;Gini index;SI.POV.GINI;2020;35.2;World Bank;;;;;INDEX
Italy;ITA;Gini index;SI.POV.GINI;2021;34.8;World Bank;;;;;INDEX
Jamaica;JAM;Gini index;SI.POV.GINI;1988;43.2;World Bank;;;;;INDEX
Jamaica;JAM;Gini index;SI.POV.GINI;1990;41.1;World Bank;;;;;INDEX
Jamaica;JAM;Gini index;SI.POV.GINI;1993;35.7;World Bank;;;;;INDEX
Jamaica;JAM;Gini index;SI.POV.GINI;1996;40.4;World Bank;;;;;INDEX
Jamaica;JAM;Gini index;SI.POV.GINI;1999;44.1;World Bank;;;;;INDEX
Jamaica;JAM;Gini index;SI.POV.GINI;2002;48.3;World Bank;;;;;INDEX
Jamaica;JAM;Gini index;SI.POV.GINI;2004;45.5;World Bank;;;;;INDEX
Jamaica;JAM;Gini index;SI.POV.GINI;2018;35.6;World Bank;;;;;INDEX
Jamaica;JAM;Gini index;SI.POV.GINI;2021;40.2;World Bank;;;;;INDEX
Japan;JPN;Gini index;SI.POV.GINI;2008;34.8;World Bank;;;;;INDEX
Japan;JPN;Gini index;SI.POV.GINI;2010;32.1;World Bank;;;;;INDEX
Japan;JPN;Gini index;SI.POV.GINI;2013;32.9;World Bank;;;;;INDEX
Jordan;JOR;Gini index;SI.POV.GINI;1986;36.1;World Bank;;;;;INDEX
Jordan;JOR;Gini index;SI.POV.GINI;1992;43.1;World Bank;;;;;INDEX
Jordan;JOR;Gini index;SI.POV.GINI;1997;36.4;World Bank;;;;;INDEX
Jordan;JOR;Gini index;SI.POV.GINI;2002;37.0;World Bank;;;;;INDEX
Jordan;JOR;Gini index;SI.POV.GINI;2006;33.9;World Bank;;;;;INDEX
Jordan;JOR;Gini index;SI.POV.GINI;2008;32.6;World Bank;;;;;INDEX
Jordan;JOR;Gini index;SI.POV.GINI;2010;33.7;World Bank;;;;;INDEX
Kazakhstan;KAZ;Gini index;SI.POV.GINI;1996;35.4;World Bank;;;;;INDEX
Kazakhstan;KAZ;Gini index;SI.POV.GINI;2001;36.0;World Bank;;;;;INDEX
Kazakhstan;KAZ;Gini index;SI.POV.GINI;2002;34.8;World Bank;;;;;INDEX
Kazakhstan;KAZ;Gini index;SI.POV.GINI;2003;33.7;World Bank;;;;;INDEX
Kazakhstan;KAZ;Gini index;SI.POV.GINI;2004;31.8;World Bank;;;;;INDEX
Kazakhstan;KAZ;Gini index;SI.POV.GINI;2005;39.8;World Bank;;;;;INDEX
Kazakhstan;KAZ;Gini index;SI.POV.GINI;2006;30.2;World Bank;;;;;INDEX
Kazakhstan;KAZ;Gini index;SI.POV.GINI;2007;30.1;World Bank;;;;;INDEX
Kazakhstan;KAZ;Gini index;SI.POV.GINI;2008;28.5;World Bank;;;;;INDEX
Kazakhstan;KAZ;Gini index;SI.POV.GINI;2009;28.2;World Bank;;;;;INDEX
Kazakhstan;KAZ;Gini index;SI.POV.GINI;2010;28.0;World Bank;;;;;INDEX
Kazakhstan;KAZ;Gini index;SI.POV.GINI;2011;28.0;World Bank;;;;;INDEX
Kazakhstan;KAZ;Gini index;SI.POV.GINI;2012;28.2;World Bank;;;;;INDEX
Kazakhstan;KAZ;Gini index;SI.POV.GINI;2013;27.1;World Bank;;;;;INDEX
Kazakhstan;KAZ;Gini index;SI.POV.GINI;2014;27.0;World Bank;;;;;INDEX
Kazakhstan;KAZ;Gini index;SI.POV.GINI;2015;26.8;World Bank;;;;;INDEX
Kazakhstan;KAZ;Gini index;SI.POV.GINI;2016;27.2;World Bank;;;;;INDEX
Kazakhstan;KAZ;Gini index;SI.POV.GINI;2017;27.5;World Bank;;;;;INDEX
Kazakhstan;KAZ;Gini index;SI.POV.GINI;2018;27.8;World Bank;;;;;INDEX
Kazakhstan;KAZ;Gini index;SI.POV.GINI;2019;28.0;World Bank;;;;;INDEX
Kazakhstan;KAZ;Gini index;SI.POV.GINI;2020;28.7;World Bank;;;;;INDEX
Kazakhstan;KAZ;Gini index;SI.POV.GINI;2021;29.2;World Bank;;;;;INDEX
Kenya;KEN;Gini index;SI.POV.GINI;1992;56.9;World Bank;;;;;INDEX
Kenya;KEN;Gini index;SI.POV.GINI;1994;43.1;World Bank;;;;;INDEX
Kenya;KEN;Gini index;SI.POV.GINI;1997;45.0;World Bank;;;;;INDEX
Kenya;KEN;Gini index;SI.POV.GINI;2005;46.4;World Bank;;;;;INDEX
Kenya;KEN;Gini index;SI.POV.GINI;2015;40.8;World Bank;;;;;INDEX
Kenya;KEN;Gini index;SI.POV.GINI;2020;36.2;World Bank;;;;;INDEX
Kenya;KEN;Gini index;SI.POV.GINI;2021;38.7;World Bank;;;;;INDEX
Kiribati;KIR;Gini index;SI.POV.GINI;2006;37.0;World Bank;;;;;INDEX
Kiribati;KIR;Gini index;SI.POV.GINI;2019;27.8;World Bank;;;;;INDEX
Korea, Rep.;KOR;Gini index;SI.POV.GINI;2006;31.7;World Bank;;;;;INDEX
Korea, Rep.;KOR;Gini index;SI.POV.GINI;2008;32.3;World Bank;;;;;INDEX
Korea, Rep.;KOR;Gini index;SI.POV.GINI;2010;32.0;World Bank;;;;;INDEX
Korea, Rep.;KOR;Gini index;SI.POV.GINI;2012;31.6;World Bank;;;;;INDEX
Korea, Rep.;KOR;Gini index;SI.POV.GINI;2014;31.2;World Bank;;;;;INDEX
Korea, Rep.;KOR;Gini index;SI.POV.GINI;2016;35.2;World Bank;;;;;INDEX
Korea, Rep.;KOR;Gini index;SI.POV.GINI;2017;34.9;World Bank;;;;;INDEX
Korea, Rep.;KOR;Gini index;SI.POV.GINI;2018;33.7;World Bank;;;;;INDEX
Korea, Rep.;KOR;Gini index;SI.POV.GINI;2019;33.2;World Bank;;;;;INDEX
Korea, Rep.;KOR;Gini index;SI.POV.GINI;2020;32.7;World Bank;;;;;INDEX
Korea, Rep.;KOR;Gini index;SI.POV.GINI;2021;32.9;World Bank;;;;;INDEX
Kosovo;XKX;Gini index;SI.POV.GINI;2003;29.0;World Bank;;;;;INDEX
Kosovo;XKX;Gini index;SI.POV.GINI;2005;31.2;World Bank;;;;;INDEX
Kosovo;XKX;Gini index;SI.POV.GINI;2006;30.3;World Bank;;;;;INDEX
Kosovo;XKX;Gini index;SI.POV.GINI;2009;31.8;World Bank;;;;;INDEX
Kosovo;XKX;Gini index;SI.POV.GINI;2010;33.3;World Bank;;;;;INDEX
Kosovo;XKX;Gini index;SI.POV.GINI;2011;27.8;World Bank;;;;;INDEX
Kosovo;XKX;Gini index;SI.POV.GINI;2012;29.0;World Bank;;;;;INDEX
Kosovo;XKX;Gini index;SI.POV.GINI;2013;26.3;World Bank;;;;;INDEX
Kosovo;XKX;Gini index;SI.POV.GINI;2014;27.3;World Bank;;;;;INDEX
Kosovo;XKX;Gini index;SI.POV.GINI;2015;26.5;World Bank;;;;;INDEX
Kosovo;XKX;Gini index;SI.POV.GINI;2016;26.7;World Bank;;;;;INDEX
Kosovo;XKX;Gini index;SI.POV.GINI;2017;29.0;World Bank;;;;;INDEX
Kyrgyz Republic;KGZ;Gini index;SI.POV.GINI;2000;31.0;World Bank;;;;;INDEX
Kyrgyz Republic;KGZ;Gini index;SI.POV.GINI;2001;30.2;World Bank;;;;;INDEX
Kyrgyz Republic;KGZ;Gini index;SI.POV.GINI;2002;30.3;World Bank;;;;;INDEX
Kyrgyz Republic;KGZ;Gini index;SI.POV.GINI;2003;28.7;World Bank;;;;;INDEX
Kyrgyz Republic;KGZ;Gini index;SI.POV.GINI;2004;34.8;World Bank;;;;;INDEX
Kyrgyz Republic;KGZ;Gini index;SI.POV.GINI;2005;32.6;World Bank;;;;;INDEX
Kyrgyz Republic;KGZ;Gini index;SI.POV.GINI;2006;37.4;World Bank;;;;;INDEX
Kyrgyz Republic;KGZ;Gini index;SI.POV.GINI;2007;33.9;World Bank;;;;;INDEX
Kyrgyz Republic;KGZ;Gini index;SI.POV.GINI;2008;31.5;World Bank;;;;;INDEX
Kyrgyz Republic;KGZ;Gini index;SI.POV.GINI;2009;29.9;World Bank;;;;;INDEX
Kyrgyz Republic;KGZ;Gini index;SI.POV.GINI;2010;30.1;World Bank;;;;;INDEX
Kyrgyz Republic;KGZ;Gini index;SI.POV.GINI;2011;27.8;World Bank;;;;;INDEX
Kyrgyz Republic;KGZ;Gini index;SI.POV.GINI;2012;27.4;World Bank;;;;;INDEX
Kyrgyz Republic;KGZ;Gini index;SI.POV.GINI;2013;28.8;World Bank;;;;;INDEX
Kyrgyz Republic;KGZ;Gini index;SI.POV.GINI;2014;26.8;World Bank;;;;;INDEX
Kyrgyz Republic;KGZ;Gini index;SI.POV.GINI;2015;29.0;World Bank;;;;;INDEX
Kyrgyz Republic;KGZ;Gini index;SI.POV.GINI;2016;26.8;World Bank;;;;;INDEX
Kyrgyz Republic;KGZ;Gini index;SI.POV.GINI;2017;27.3;World Bank;;;;;INDEX
Kyrgyz Republic;KGZ;Gini index;SI.POV.GINI;2018;27.7;World Bank;;;;;INDEX
Kyrgyz Republic;KGZ;Gini index;SI.POV.GINI;2019;29.7;World Bank;;;;;INDEX
Kyrgyz Republic;KGZ;Gini index;SI.POV.GINI;2020;29.0;World Bank;;;;;INDEX
Kyrgyz Republic;KGZ;Gini index;SI.POV.GINI;2021;28.8;World Bank;;;;;INDEX
Kyrgyz Republic;KGZ;Gini index;SI.POV.GINI;2022;26.4;World Bank;;;;;INDEX
Lao PDR;LAO;Gini index;SI.POV.GINI;1992;34.3;World Bank;;;;;INDEX
Lao PDR;LAO;Gini index;SI.POV.GINI;1997;34.9;World Bank;;;;;INDEX
Lao PDR;LAO;Gini index;SI.POV.GINI;2002;32.6;World Bank;;;;;INDEX
Lao PDR;LAO;Gini index;SI.POV.GINI;2007;35.4;World Bank;;;;;INDEX
Lao PDR;LAO;Gini index;SI.POV.GINI;2012;36.0;World Bank;;;;;INDEX
Lao PDR;LAO;Gini index;SI.POV.GINI;2018;38.8;World Bank;;;;;INDEX
Latvia;LVA;Gini index;SI.POV.GINI;2004;36.4;World Bank;;;;;INDEX
Latvia;LVA;Gini index;SI.POV.GINI;2005;39.0;World Bank;;;;;INDEX
Latvia;LVA;Gini index;SI.POV.GINI;2006;35.6;World Bank;;;;;INDEX
Latvia;LVA;Gini index;SI.POV.GINI;2007;37.5;World Bank;;;;;INDEX
Latvia;LVA;Gini index;SI.POV.GINI;2008;37.2;World Bank;;;;;INDEX
Latvia;LVA;Gini index;SI.POV.GINI;2009;35.9;World Bank;;;;;INDEX
Latvia;LVA;Gini index;SI.POV.GINI;2010;35.0;World Bank;;;;;INDEX
Latvia;LVA;Gini index;SI.POV.GINI;2011;35.8;World Bank;;;;;INDEX
Latvia;LVA;Gini index;SI.POV.GINI;2012;35.2;World Bank;;;;;INDEX
Latvia;LVA;Gini index;SI.POV.GINI;2013;35.5;World Bank;;;;;INDEX
Latvia;LVA;Gini index;SI.POV.GINI;2014;35.1;World Bank;;;;;INDEX
Latvia;LVA;Gini index;SI.POV.GINI;2015;34.2;World Bank;;;;;INDEX
Latvia;LVA;Gini index;SI.POV.GINI;2016;34.3;World Bank;;;;;INDEX
Latvia;LVA;Gini index;SI.POV.GINI;2017;35.6;World Bank;;;;;INDEX
Latvia;LVA;Gini index;SI.POV.GINI;2018;35.1;World Bank;;;;;INDEX
Latvia;LVA;Gini index;SI.POV.GINI;2019;34.5;World Bank;;;;;INDEX
Latvia;LVA;Gini index;SI.POV.GINI;2020;35.7;World Bank;;;;;INDEX
Latvia;LVA;Gini index;SI.POV.GINI;2021;34.3;World Bank;;;;;INDEX
Lebanon;LBN;Gini index;SI.POV.GINI;2011;31.8;World Bank;;;;;INDEX
Lesotho;LSO;Gini index;SI.POV.GINI;1986;56.0;World Bank;;;;;INDEX
Lesotho;LSO;Gini index;SI.POV.GINI;1994;63.0;World Bank;;;;;INDEX
Lesotho;LSO;Gini index;SI.POV.GINI;2002;51.2;World Bank;;;;;INDEX
Lesotho;LSO;Gini index;SI.POV.GINI;2017;44.9;World Bank;;;;;INDEX
Liberia;LBR;Gini index;SI.POV.GINI;2007;36.4;World Bank;;;;;INDEX
Liberia;LBR;Gini index;SI.POV.GINI;2014;33.2;World Bank;;;;;INDEX
Liberia;LBR;Gini index;SI.POV.GINI;2016;35.3;World Bank;;;;;INDEX
Lithuania;LTU;Gini index;SI.POV.GINI;2004;37.0;World Bank;;;;;INDEX
Lithuania;LTU;Gini index;SI.POV.GINI;2005;35.3;World Bank;;;;;INDEX
Lithuania;LTU;Gini index;SI.POV.GINI;2006;34.4;World Bank;;;;;INDEX
Lithuania;LTU;Gini index;SI.POV.GINI;2007;34.8;World Bank;;;;;INDEX
Lithuania;LTU;Gini index;SI.POV.GINI;2008;35.7;World Bank;;;;;INDEX
Lithuania;LTU;Gini index;SI.POV.GINI;2009;37.2;World Bank;;;;;INDEX
Lithuania;LTU;Gini index;SI.POV.GINI;2010;33.6;World Bank;;;;;INDEX
Lithuania;LTU;Gini index;SI.POV.GINI;2011;32.5;World Bank;;;;;INDEX
Lithuania;LTU;Gini index;SI.POV.GINI;2012;35.1;World Bank;;;;;INDEX
Lithuania;LTU;Gini index;SI.POV.GINI;2013;35.3;World Bank;;;;;INDEX
Lithuania;LTU;Gini index;SI.POV.GINI;2014;37.7;World Bank;;;;;INDEX
Lithuania;LTU;Gini index;SI.POV.GINI;2015;37.4;World Bank;;;;;INDEX
Lithuania;LTU;Gini index;SI.POV.GINI;2016;38.4;World Bank;;;;;INDEX
Lithuania;LTU;Gini index;SI.POV.GINI;2017;37.3;World Bank;;;;;INDEX
Lithuania;LTU;Gini index;SI.POV.GINI;2018;35.7;World Bank;;;;;INDEX
Lithuania;LTU;Gini index;SI.POV.GINI;2019;35.3;World Bank;;;;;INDEX
Lithuania;LTU;Gini index;SI.POV.GINI;2020;36.0;World Bank;;;;;INDEX
Lithuania;LTU;Gini index;SI.POV.GINI;2021;36.7;World Bank;;;;;INDEX
Luxembourg;LUX;Gini index;SI.POV.GINI;1985;26.3;World Bank;;;;;INDEX
Luxembourg;LUX;Gini index;SI.POV.GINI;1986;28.1;World Bank;;;;;INDEX
Luxembourg;LUX;Gini index;SI.POV.GINI;1987;29.5;World Bank;;;;;INDEX
Luxembourg;LUX;Gini index;SI.POV.GINI;1988;28.8;World Bank;;;;;INDEX
Luxembourg;LUX;Gini index;SI.POV.GINI;1989;30.8;World Bank;;;;;INDEX
Luxembourg;LUX;Gini index;SI.POV.GINI;1990;27.7;World Bank;;;;;INDEX
Luxembourg;LUX;Gini index;SI.POV.GINI;1991;27.2;World Bank;;;;;INDEX
Luxembourg;LUX;Gini index;SI.POV.GINI;1992;27.3;World Bank;;;;;INDEX
Luxembourg;LUX;Gini index;SI.POV.GINI;1993;27.0;World Bank;;;;;INDEX
Luxembourg;LUX;Gini index;SI.POV.GINI;1994;28.1;World Bank;;;;;INDEX
Luxembourg;LUX;Gini index;SI.POV.GINI;1995;28.3;World Bank;;;;;INDEX
Luxembourg;LUX;Gini index;SI.POV.GINI;1996;29.0;World Bank;;;;;INDEX
Luxembourg;LUX;Gini index;SI.POV.GINI;1997;29.6;World Bank;;;;;INDEX
Luxembourg;LUX;Gini index;SI.POV.GINI;1998;30.6;World Bank;;;;;INDEX
Luxembourg;LUX;Gini index;SI.POV.GINI;1999;30.0;World Bank;;;;;INDEX
Luxembourg;LUX;Gini index;SI.POV.GINI;2000;30.1;World Bank;;;;;INDEX
Luxembourg;LUX;Gini index;SI.POV.GINI;2001;30.9;World Bank;;;;;INDEX
Luxembourg;LUX;Gini index;SI.POV.GINI;2002;31.0;World Bank;;;;;INDEX
Luxembourg;LUX;Gini index;SI.POV.GINI;2003;30.2;World Bank;;;;;INDEX
Luxembourg;LUX;Gini index;SI.POV.GINI;2004;30.2;World Bank;;;;;INDEX
Luxembourg;LUX;Gini index;SI.POV.GINI;2005;30.8;World Bank;;;;;INDEX
Luxembourg;LUX;Gini index;SI.POV.GINI;2006;30.9;World Bank;;;;;INDEX
Luxembourg;LUX;Gini index;SI.POV.GINI;2007;31.1;World Bank;;;;;INDEX
Luxembourg;LUX;Gini index;SI.POV.GINI;2008;32.6;World Bank;;;;;INDEX
Luxembourg;LUX;Gini index;SI.POV.GINI;2009;31.2;World Bank;;;;;INDEX
Luxembourg;LUX;Gini index;SI.POV.GINI;2010;30.5;World Bank;;;;;INDEX
Luxembourg;LUX;Gini index;SI.POV.GINI;2011;32.1;World Bank;;;;;INDEX
Luxembourg;LUX;Gini index;SI.POV.GINI;2012;34.3;World Bank;;;;;INDEX
Luxembourg;LUX;Gini index;SI.POV.GINI;2013;32.0;World Bank;;;;;INDEX
Luxembourg;LUX;Gini index;SI.POV.GINI;2014;31.2;World Bank;;;;;INDEX
Luxembourg;LUX;Gini index;SI.POV.GINI;2015;32.9;World Bank;;;;;INDEX
Luxembourg;LUX;Gini index;SI.POV.GINI;2016;31.7;World Bank;;;;;INDEX
Luxembourg;LUX;Gini index;SI.POV.GINI;2017;34.5;World Bank;;;;;INDEX
Luxembourg;LUX;Gini index;SI.POV.GINI;2018;35.4;World Bank;;;;;INDEX
Luxembourg;LUX;Gini index;SI.POV.GINI;2019;34.2;World Bank;;;;;INDEX
Luxembourg;LUX;Gini index;SI.POV.GINI;2020;33.4;World Bank;;;;;INDEX
Luxembourg;LUX;Gini index;SI.POV.GINI;2021;32.7;World Bank;;;;;INDEX
Madagascar;MDG;Gini index;SI.POV.GINI;1980;46.8;World Bank;;;;;INDEX
Madagascar;MDG;Gini index;SI.POV.GINI;1993;45.2;World Bank;;;;;INDEX
Madagascar;MDG;Gini index;SI.POV.GINI;1997;39.4;World Bank;;;;;INDEX
Madagascar;MDG;Gini index;SI.POV.GINI;1999;38.6;World Bank;;;;;INDEX
Madagascar;MDG;Gini index;SI.POV.GINI;2001;47.4;World Bank;;;;;INDEX
Madagascar;MDG;Gini index;SI.POV.GINI;2005;39.9;World Bank;;;;;INDEX
Madagascar;MDG;Gini index;SI.POV.GINI;2010;42.4;World Bank;;;;;INDEX
Madagascar;MDG;Gini index;SI.POV.GINI;2012;42.6;World Bank;;;;;INDEX
Malawi;MWI;Gini index;SI.POV.GINI;1997;65.8;World Bank;;;;;INDEX
Malawi;MWI;Gini index;SI.POV.GINI;2004;39.9;World Bank;;;;;INDEX
Malawi;MWI;Gini index;SI.POV.GINI;2010;45.5;World Bank;;;;;INDEX
Malawi;MWI;Gini index;SI.POV.GINI;2016;44.7;World Bank;;;;;INDEX
Malawi;MWI;Gini index;SI.POV.GINI;2019;38.5;World Bank;;;;;INDEX
Malaysia;MYS;Gini index;SI.POV.GINI;1984;48.5;World Bank;;;;;INDEX
Malaysia;MYS;Gini index;SI.POV.GINI;1987;47.0;World Bank;;;;;INDEX
Malaysia;MYS;Gini index;SI.POV.GINI;1989;46.2;World Bank;;;;;INDEX
Malaysia;MYS;Gini index;SI.POV.GINI;1992;47.7;World Bank;;;;;INDEX
Malaysia;MYS;Gini index;SI.POV.GINI;1995;48.5;World Bank;;;;;INDEX
Malaysia;MYS;Gini index;SI.POV.GINI;1997;49.1;World Bank;;;;;INDEX
Malaysia;MYS;Gini index;SI.POV.GINI;2003;46.4;World Bank;;;;;INDEX
Malaysia;MYS;Gini index;SI.POV.GINI;2006;44.8;World Bank;;;;;INDEX
Malaysia;MYS;Gini index;SI.POV.GINI;2008;45.5;World Bank;;;;;INDEX
Malaysia;MYS;Gini index;SI.POV.GINI;2011;43.9;World Bank;;;;;INDEX
Malaysia;MYS;Gini index;SI.POV.GINI;2013;41.3;World Bank;;;;;INDEX
Malaysia;MYS;Gini index;SI.POV.GINI;2015;41.1;World Bank;;;;;INDEX
Malaysia;MYS;Gini index;SI.POV.GINI;2018;41.2;World Bank;;;;;INDEX
Malaysia;MYS;Gini index;SI.POV.GINI;2021;40.7;World Bank;;;;;INDEX
Maldives;MDV;Gini index;SI.POV.GINI;2002;41.3;World Bank;;;;;INDEX
Maldives;MDV;Gini index;SI.POV.GINI;2009;38.4;World Bank;;;;;INDEX
Maldives;MDV;Gini index;SI.POV.GINI;2016;31.3;World Bank;;;;;INDEX
Maldives;MDV;Gini index;SI.POV.GINI;2019;29.3;World Bank;;;;;INDEX
Mali;MLI;Gini index;SI.POV.GINI;1994;50.2;World Bank;;;;;INDEX
Mali;MLI;Gini index;SI.POV.GINI;2001;39.9;World Bank;;;;;INDEX
Mali;MLI;Gini index;SI.POV.GINI;2006;38.9;World Bank;;;;;INDEX
Mali;MLI;Gini index;SI.POV.GINI;2009;33.0;World Bank;;;;;INDEX
Mali;MLI;Gini index;SI.POV.GINI;2018;36.0;World Bank;;;;;INDEX
Mali;MLI;Gini index;SI.POV.GINI;2021;35.7;World Bank;;;;;INDEX
Malta;MLT;Gini index;SI.POV.GINI;2006;28.0;World Bank;;;;;INDEX
Malta;MLT;Gini index;SI.POV.GINI;2007;29.2;World Bank;;;;;INDEX
Malta;MLT;Gini index;SI.POV.GINI;2008;29.0;World Bank;;;;;INDEX
Malta;MLT;Gini index;SI.POV.GINI;2009;30.2;World Bank;;;;;INDEX
Malta;MLT;Gini index;SI.POV.GINI;2010;29.0;World Bank;;;;;INDEX
Malta;MLT;Gini index;SI.POV.GINI;2011;29.1;World Bank;;;;;INDEX
Malta;MLT;Gini index;SI.POV.GINI;2012;29.4;World Bank;;;;;INDEX
Malta;MLT;Gini index;SI.POV.GINI;2013;28.8;World Bank;;;;;INDEX
Malta;MLT;Gini index;SI.POV.GINI;2014;29.0;World Bank;;;;;INDEX
Malta;MLT;Gini index;SI.POV.GINI;2015;29.4;World Bank;;;;;INDEX
Malta;MLT;Gini index;SI.POV.GINI;2016;29.1;World Bank;;;;;INDEX
Malta;MLT;Gini index;SI.POV.GINI;2017;29.2;World Bank;;;;;INDEX
Malta;MLT;Gini index;SI.POV.GINI;2018;28.7;World Bank;;;;;INDEX
Malta;MLT;Gini index;SI.POV.GINI;2019;31.0;World Bank;;;;;INDEX
Malta;MLT;Gini index;SI.POV.GINI;2020;31.4;World Bank;;;;;INDEX
Marshall Islands;MHL;Gini index;SI.POV.GINI;2019;35.5;World Bank;;;;;INDEX
Mauritania;MRT;Gini index;SI.POV.GINI;1987;43.9;World Bank;;;;;INDEX
Mauritania;MRT;Gini index;SI.POV.GINI;1993;49.5;World Bank;;;;;INDEX
Mauritania;MRT;Gini index;SI.POV.GINI;1995;37.7;World Bank;;;;;INDEX
Mauritania;MRT;Gini index;SI.POV.GINI;2000;39.0;World Bank;;;;;INDEX
Mauritania;MRT;Gini index;SI.POV.GINI;2004;40.2;World Bank;;;;;INDEX
Mauritania;MRT;Gini index;SI.POV.GINI;2008;35.7;World Bank;;;;;INDEX
Mauritania;MRT;Gini index;SI.POV.GINI;2014;32.6;World Bank;;;;;INDEX
Mauritania;MRT;Gini index;SI.POV.GINI;2019;32.0;World Bank;;;;;INDEX
Mauritius;MUS;Gini index;SI.POV.GINI;2006;35.7;World Bank;;;;;INDEX
Mauritius;MUS;Gini index;SI.POV.GINI;2012;38.5;World Bank;;;;;INDEX
Mauritius;MUS;Gini index;SI.POV.GINI;2017;36.8;World Bank;;;;;INDEX
Mexico;MEX;Gini index;SI.POV.GINI;1989;50.1;World Bank;;;;;INDEX
Mexico;MEX;Gini index;SI.POV.GINI;1992;52.3;World Bank;;;;;INDEX
Mexico;MEX;Gini index;SI.POV.GINI;1994;53.4;World Bank;;;;;INDEX
Mexico;MEX;Gini index;SI.POV.GINI;1996;52.0;World Bank;;;;;INDEX
Mexico;MEX;Gini index;SI.POV.GINI;1998;53.3;World Bank;;;;;INDEX
Mexico;MEX;Gini index;SI.POV.GINI;2000;53.4;World Bank;;;;;INDEX
Mexico;MEX;Gini index;SI.POV.GINI;2002;50.6;World Bank;;;;;INDEX
Mexico;MEX;Gini index;SI.POV.GINI;2004;50.3;World Bank;;;;;INDEX
Mexico;MEX;Gini index;SI.POV.GINI;2005;50.9;World Bank;;;;;INDEX
Mexico;MEX;Gini index;SI.POV.GINI;2006;49.7;World Bank;;;;;INDEX
Mexico;MEX;Gini index;SI.POV.GINI;2008;50.8;World Bank;;;;;INDEX
Mexico;MEX;Gini index;SI.POV.GINI;2010;47.7;World Bank;;;;;INDEX
Mexico;MEX;Gini index;SI.POV.GINI;2012;49.6;World Bank;;;;;INDEX
Mexico;MEX;Gini index;SI.POV.GINI;2014;48.9;World Bank;;;;;INDEX
Mexico;MEX;Gini index;SI.POV.GINI;2016;46.9;World Bank;;;;;INDEX
Mexico;MEX;Gini index;SI.POV.GINI;2018;46.0;World Bank;;;;;INDEX
Mexico;MEX;Gini index;SI.POV.GINI;2020;44.6;World Bank;;;;;INDEX
Mexico;MEX;Gini index;SI.POV.GINI;2022;43.5;World Bank;;;;;INDEX
Micronesia, Fed. Sts.;FSM;Gini index;SI.POV.GINI;2005;42.4;World Bank;;;;;INDEX
Micronesia, Fed. Sts.;FSM;Gini index;SI.POV.GINI;2013;40.1;World Bank;;;;;INDEX
Moldova;MDA;Gini index;SI.POV.GINI;1997;36.9;World Bank;;;;;INDEX
Moldova;MDA;Gini index;SI.POV.GINI;1998;39.5;World Bank;;;;;INDEX
Moldova;MDA;Gini index;SI.POV.GINI;1999;42.6;World Bank;;;;;INDEX
Moldova;MDA;Gini index;SI.POV.GINI;2000;36.4;World Bank;;;;;INDEX
Moldova;MDA;Gini index;SI.POV.GINI;2001;38.0;World Bank;;;;;INDEX
Moldova;MDA;Gini index;SI.POV.GINI;2002;35.8;World Bank;;;;;INDEX
Moldova;MDA;Gini index;SI.POV.GINI;2003;34.9;World Bank;;;;;INDEX
Moldova;MDA;Gini index;SI.POV.GINI;2004;35.0;World Bank;;;;;INDEX
Moldova;MDA;Gini index;SI.POV.GINI;2005;36.3;World Bank;;;;;INDEX
Moldova;MDA;Gini index;SI.POV.GINI;2006;35.4;World Bank;;;;;INDEX
Moldova;MDA;Gini index;SI.POV.GINI;2007;34.4;World Bank;;;;;INDEX
Moldova;MDA;Gini index;SI.POV.GINI;2008;34.7;World Bank;;;;;INDEX
Moldova;MDA;Gini index;SI.POV.GINI;2009;32.9;World Bank;;;;;INDEX
Moldova;MDA;Gini index;SI.POV.GINI;2010;32.1;World Bank;;;;;INDEX
Moldova;MDA;Gini index;SI.POV.GINI;2011;30.6;World Bank;;;;;INDEX
Moldova;MDA;Gini index;SI.POV.GINI;2012;29.2;World Bank;;;;;INDEX
Moldova;MDA;Gini index;SI.POV.GINI;2013;28.5;World Bank;;;;;INDEX
Moldova;MDA;Gini index;SI.POV.GINI;2014;26.8;World Bank;;;;;INDEX
Moldova;MDA;Gini index;SI.POV.GINI;2015;27.0;World Bank;;;;;INDEX
Moldova;MDA;Gini index;SI.POV.GINI;2016;26.3;World Bank;;;;;INDEX
Moldova;MDA;Gini index;SI.POV.GINI;2017;25.9;World Bank;;;;;INDEX
Moldova;MDA;Gini index;SI.POV.GINI;2018;25.7;World Bank;;;;;INDEX
Moldova;MDA;Gini index;SI.POV.GINI;2019;26.0;World Bank;;;;;INDEX
Moldova;MDA;Gini index;SI.POV.GINI;2021;25.7;World Bank;;;;;INDEX
Mongolia;MNG;Gini index;SI.POV.GINI;1995;33.2;World Bank;;;;;INDEX
Mongolia;MNG;Gini index;SI.POV.GINI;1998;30.3;World Bank;;;;;INDEX
Mongolia;MNG;Gini index;SI.POV.GINI;2002;32.9;World Bank;;;;;INDEX
Mongolia;MNG;Gini index;SI.POV.GINI;2007;35.8;World Bank;;;;;INDEX
Mongolia;MNG;Gini index;SI.POV.GINI;2010;33.1;World Bank;;;;;INDEX
Mongolia;MNG;Gini index;SI.POV.GINI;2011;33.9;World Bank;;;;;INDEX
Mongolia;MNG;Gini index;SI.POV.GINI;2012;33.8;World Bank;;;;;INDEX
Mongolia;MNG;Gini index;SI.POV.GINI;2014;32.0;World Bank;;;;;INDEX
Mongolia;MNG;Gini index;SI.POV.GINI;2016;32.3;World Bank;;;;;INDEX
Mongolia;MNG;Gini index;SI.POV.GINI;2018;32.7;World Bank;;;;;INDEX
Mongolia;MNG;Gini index;SI.POV.GINI;2022;31.4;World Bank;;;;;INDEX
Montenegro;MNE;Gini index;SI.POV.GINI;2012;41.2;World Bank;;;;;INDEX
Montenegro;MNE;Gini index;SI.POV.GINI;2013;39.0;World Bank;;;;;INDEX
Montenegro;MNE;Gini index;SI.POV.GINI;2014;38.8;World Bank;;;;;INDEX
Montenegro;MNE;Gini index;SI.POV.GINI;2015;39.0;World Bank;;;;;INDEX
Montenegro;MNE;Gini index;SI.POV.GINI;2016;38.5;World Bank;;;;;INDEX
Montenegro;MNE;Gini index;SI.POV.GINI;2017;36.9;World Bank;;;;;INDEX
Montenegro;MNE;Gini index;SI.POV.GINI;2018;36.8;World Bank;;;;;INDEX
Montenegro;MNE;Gini index;SI.POV.GINI;2019;35.7;World Bank;;;;;INDEX
Montenegro;MNE;Gini index;SI.POV.GINI;2020;35.4;World Bank;;;;;INDEX
Montenegro;MNE;Gini index;SI.POV.GINI;2021;34.3;World Bank;;;;;INDEX
Morocco;MAR;Gini index;SI.POV.GINI;1984;36.5;World Bank;;;;;INDEX
Morocco;MAR;Gini index;SI.POV.GINI;1990;39.2;World Bank;;;;;INDEX
Morocco;MAR;Gini index;SI.POV.GINI;1998;39.4;World Bank;;;;;INDEX
Morocco;MAR;Gini index;SI.POV.GINI;2000;40.6;World Bank;;;;;INDEX
Morocco;MAR;Gini index;SI.POV.GINI;2006;40.7;World Bank;;;;;INDEX
Morocco;MAR;Gini index;SI.POV.GINI;2013;39.5;World Bank;;;;;INDEX
Mozambique;MOZ;Gini index;SI.POV.GINI;1996;53.3;World Bank;;;;;INDEX
Mozambique;MOZ;Gini index;SI.POV.GINI;2002;47.0;World Bank;;;;;INDEX
Mozambique;MOZ;Gini index;SI.POV.GINI;2008;45.5;World Bank;;;;;INDEX
Mozambique;MOZ;Gini index;SI.POV.GINI;2014;54.0;World Bank;;;;;INDEX
Mozambique;MOZ;Gini index;SI.POV.GINI;2019;50.3;World Bank;;;;;INDEX
Myanmar;MMR;Gini index;SI.POV.GINI;2015;38.1;World Bank;;;;;INDEX
Myanmar;MMR;Gini index;SI.POV.GINI;2017;30.7;World Bank;;;;;INDEX
Namibia;NAM;Gini index;SI.POV.GINI;2003;63.3;World Bank;;;;;INDEX
Namibia;NAM;Gini index;SI.POV.GINI;2009;61.0;World Bank;;;;;INDEX
Namibia;NAM;Gini index;SI.POV.GINI;2015;59.1;World Bank;;;;;INDEX
Nauru;NRU;Gini index;SI.POV.GINI;2012;32.4;World Bank;;;;;INDEX
Nepal;NPL;Gini index;SI.POV.GINI;1995;35.2;World Bank;;;;;INDEX
Nepal;NPL;Gini index;SI.POV.GINI;2003;43.8;World Bank;;;;;INDEX
Nepal;NPL;Gini index;SI.POV.GINI;2010;32.8;World Bank;;;;;INDEX
Nepal;NPL;Gini index;SI.POV.GINI;2022;30.0;World Bank;;;;;INDEX
Netherlands;NLD;Gini index;SI.POV.GINI;1983;28.4;World Bank;;;;;INDEX
Netherlands;NLD;Gini index;SI.POV.GINI;1987;26.8;World Bank;;;;;INDEX
Netherlands;NLD;Gini index;SI.POV.GINI;1990;31.1;World Bank;;;;;INDEX
Netherlands;NLD;Gini index;SI.POV.GINI;1993;30.4;World Bank;;;;;INDEX
Netherlands;NLD;Gini index;SI.POV.GINI;1999;28.1;World Bank;;;;;INDEX
Netherlands;NLD;Gini index;SI.POV.GINI;2004;29.8;World Bank;;;;;INDEX
Netherlands;NLD;Gini index;SI.POV.GINI;2005;29.0;World Bank;;;;;INDEX
Netherlands;NLD;Gini index;SI.POV.GINI;2006;30.0;World Bank;;;;;INDEX
Netherlands;NLD;Gini index;SI.POV.GINI;2007;29.6;World Bank;;;;;INDEX
Netherlands;NLD;Gini index;SI.POV.GINI;2008;29.3;World Bank;;;;;INDEX
Netherlands;NLD;Gini index;SI.POV.GINI;2009;27.9;World Bank;;;;;INDEX
Netherlands;NLD;Gini index;SI.POV.GINI;2010;27.8;World Bank;;;;;INDEX
Netherlands;NLD;Gini index;SI.POV.GINI;2011;27.8;World Bank;;;;;INDEX
Netherlands;NLD;Gini index;SI.POV.GINI;2012;27.6;World Bank;;;;;INDEX
Netherlands;NLD;Gini index;SI.POV.GINI;2013;28.1;World Bank;;;;;INDEX
Netherlands;NLD;Gini index;SI.POV.GINI;2014;28.6;World Bank;;;;;INDEX
Netherlands;NLD;Gini index;SI.POV.GINI;2015;28.2;World Bank;;;;;INDEX
Netherlands;NLD;Gini index;SI.POV.GINI;2016;28.2;World Bank;;;;;INDEX
Netherlands;NLD;Gini index;SI.POV.GINI;2017;28.5;World Bank;;;;;INDEX
Netherlands;NLD;Gini index;SI.POV.GINI;2018;28.1;World Bank;;;;;INDEX
Netherlands;NLD;Gini index;SI.POV.GINI;2019;29.2;World Bank;;;;;INDEX
Netherlands;NLD;Gini index;SI.POV.GINI;2020;26.0;World Bank;;;;;INDEX
Netherlands;NLD;Gini index;SI.POV.GINI;2021;25.7;World Bank;;;;;INDEX
Nicaragua;NIC;Gini index;SI.POV.GINI;1993;57.1;World Bank;;;;;INDEX
Nicaragua;NIC;Gini index;SI.POV.GINI;1998;54.4;World Bank;;;;;INDEX
Nicaragua;NIC;Gini index;SI.POV.GINI;2001;52.9;World Bank;;;;;INDEX
Nicaragua;NIC;Gini index;SI.POV.GINI;2005;48.8;World Bank;;;;;INDEX
Nicaragua;NIC;Gini index;SI.POV.GINI;2009;43.9;World Bank;;;;;INDEX
Nicaragua;NIC;Gini index;SI.POV.GINI;2014;46.2;World Bank;;;;;INDEX
Niger;NER;Gini index;SI.POV.GINI;1992;36.0;World Bank;;;;;INDEX
Niger;NER;Gini index;SI.POV.GINI;1994;41.4;World Bank;;;;;INDEX
Niger;NER;Gini index;SI.POV.GINI;2005;44.4;World Bank;;;;;INDEX
Niger;NER;Gini index;SI.POV.GINI;2007;37.3;World Bank;;;;;INDEX
Niger;NER;Gini index;SI.POV.GINI;2011;31.5;World Bank;;;;;INDEX
Niger;NER;Gini index;SI.POV.GINI;2014;34.3;World Bank;;;;;INDEX
Niger;NER;Gini index;SI.POV.GINI;2018;37.3;World Bank;;;;;INDEX
Niger;NER;Gini index;SI.POV.GINI;2021;32.9;World Bank;;;;;INDEX
Nigeria;NGA;Gini index;SI.POV.GINI;1985;38.7;World Bank;;;;;INDEX
Nigeria;NGA;Gini index;SI.POV.GINI;1992;44.9;World Bank;;;;;INDEX
Nigeria;NGA;Gini index;SI.POV.GINI;1996;51.9;World Bank;;;;;INDEX
Nigeria;NGA;Gini index;SI.POV.GINI;2003;40.1;World Bank;;;;;INDEX
Nigeria;NGA;Gini index;SI.POV.GINI;2010;35.7;World Bank;;;;;INDEX
Nigeria;NGA;Gini index;SI.POV.GINI;2012;35.5;World Bank;;;;;INDEX
Nigeria;NGA;Gini index;SI.POV.GINI;2015;35.9;World Bank;;;;;INDEX
Nigeria;NGA;Gini index;SI.POV.GINI;2018;35.1;World Bank;;;;;INDEX
North Macedonia;MKD;Gini index;SI.POV.GINI;2009;42.8;World Bank;;;;;INDEX
North Macedonia;MKD;Gini index;SI.POV.GINI;2010;40.1;World Bank;;;;;INDEX
North Macedonia;MKD;Gini index;SI.POV.GINI;2011;39.4;World Bank;;;;;INDEX
North Macedonia;MKD;Gini index;SI.POV.GINI;2012;38.1;World Bank;;;;;INDEX
North Macedonia;MKD;Gini index;SI.POV.GINI;2013;36.2;World Bank;;;;;INDEX
North Macedonia;MKD;Gini index;SI.POV.GINI;2014;35.2;World Bank;;;;;INDEX
North Macedonia;MKD;Gini index;SI.POV.GINI;2015;35.6;World Bank;;;;;INDEX
North Macedonia;MKD;Gini index;SI.POV.GINI;2016;34.5;World Bank;;;;;INDEX
North Macedonia;MKD;Gini index;SI.POV.GINI;2017;34.2;World Bank;;;;;INDEX
North Macedonia;MKD;Gini index;SI.POV.GINI;2018;33.0;World Bank;;;;;INDEX
North Macedonia;MKD;Gini index;SI.POV.GINI;2019;33.5;World Bank;;;;;INDEX
Norway;NOR;Gini index;SI.POV.GINI;1979;26.9;World Bank;;;;;INDEX
Norway;NOR;Gini index;SI.POV.GINI;1986;24.6;World Bank;;;;;INDEX
Norway;NOR;Gini index;SI.POV.GINI;1991;25.2;World Bank;;;;;INDEX
Norway;NOR;Gini index;SI.POV.GINI;1995;26.0;World Bank;;;;;INDEX
Norway;NOR;Gini index;SI.POV.GINI;2000;27.4;World Bank;;;;;INDEX
Norway;NOR;Gini index;SI.POV.GINI;2003;27.6;World Bank;;;;;INDEX
Norway;NOR;Gini index;SI.POV.GINI;2004;31.6;World Bank;;;;;INDEX
Norway;NOR;Gini index;SI.POV.GINI;2005;30.6;World Bank;;;;;INDEX
Norway;NOR;Gini index;SI.POV.GINI;2006;26.4;World Bank;;;;;INDEX
Norway;NOR;Gini index;SI.POV.GINI;2007;27.1;World Bank;;;;;INDEX
Norway;NOR;Gini index;SI.POV.GINI;2008;27.0;World Bank;;;;;INDEX
Norway;NOR;Gini index;SI.POV.GINI;2009;26.2;World Bank;;;;;INDEX
Norway;NOR;Gini index;SI.POV.GINI;2010;25.7;World Bank;;;;;INDEX
Norway;NOR;Gini index;SI.POV.GINI;2011;25.3;World Bank;;;;;INDEX
Norway;NOR;Gini index;SI.POV.GINI;2012;25.7;World Bank;;;;;INDEX
Norway;NOR;Gini index;SI.POV.GINI;2013;26.4;World Bank;;;;;INDEX
Norway;NOR;Gini index;SI.POV.GINI;2014;26.8;World Bank;;;;;INDEX
Norway;NOR;Gini index;SI.POV.GINI;2015;27.5;World Bank;;;;;INDEX
Norway;NOR;Gini index;SI.POV.GINI;2016;28.5;World Bank;;;;;INDEX
Norway;NOR;Gini index;SI.POV.GINI;2017;27.0;World Bank;;;;;INDEX
Norway;NOR;Gini index;SI.POV.GINI;2018;27.6;World Bank;;;;;INDEX
Norway;NOR;Gini index;SI.POV.GINI;2019;27.7;World Bank;;;;;INDEX
Pakistan;PAK;Gini index;SI.POV.GINI;1987;33.3;World Bank;;;;;INDEX
Pakistan;PAK;Gini index;SI.POV.GINI;1990;33.2;World Bank;;;;;INDEX
Pakistan;PAK;Gini index;SI.POV.GINI;1996;28.7;World Bank;;;;;INDEX
Pakistan;PAK;Gini index;SI.POV.GINI;1998;33.1;World Bank;;;;;INDEX
Pakistan;PAK;Gini index;SI.POV.GINI;2001;28.7;World Bank;;;;;INDEX
Pakistan;PAK;Gini index;SI.POV.GINI;2004;30.9;World Bank;;;;;INDEX
Pakistan;PAK;Gini index;SI.POV.GINI;2005;31.3;World Bank;;;;;INDEX
Pakistan;PAK;Gini index;SI.POV.GINI;2007;29.7;World Bank;;;;;INDEX
Pakistan;PAK;Gini index;SI.POV.GINI;2010;28.8;World Bank;;;;;INDEX
Pakistan;PAK;Gini index;SI.POV.GINI;2011;29.7;World Bank;;;;;INDEX
Pakistan;PAK;Gini index;SI.POV.GINI;2013;29.5;World Bank;;;;;INDEX
Pakistan;PAK;Gini index;SI.POV.GINI;2015;31.3;World Bank;;;;;INDEX
Pakistan;PAK;Gini index;SI.POV.GINI;2018;29.6;World Bank;;;;;INDEX
Panama;PAN;Gini index;SI.POV.GINI;1979;48.7;World Bank;;;;;INDEX
Panama;PAN;Gini index;SI.POV.GINI;1989;58.6;World Bank;;;;;INDEX
Panama;PAN;Gini index;SI.POV.GINI;1991;58.0;World Bank;;;;;INDEX
Panama;PAN;Gini index;SI.POV.GINI;1995;57.7;World Bank;;;;;INDEX
Panama;PAN;Gini index;SI.POV.GINI;1997;58.1;World Bank;;;;;INDEX
Panama;PAN;Gini index;SI.POV.GINI;1998;57.4;World Bank;;;;;INDEX
Panama;PAN;Gini index;SI.POV.GINI;1999;56.4;World Bank;;;;;INDEX
Panama;PAN;Gini index;SI.POV.GINI;2000;56.6;World Bank;;;;;INDEX
Panama;PAN;Gini index;SI.POV.GINI;2001;56.7;World Bank;;;;;INDEX
Panama;PAN;Gini index;SI.POV.GINI;2002;56.1;World Bank;;;;;INDEX
Panama;PAN;Gini index;SI.POV.GINI;2003;55.7;World Bank;;;;;INDEX
Panama;PAN;Gini index;SI.POV.GINI;2004;54.8;World Bank;;;;;INDEX
Panama;PAN;Gini index;SI.POV.GINI;2005;53.8;World Bank;;;;;INDEX
Panama;PAN;Gini index;SI.POV.GINI;2006;54.6;World Bank;;;;;INDEX
Panama;PAN;Gini index;SI.POV.GINI;2007;52.7;World Bank;;;;;INDEX
Panama;PAN;Gini index;SI.POV.GINI;2008;52.7;World Bank;;;;;INDEX
Panama;PAN;Gini index;SI.POV.GINI;2009;51.8;World Bank;;;;;INDEX
Panama;PAN;Gini index;SI.POV.GINI;2010;51.6;World Bank;;;;;INDEX
Panama;PAN;Gini index;SI.POV.GINI;2011;51.3;World Bank;;;;;INDEX
Panama;PAN;Gini index;SI.POV.GINI;2012;51.7;World Bank;;;;;INDEX
Panama;PAN;Gini index;SI.POV.GINI;2013;51.5;World Bank;;;;;INDEX
Panama;PAN;Gini index;SI.POV.GINI;2014;50.5;World Bank;;;;;INDEX
Panama;PAN;Gini index;SI.POV.GINI;2015;50.8;World Bank;;;;;INDEX
Panama;PAN;Gini index;SI.POV.GINI;2016;50.4;World Bank;;;;;INDEX
Panama;PAN;Gini index;SI.POV.GINI;2017;49.9;World Bank;;;;;INDEX
Panama;PAN;Gini index;SI.POV.GINI;2018;49.2;World Bank;;;;;INDEX
Panama;PAN;Gini index;SI.POV.GINI;2019;49.8;World Bank;;;;;INDEX
Panama;PAN;Gini index;SI.POV.GINI;2021;50.9;World Bank;;;;;INDEX
Panama;PAN;Gini index;SI.POV.GINI;2023;48.9;World Bank;;;;;INDEX
Papua New Guinea;PNG;Gini index;SI.POV.GINI;1996;45.8;World Bank;;;;;INDEX
Papua New Guinea;PNG;Gini index;SI.POV.GINI;2009;41.9;World Bank;;;;;INDEX
Paraguay;PRY;Gini index;SI.POV.GINI;1990;40.8;World Bank;;;;;INDEX
Paraguay;PRY;Gini index;SI.POV.GINI;1995;58.1;World Bank;;;;;INDEX
Paraguay;PRY;Gini index;SI.POV.GINI;1997;54.9;World Bank;;;;;INDEX
Paraguay;PRY;Gini index;SI.POV.GINI;1999;54.6;World Bank;;;;;INDEX
Paraguay;PRY;Gini index;SI.POV.GINI;2001;54.6;World Bank;;;;;INDEX
Paraguay;PRY;Gini index;SI.POV.GINI;2002;57.3;World Bank;;;;;INDEX
Paraguay;PRY;Gini index;SI.POV.GINI;2003;54.9;World Bank;;;;;INDEX
Paraguay;PRY;Gini index;SI.POV.GINI;2004;52.3;World Bank;;;;;INDEX
Paraguay;PRY;Gini index;SI.POV.GINI;2005;51.4;World Bank;;;;;INDEX
Paraguay;PRY;Gini index;SI.POV.GINI;2006;53.0;World Bank;;;;;INDEX
Paraguay;PRY;Gini index;SI.POV.GINI;2007;53.0;World Bank;;;;;INDEX
Paraguay;PRY;Gini index;SI.POV.GINI;2008;50.7;World Bank;;;;;INDEX
Paraguay;PRY;Gini index;SI.POV.GINI;2009;49.1;World Bank;;;;;INDEX
Paraguay;PRY;Gini index;SI.POV.GINI;2010;51.0;World Bank;;;;;INDEX
Paraguay;PRY;Gini index;SI.POV.GINI;2011;52.3;World Bank;;;;;INDEX
Paraguay;PRY;Gini index;SI.POV.GINI;2012;47.6;World Bank;;;;;INDEX
Paraguay;PRY;Gini index;SI.POV.GINI;2013;47.9;World Bank;;;;;INDEX
Paraguay;PRY;Gini index;SI.POV.GINI;2014;50.7;World Bank;;;;;INDEX
Paraguay;PRY;Gini index;SI.POV.GINI;2015;47.6;World Bank;;;;;INDEX
Paraguay;PRY;Gini index;SI.POV.GINI;2016;47.9;World Bank;;;;;INDEX
Paraguay;PRY;Gini index;SI.POV.GINI;2017;48.5;World Bank;;;;;INDEX
Paraguay;PRY;Gini index;SI.POV.GINI;2018;46.0;World Bank;;;;;INDEX
Paraguay;PRY;Gini index;SI.POV.GINI;2019;45.7;World Bank;;;;;INDEX
Paraguay;PRY;Gini index;SI.POV.GINI;2020;43.5;World Bank;;;;;INDEX
Paraguay;PRY;Gini index;SI.POV.GINI;2021;42.9;World Bank;;;;;INDEX
Paraguay;PRY;Gini index;SI.POV.GINI;2022;45.1;World Bank;;;;;INDEX
Peru;PER;Gini index;SI.POV.GINI;1997;53.3;World Bank;;;;;INDEX
Peru;PER;Gini index;SI.POV.GINI;1998;55.1;World Bank;;;;;INDEX
Peru;PER;Gini index;SI.POV.GINI;1999;54.8;World Bank;;;;;INDEX
Peru;PER;Gini index;SI.POV.GINI;2000;49.1;World Bank;;;;;INDEX
Peru;PER;Gini index;SI.POV.GINI;2001;51.3;World Bank;;;;;INDEX
Peru;PER;Gini index;SI.POV.GINI;2002;53.6;World Bank;;;;;INDEX
Peru;PER;Gini index;SI.POV.GINI;2003;53.1;World Bank;;;;;INDEX
Peru;PER;Gini index;SI.POV.GINI;2004;49.9;World Bank;;;;;INDEX
Peru;PER;Gini index;SI.POV.GINI;2005;50.4;World Bank;;;;;INDEX
Peru;PER;Gini index;SI.POV.GINI;2006;50.3;World Bank;;;;;INDEX
Peru;PER;Gini index;SI.POV.GINI;2007;50.0;World Bank;;;;;INDEX
Peru;PER;Gini index;SI.POV.GINI;2008;47.5;World Bank;;;;;INDEX
Peru;PER;Gini index;SI.POV.GINI;2009;47.0;World Bank;;;;;INDEX
Peru;PER;Gini index;SI.POV.GINI;2010;45.5;World Bank;;;;;INDEX
Peru;PER;Gini index;SI.POV.GINI;2011;44.7;World Bank;;;;;INDEX
Peru;PER;Gini index;SI.POV.GINI;2012;44.4;World Bank;;;;;INDEX
Peru;PER;Gini index;SI.POV.GINI;2013;43.9;World Bank;;;;;INDEX
Peru;PER;Gini index;SI.POV.GINI;2014;43.1;World Bank;;;;;INDEX
Peru;PER;Gini index;SI.POV.GINI;2015;43.4;World Bank;;;;;INDEX
Peru;PER;Gini index;SI.POV.GINI;2016;43.6;World Bank;;;;;INDEX
Peru;PER;Gini index;SI.POV.GINI;2017;43.3;World Bank;;;;;INDEX
Peru;PER;Gini index;SI.POV.GINI;2018;42.4;World Bank;;;;;INDEX
Peru;PER;Gini index;SI.POV.GINI;2019;41.5;World Bank;;;;;INDEX
Peru;PER;Gini index;SI.POV.GINI;2020;43.7;World Bank;;;;;INDEX
Peru;PER;Gini index;SI.POV.GINI;2021;40.1;World Bank;;;;;INDEX
Peru;PER;Gini index;SI.POV.GINI;2022;40.3;World Bank;;;;;INDEX
Philippines;PHL;Gini index;SI.POV.GINI;2000;47.7;World Bank;;;;;INDEX
Philippines;PHL;Gini index;SI.POV.GINI;2003;46.6;World Bank;;;;;INDEX
Philippines;PHL;Gini index;SI.POV.GINI;2006;47.2;World Bank;;;;;INDEX
Philippines;PHL;Gini index;SI.POV.GINI;2009;46.3;World Bank;;;;;INDEX
Philippines;PHL;Gini index;SI.POV.GINI;2012;46.5;World Bank;;;;;INDEX
Philippines;PHL;Gini index;SI.POV.GINI;2015;44.6;World Bank;;;;;INDEX
Philippines;PHL;Gini index;SI.POV.GINI;2018;42.3;World Bank;;;;;INDEX
Philippines;PHL;Gini index;SI.POV.GINI;2021;40.7;World Bank;;;;;INDEX
Poland;POL;Gini index;SI.POV.GINI;2004;38.0;World Bank;;;;;INDEX
Poland;POL;Gini index;SI.POV.GINI;2005;35.8;World Bank;;;;;INDEX
Poland;POL;Gini index;SI.POV.GINI;2006;34.7;World Bank;;;;;INDEX
Poland;POL;Gini index;SI.POV.GINI;2007;34.0;World Bank;;;;;INDEX
Poland;POL;Gini index;SI.POV.GINI;2008;33.5;World Bank;;;;;INDEX
Poland;POL;Gini index;SI.POV.GINI;2009;33.4;World Bank;;;;;INDEX
Poland;POL;Gini index;SI.POV.GINI;2010;33.2;World Bank;;;;;INDEX
Poland;POL;Gini index;SI.POV.GINI;2011;33.2;World Bank;;;;;INDEX
Poland;POL;Gini index;SI.POV.GINI;2012;33.0;World Bank;;;;;INDEX
Poland;POL;Gini index;SI.POV.GINI;2013;33.1;World Bank;;;;;INDEX
Poland;POL;Gini index;SI.POV.GINI;2014;32.8;World Bank;;;;;INDEX
Poland;POL;Gini index;SI.POV.GINI;2015;31.8;World Bank;;;;;INDEX
Poland;POL;Gini index;SI.POV.GINI;2016;31.2;World Bank;;;;;INDEX
Poland;POL;Gini index;SI.POV.GINI;2017;29.7;World Bank;;;;;INDEX
Poland;POL;Gini index;SI.POV.GINI;2018;30.2;World Bank;;;;;INDEX
Poland;POL;Gini index;SI.POV.GINI;2019;28.8;World Bank;;;;;INDEX
Poland;POL;Gini index;SI.POV.GINI;2020;28.5;World Bank;;;;;INDEX
Poland;POL;Gini index;SI.POV.GINI;2021;28.5;World Bank;;;;;INDEX
Portugal;PRT;Gini index;SI.POV.GINI;2003;38.8;World Bank;;;;;INDEX
Portugal;PRT;Gini index;SI.POV.GINI;2004;38.9;World Bank;;;;;INDEX
Portugal;PRT;Gini index;SI.POV.GINI;2005;38.5;World Bank;;;;;INDEX
Portugal;PRT;Gini index;SI.POV.GINI;2006;38.1;World Bank;;;;;INDEX
Portugal;PRT;Gini index;SI.POV.GINI;2007;36.8;World Bank;;;;;INDEX
Portugal;PRT;Gini index;SI.POV.GINI;2008;36.6;World Bank;;;;;INDEX
Portugal;PRT;Gini index;SI.POV.GINI;2009;34.9;World Bank;;;;;INDEX
Portugal;PRT;Gini index;SI.POV.GINI;2010;35.8;World Bank;;;;;INDEX
Portugal;PRT;Gini index;SI.POV.GINI;2011;36.3;World Bank;;;;;INDEX
Portugal;PRT;Gini index;SI.POV.GINI;2012;36.0;World Bank;;;;;INDEX
Portugal;PRT;Gini index;SI.POV.GINI;2013;36.2;World Bank;;;;;INDEX
Portugal;PRT;Gini index;SI.POV.GINI;2014;35.6;World Bank;;;;;INDEX
Portugal;PRT;Gini index;SI.POV.GINI;2015;35.5;World Bank;;;;;INDEX
Portugal;PRT;Gini index;SI.POV.GINI;2016;35.2;World Bank;;;;;INDEX
Portugal;PRT;Gini index;SI.POV.GINI;2017;33.8;World Bank;;;;;INDEX
Portugal;PRT;Gini index;SI.POV.GINI;2018;33.5;World Bank;;;;;INDEX
Portugal;PRT;Gini index;SI.POV.GINI;2019;32.8;World Bank;;;;;INDEX
Portugal;PRT;Gini index;SI.POV.GINI;2020;34.7;World Bank;;;;;INDEX
Portugal;PRT;Gini index;SI.POV.GINI;2021;34.6;World Bank;;;;;INDEX
Qatar;QAT;Gini index;SI.POV.GINI;2017;35.1;World Bank;;;;;INDEX
Romania;ROU;Gini index;SI.POV.GINI;2006;39.6;World Bank;;;;;INDEX
Romania;ROU;Gini index;SI.POV.GINI;2007;37.5;World Bank;;;;;INDEX
Romania;ROU;Gini index;SI.POV.GINI;2008;36.4;World Bank;;;;;INDEX
Romania;ROU;Gini index;SI.POV.GINI;2009;35.6;World Bank;;;;;INDEX
Romania;ROU;Gini index;SI.POV.GINI;2010;35.5;World Bank;;;;;INDEX
Romania;ROU;Gini index;SI.POV.GINI;2011;35.9;World Bank;;;;;INDEX
Romania;ROU;Gini index;SI.POV.GINI;2012;36.5;World Bank;;;;;INDEX
Romania;ROU;Gini index;SI.POV.GINI;2013;36.9;World Bank;;;;;INDEX
Romania;ROU;Gini index;SI.POV.GINI;2014;36.0;World Bank;;;;;INDEX
Romania;ROU;Gini index;SI.POV.GINI;2015;35.9;World Bank;;;;;INDEX
Romania;ROU;Gini index;SI.POV.GINI;2016;34.4;World Bank;;;;;INDEX
Romania;ROU;Gini index;SI.POV.GINI;2017;36.0;World Bank;;;;;INDEX
Romania;ROU;Gini index;SI.POV.GINI;2018;35.8;World Bank;;;;;INDEX
Romania;ROU;Gini index;SI.POV.GINI;2019;34.8;World Bank;;;;;INDEX
Romania;ROU;Gini index;SI.POV.GINI;2020;34.6;World Bank;;;;;INDEX
Romania;ROU;Gini index;SI.POV.GINI;2021;33.9;World Bank;;;;;INDEX
Russian Federation;RUS;Gini index;SI.POV.GINI;2014;36.9;World Bank;;;;;INDEX
Russian Federation;RUS;Gini index;SI.POV.GINI;2015;36.5;World Bank;;;;;INDEX
Russian Federation;RUS;Gini index;SI.POV.GINI;2016;36.7;World Bank;;;;;INDEX
Russian Federation;RUS;Gini index;SI.POV.GINI;2017;35.5;World Bank;;;;;INDEX
Russian Federation;RUS;Gini index;SI.POV.GINI;2018;35.3;World Bank;;;;;INDEX
Russian Federation;RUS;Gini index;SI.POV.GINI;2019;35.7;World Bank;;;;;INDEX
Russian Federation;RUS;Gini index;SI.POV.GINI;2020;33.7;World Bank;;;;;INDEX
Russian Federation;RUS;Gini index;SI.POV.GINI;2021;35.1;World Bank;;;;;INDEX
Rwanda;RWA;Gini index;SI.POV.GINI;2000;48.5;World Bank;;;;;INDEX
Rwanda;RWA;Gini index;SI.POV.GINI;2005;52.0;World Bank;;;;;INDEX
Rwanda;RWA;Gini index;SI.POV.GINI;2010;47.2;World Bank;;;;;INDEX
Rwanda;RWA;Gini index;SI.POV.GINI;2013;45.1;World Bank;;;;;INDEX
Rwanda;RWA;Gini index;SI.POV.GINI;2016;43.7;World Bank;;;;;INDEX
Samoa;WSM;Gini index;SI.POV.GINI;2002;40.7;World Bank;;;;;INDEX
Samoa;WSM;Gini index;SI.POV.GINI;2008;42.0;World Bank;;;;;INDEX
Samoa;WSM;Gini index;SI.POV.GINI;2013;38.7;World Bank;;;;;INDEX
Sao Tome and Principe;STP;Gini index;SI.POV.GINI;2000;32.1;World Bank;;;;;INDEX
Sao Tome and Principe;STP;Gini index;SI.POV.GINI;2010;30.8;World Bank;;;;;INDEX
Sao Tome and Principe;STP;Gini index;SI.POV.GINI;2017;40.7;World Bank;;;;;INDEX
Senegal;SEN;Gini index;SI.POV.GINI;1991;54.0;World Bank;;;;;INDEX
Senegal;SEN;Gini index;SI.POV.GINI;1994;39.2;World Bank;;;;;INDEX
Senegal;SEN;Gini index;SI.POV.GINI;2001;41.2;World Bank;;;;;INDEX
Senegal;SEN;Gini index;SI.POV.GINI;2005;39.2;World Bank;;;;;INDEX
Senegal;SEN;Gini index;SI.POV.GINI;2011;40.3;World Bank;;;;;INDEX
Senegal;SEN;Gini index;SI.POV.GINI;2018;38.3;World Bank;;;;;INDEX
Senegal;SEN;Gini index;SI.POV.GINI;2021;36.2;World Bank;;;;;INDEX
Serbia;SRB;Gini index;SI.POV.GINI;2012;39.9;World Bank;;;;;INDEX
Serbia;SRB;Gini index;SI.POV.GINI;2013;39.4;World Bank;;;;;INDEX
Serbia;SRB;Gini index;SI.POV.GINI;2014;40.4;World Bank;;;;;INDEX
Serbia;SRB;Gini index;SI.POV.GINI;2015;40.5;World Bank;;;;;INDEX
Serbia;SRB;Gini index;SI.POV.GINI;2016;38.8;World Bank;;;;;INDEX
Serbia;SRB;Gini index;SI.POV.GINI;2017;36.1;World Bank;;;;;INDEX
Serbia;SRB;Gini index;SI.POV.GINI;2018;35.0;World Bank;;;;;INDEX
Serbia;SRB;Gini index;SI.POV.GINI;2019;34.5;World Bank;;;;;INDEX
Serbia;SRB;Gini index;SI.POV.GINI;2020;35.0;World Bank;;;;;INDEX
Serbia;SRB;Gini index;SI.POV.GINI;2021;33.1;World Bank;;;;;INDEX
Seychelles;SYC;Gini index;SI.POV.GINI;2013;46.8;World Bank;;;;;INDEX
Seychelles;SYC;Gini index;SI.POV.GINI;2018;32.1;World Bank;;;;;INDEX
Sierra Leone;SLE;Gini index;SI.POV.GINI;2003;40.2;World Bank;;;;;INDEX
Sierra Leone;SLE;Gini index;SI.POV.GINI;2011;34.0;World Bank;;;;;INDEX
Sierra Leone;SLE;Gini index;SI.POV.GINI;2018;35.7;World Bank;;;;;INDEX
Slovak Republic;SVK;Gini index;SI.POV.GINI;2004;27.1;World Bank;;;;;INDEX
Slovak Republic;SVK;Gini index;SI.POV.GINI;2005;29.3;World Bank;;;;;INDEX
Slovak Republic;SVK;Gini index;SI.POV.GINI;2006;25.8;World Bank;;;;;INDEX
Slovak Republic;SVK;Gini index;SI.POV.GINI;2007;24.7;World Bank;;;;;INDEX
Slovak Republic;SVK;Gini index;SI.POV.GINI;2008;26.0;World Bank;;;;;INDEX
Slovak Republic;SVK;Gini index;SI.POV.GINI;2009;27.2;World Bank;;;;;INDEX
Slovak Republic;SVK;Gini index;SI.POV.GINI;2010;27.3;World Bank;;;;;INDEX
Slovak Republic;SVK;Gini index;SI.POV.GINI;2011;26.5;World Bank;;;;;INDEX
Slovak Republic;SVK;Gini index;SI.POV.GINI;2012;26.1;World Bank;;;;;INDEX
Slovak Republic;SVK;Gini index;SI.POV.GINI;2013;28.1;World Bank;;;;;INDEX
Slovak Republic;SVK;Gini index;SI.POV.GINI;2014;26.1;World Bank;;;;;INDEX
Slovak Republic;SVK;Gini index;SI.POV.GINI;2015;26.5;World Bank;;;;;INDEX
Slovak Republic;SVK;Gini index;SI.POV.GINI;2016;25.2;World Bank;;;;;INDEX
Slovak Republic;SVK;Gini index;SI.POV.GINI;2017;23.2;World Bank;;;;;INDEX
Slovak Republic;SVK;Gini index;SI.POV.GINI;2018;25.0;World Bank;;;;;INDEX
Slovak Republic;SVK;Gini index;SI.POV.GINI;2019;23.2;World Bank;;;;;INDEX
Slovak Republic;SVK;Gini index;SI.POV.GINI;2020;24.2;World Bank;;;;;INDEX
Slovak Republic;SVK;Gini index;SI.POV.GINI;2021;24.1;World Bank;;;;;INDEX
Slovenia;SVN;Gini index;SI.POV.GINI;2004;24.8;World Bank;;;;;INDEX
Slovenia;SVN;Gini index;SI.POV.GINI;2005;24.6;World Bank;;;;;INDEX
Slovenia;SVN;Gini index;SI.POV.GINI;2006;24.4;World Bank;;;;;INDEX
Slovenia;SVN;Gini index;SI.POV.GINI;2007;24.4;World Bank;;;;;INDEX
Slovenia;SVN;Gini index;SI.POV.GINI;2008;23.7;World Bank;;;;;INDEX
Slovenia;SVN;Gini index;SI.POV.GINI;2009;24.8;World Bank;;;;;INDEX
Slovenia;SVN;Gini index;SI.POV.GINI;2010;24.9;World Bank;;;;;INDEX
Slovenia;SVN;Gini index;SI.POV.GINI;2011;24.9;World Bank;;;;;INDEX
Slovenia;SVN;Gini index;SI.POV.GINI;2012;25.6;World Bank;;;;;INDEX
Slovenia;SVN;Gini index;SI.POV.GINI;2013;26.2;World Bank;;;;;INDEX
Slovenia;SVN;Gini index;SI.POV.GINI;2014;25.7;World Bank;;;;;INDEX
Slovenia;SVN;Gini index;SI.POV.GINI;2015;25.4;World Bank;;;;;INDEX
Slovenia;SVN;Gini index;SI.POV.GINI;2016;24.8;World Bank;;;;;INDEX
Slovenia;SVN;Gini index;SI.POV.GINI;2017;24.2;World Bank;;;;;INDEX
Slovenia;SVN;Gini index;SI.POV.GINI;2018;24.6;World Bank;;;;;INDEX
Slovenia;SVN;Gini index;SI.POV.GINI;2019;24.4;World Bank;;;;;INDEX
Slovenia;SVN;Gini index;SI.POV.GINI;2020;24.0;World Bank;;;;;INDEX
Slovenia;SVN;Gini index;SI.POV.GINI;2021;24.3;World Bank;;;;;INDEX
Solomon Islands;SLB;Gini index;SI.POV.GINI;2005;46.1;World Bank;;;;;INDEX
Solomon Islands;SLB;Gini index;SI.POV.GINI;2012;37.1;World Bank;;;;;INDEX
South Africa;ZAF;Gini index;SI.POV.GINI;1993;59.3;World Bank;;;;;INDEX
South Africa;ZAF;Gini index;SI.POV.GINI;2000;57.8;World Bank;;;;;INDEX
South Africa;ZAF;Gini index;SI.POV.GINI;2005;64.8;World Bank;;;;;INDEX
South Africa;ZAF;Gini index;SI.POV.GINI;2008;63.0;World Bank;;;;;INDEX
South Africa;ZAF;Gini index;SI.POV.GINI;2010;63.4;World Bank;;;;;INDEX
South Africa;ZAF;Gini index;SI.POV.GINI;2014;63.0;World Bank;;;;;INDEX
South Sudan;SSD;Gini index;SI.POV.GINI;2009;46.3;World Bank;;;;;INDEX
South Sudan;SSD;Gini index;SI.POV.GINI;2016;44.1;World Bank;;;;;INDEX
Spain;ESP;Gini index;SI.POV.GINI;1980;34.5;World Bank;;;;;INDEX
Spain;ESP;Gini index;SI.POV.GINI;1985;34.4;World Bank;;;;;INDEX
Spain;ESP;Gini index;SI.POV.GINI;1990;32.0;World Bank;;;;;INDEX
Spain;ESP;Gini index;SI.POV.GINI;1993;35.7;World Bank;;;;;INDEX
Spain;ESP;Gini index;SI.POV.GINI;1994;35.1;World Bank;;;;;INDEX
Spain;ESP;Gini index;SI.POV.GINI;1995;35.7;World Bank;;;;;INDEX
Spain;ESP;Gini index;SI.POV.GINI;1996;36.5;World Bank;;;;;INDEX
Spain;ESP;Gini index;SI.POV.GINI;1997;35.3;World Bank;;;;;INDEX
Spain;ESP;Gini index;SI.POV.GINI;1998;34.6;World Bank;;;;;INDEX
Spain;ESP;Gini index;SI.POV.GINI;1999;33.8;World Bank;;;;;INDEX
Spain;ESP;Gini index;SI.POV.GINI;2000;34.1;World Bank;;;;;INDEX
Spain;ESP;Gini index;SI.POV.GINI;2003;31.8;World Bank;;;;;INDEX
Spain;ESP;Gini index;SI.POV.GINI;2004;33.3;World Bank;;;;;INDEX
Spain;ESP;Gini index;SI.POV.GINI;2005;32.4;World Bank;;;;;INDEX
Spain;ESP;Gini index;SI.POV.GINI;2006;33.5;World Bank;;;;;INDEX
Spain;ESP;Gini index;SI.POV.GINI;2007;34.1;World Bank;;;;;INDEX
Spain;ESP;Gini index;SI.POV.GINI;2008;34.2;World Bank;;;;;INDEX
Spain;ESP;Gini index;SI.POV.GINI;2009;34.9;World Bank;;;;;INDEX
Spain;ESP;Gini index;SI.POV.GINI;2010;35.2;World Bank;;;;;INDEX
Spain;ESP;Gini index;SI.POV.GINI;2011;35.7;World Bank;;;;;INDEX
Spain;ESP;Gini index;SI.POV.GINI;2012;35.4;World Bank;;;;;INDEX
Spain;ESP;Gini index;SI.POV.GINI;2013;36.2;World Bank;;;;;INDEX
Spain;ESP;Gini index;SI.POV.GINI;2014;36.1;World Bank;;;;;INDEX
Spain;ESP;Gini index;SI.POV.GINI;2015;36.2;World Bank;;;;;INDEX
Spain;ESP;Gini index;SI.POV.GINI;2016;35.8;World Bank;;;;;INDEX
Spain;ESP;Gini index;SI.POV.GINI;2017;34.7;World Bank;;;;;INDEX
Spain;ESP;Gini index;SI.POV.GINI;2018;34.7;World Bank;;;;;INDEX
Spain;ESP;Gini index;SI.POV.GINI;2019;34.3;World Bank;;;;;INDEX
Spain;ESP;Gini index;SI.POV.GINI;2020;34.9;World Bank;;;;;INDEX
Spain;ESP;Gini index;SI.POV.GINI;2021;33.9;World Bank;;;;;INDEX
Sri Lanka;LKA;Gini index;SI.POV.GINI;1985;32.5;World Bank;;;;;INDEX
Sri Lanka;LKA;Gini index;SI.POV.GINI;1990;32.4;World Bank;;;;;INDEX
Sri Lanka;LKA;Gini index;SI.POV.GINI;1995;35.4;World Bank;;;;;INDEX
Sri Lanka;LKA;Gini index;SI.POV.GINI;2002;40.2;World Bank;;;;;INDEX
Sri Lanka;LKA;Gini index;SI.POV.GINI;2006;39.7;World Bank;;;;;INDEX
Sri Lanka;LKA;Gini index;SI.POV.GINI;2009;36.1;World Bank;;;;;INDEX
Sri Lanka;LKA;Gini index;SI.POV.GINI;2012;38.7;World Bank;;;;;INDEX
Sri Lanka;LKA;Gini index;SI.POV.GINI;2016;39.3;World Bank;;;;;INDEX
Sri Lanka;LKA;Gini index;SI.POV.GINI;2019;37.7;World Bank;;;;;INDEX
St. Lucia;LCA;Gini index;SI.POV.GINI;2015;43.7;World Bank;;;;;INDEX
Sudan;SDN;Gini index;SI.POV.GINI;2009;35.4;World Bank;;;;;INDEX
Sudan;SDN;Gini index;SI.POV.GINI;2014;34.2;World Bank;;;;;INDEX
Suriname;SUR;Gini index;SI.POV.GINI;2022;39.2;World Bank;;;;;INDEX
Sweden;SWE;Gini index;SI.POV.GINI;1975;24.3;World Bank;;;;;INDEX
Sweden;SWE;Gini index;SI.POV.GINI;1981;22.9;World Bank;;;;;INDEX
Sweden;SWE;Gini index;SI.POV.GINI;1987;23.1;World Bank;;;;;INDEX
Sweden;SWE;Gini index;SI.POV.GINI;1992;24.9;World Bank;;;;;INDEX
Sweden;SWE;Gini index;SI.POV.GINI;1995;25.2;World Bank;;;;;INDEX
Sweden;SWE;Gini index;SI.POV.GINI;2000;27.0;World Bank;;;;;INDEX
Sweden;SWE;Gini index;SI.POV.GINI;2001;26.5;World Bank;;;;;INDEX
Sweden;SWE;Gini index;SI.POV.GINI;2002;26.2;World Bank;;;;;INDEX
Sweden;SWE;Gini index;SI.POV.GINI;2003;25.3;World Bank;;;;;INDEX
Sweden;SWE;Gini index;SI.POV.GINI;2004;26.1;World Bank;;;;;INDEX
Sweden;SWE;Gini index;SI.POV.GINI;2005;26.8;World Bank;;;;;INDEX
Sweden;SWE;Gini index;SI.POV.GINI;2006;26.4;World Bank;;;;;INDEX
Sweden;SWE;Gini index;SI.POV.GINI;2007;27.1;World Bank;;;;;INDEX
Sweden;SWE;Gini index;SI.POV.GINI;2008;28.1;World Bank;;;;;INDEX
Sweden;SWE;Gini index;SI.POV.GINI;2009;27.3;World Bank;;;;;INDEX
Sweden;SWE;Gini index;SI.POV.GINI;2010;27.7;World Bank;;;;;INDEX
Sweden;SWE;Gini index;SI.POV.GINI;2011;27.6;World Bank;;;;;INDEX
Sweden;SWE;Gini index;SI.POV.GINI;2012;27.6;World Bank;;;;;INDEX
Sweden;SWE;Gini index;SI.POV.GINI;2013;28.8;World Bank;;;;;INDEX
Sweden;SWE;Gini index;SI.POV.GINI;2014;28.4;World Bank;;;;;INDEX
Sweden;SWE;Gini index;SI.POV.GINI;2015;29.2;World Bank;;;;;INDEX
Sweden;SWE;Gini index;SI.POV.GINI;2016;29.6;World Bank;;;;;INDEX
Sweden;SWE;Gini index;SI.POV.GINI;2017;28.8;World Bank;;;;;INDEX
Sweden;SWE;Gini index;SI.POV.GINI;2018;30.0;World Bank;;;;;INDEX
Sweden;SWE;Gini index;SI.POV.GINI;2019;29.3;World Bank;;;;;INDEX
Sweden;SWE;Gini index;SI.POV.GINI;2020;28.9;World Bank;;;;;INDEX
Sweden;SWE;Gini index;SI.POV.GINI;2021;29.8;World Bank;;;;;INDEX
Switzerland;CHE;Gini index;SI.POV.GINI;1982;36.0;World Bank;;;;;INDEX
Switzerland;CHE;Gini index;SI.POV.GINI;1992;33.9;World Bank;;;;;INDEX
Switzerland;CHE;Gini index;SI.POV.GINI;2000;33.4;World Bank;;;;;INDEX
Switzerland;CHE;Gini index;SI.POV.GINI;2002;31.7;World Bank;;;;;INDEX
Switzerland;CHE;Gini index;SI.POV.GINI;2004;31.6;World Bank;;;;;INDEX
Switzerland;CHE;Gini index;SI.POV.GINI;2006;33.9;World Bank;;;;;INDEX
Switzerland;CHE;Gini index;SI.POV.GINI;2007;34.3;World Bank;;;;;INDEX
Switzerland;CHE;Gini index;SI.POV.GINI;2008;33.8;World Bank;;;;;INDEX
Switzerland;CHE;Gini index;SI.POV.GINI;2009;32.9;World Bank;;;;;INDEX
Switzerland;CHE;Gini index;SI.POV.GINI;2010;32.6;World Bank;;;;;INDEX
Switzerland;CHE;Gini index;SI.POV.GINI;2011;31.7;World Bank;;;;;INDEX
Switzerland;CHE;Gini index;SI.POV.GINI;2012;31.6;World Bank;;;;;INDEX
Switzerland;CHE;Gini index;SI.POV.GINI;2013;32.5;World Bank;;;;;INDEX
Switzerland;CHE;Gini index;SI.POV.GINI;2014;32.5;World Bank;;;;;INDEX
Switzerland;CHE;Gini index;SI.POV.GINI;2015;32.3;World Bank;;;;;INDEX
Switzerland;CHE;Gini index;SI.POV.GINI;2016;33.0;World Bank;;;;;INDEX
Switzerland;CHE;Gini index;SI.POV.GINI;2017;32.7;World Bank;;;;;INDEX
Switzerland;CHE;Gini index;SI.POV.GINI;2018;33.1;World Bank;;;;;INDEX
Switzerland;CHE;Gini index;SI.POV.GINI;2019;34.0;World Bank;;;;;INDEX
Switzerland;CHE;Gini index;SI.POV.GINI;2020;33.7;World Bank;;;;;INDEX
Syrian Arab Republic;SYR;Gini index;SI.POV.GINI;1996;35.2;World Bank;;;;;INDEX
Syrian Arab Republic;SYR;Gini index;SI.POV.GINI;2003;37.5;World Bank;;;;;INDEX
Syrian Arab Republic;SYR;Gini index;SI.POV.GINI;2006;40.1;World Bank;;;;;INDEX
Syrian Arab Republic;SYR;Gini index;SI.POV.GINI;2009;40.4;World Bank;;;;;INDEX
Syrian Arab Republic;SYR;Gini index;SI.POV.GINI;2022;26.6;World Bank;;;;;INDEX
Tajikistan;TJK;Gini index;SI.POV.GINI;1999;29.5;World Bank;;;;;INDEX
Tajikistan;TJK;Gini index;SI.POV.GINI;2003;32.7;World Bank;;;;;INDEX
Tajikistan;TJK;Gini index;SI.POV.GINI;2004;33.6;World Bank;;;;;INDEX
Tajikistan;TJK;Gini index;SI.POV.GINI;2007;32.2;World Bank;;;;;INDEX
Tajikistan;TJK;Gini index;SI.POV.GINI;2009;30.8;World Bank;;;;;INDEX
Tajikistan;TJK;Gini index;SI.POV.GINI;2015;34.0;World Bank;;;;;INDEX
Tanzania;TZA;Gini index;SI.POV.GINI;1991;35.3;World Bank;;;;;INDEX
Tanzania;TZA;Gini index;SI.POV.GINI;2000;37.3;World Bank;;;;;INDEX
Tanzania;TZA;Gini index;SI.POV.GINI;2007;40.3;World Bank;;;;;INDEX
Tanzania;TZA;Gini index;SI.POV.GINI;2011;37.8;World Bank;;;;;INDEX
Tanzania;TZA;Gini index;SI.POV.GINI;2018;40.5;World Bank;;;;;INDEX
Thailand;THA;Gini index;SI.POV.GINI;1981;45.2;World Bank;;;;;INDEX
Thailand;THA;Gini index;SI.POV.GINI;1988;43.8;World Bank;;;;;INDEX
Thailand;THA;Gini index;SI.POV.GINI;1990;45.3;World Bank;;;;;INDEX
Thailand;THA;Gini index;SI.POV.GINI;1992;47.9;World Bank;;;;;INDEX
Thailand;THA;Gini index;SI.POV.GINI;1994;43.5;World Bank;;;;;INDEX
Thailand;THA;Gini index;SI.POV.GINI;1996;42.9;World Bank;;;;;INDEX
Thailand;THA;Gini index;SI.POV.GINI;1998;41.5;World Bank;;;;;INDEX
Thailand;THA;Gini index;SI.POV.GINI;1999;43.1;World Bank;;;;;INDEX
Thailand;THA;Gini index;SI.POV.GINI;2000;42.8;World Bank;;;;;INDEX
Thailand;THA;Gini index;SI.POV.GINI;2002;41.9;World Bank;;;;;INDEX
Thailand;THA;Gini index;SI.POV.GINI;2004;42.5;World Bank;;;;;INDEX
Thailand;THA;Gini index;SI.POV.GINI;2006;41.8;World Bank;;;;;INDEX
Thailand;THA;Gini index;SI.POV.GINI;2007;39.8;World Bank;;;;;INDEX
Thailand;THA;Gini index;SI.POV.GINI;2008;40.3;World Bank;;;;;INDEX
Thailand;THA;Gini index;SI.POV.GINI;2009;39.6;World Bank;;;;;INDEX
Thailand;THA;Gini index;SI.POV.GINI;2010;39.4;World Bank;;;;;INDEX
Thailand;THA;Gini index;SI.POV.GINI;2011;37.5;World Bank;;;;;INDEX
Thailand;THA;Gini index;SI.POV.GINI;2012;39.3;World Bank;;;;;INDEX
Thailand;THA;Gini index;SI.POV.GINI;2013;37.8;World Bank;;;;;INDEX
Thailand;THA;Gini index;SI.POV.GINI;2014;37.0;World Bank;;;;;INDEX
Thailand;THA;Gini index;SI.POV.GINI;2015;36.0;World Bank;;;;;INDEX
Thailand;THA;Gini index;SI.POV.GINI;2016;36.9;World Bank;;;;;INDEX
Thailand;THA;Gini index;SI.POV.GINI;2017;36.4;World Bank;;;;;INDEX
Thailand;THA;Gini index;SI.POV.GINI;2018;36.4;World Bank;;;;;INDEX
Thailand;THA;Gini index;SI.POV.GINI;2019;34.9;World Bank;;;;;INDEX
Thailand;THA;Gini index;SI.POV.GINI;2020;35.0;World Bank;;;;;INDEX
Thailand;THA;Gini index;SI.POV.GINI;2021;34.9;World Bank;;;;;INDEX
Timor-Leste;TLS;Gini index;SI.POV.GINI;2001;35.9;World Bank;;;;;INDEX
Timor-Leste;TLS;Gini index;SI.POV.GINI;2007;27.8;World Bank;;;;;INDEX
Timor-Leste;TLS;Gini index;SI.POV.GINI;2014;28.7;World Bank;;;;;INDEX
Togo;TGO;Gini index;SI.POV.GINI;2006;42.2;World Bank;;;;;INDEX
Togo;TGO;Gini index;SI.POV.GINI;2011;46.0;World Bank;;;;;INDEX
Togo;TGO;Gini index;SI.POV.GINI;2015;43.0;World Bank;;;;;INDEX
Togo;TGO;Gini index;SI.POV.GINI;2018;42.5;World Bank;;;;;INDEX
Togo;TGO;Gini index;SI.POV.GINI;2021;37.9;World Bank;;;;;INDEX
Tonga;TON;Gini index;SI.POV.GINI;2000;37.7;World Bank;;;;;INDEX
Tonga;TON;Gini index;SI.POV.GINI;2009;37.5;World Bank;;;;;INDEX
Tonga;TON;Gini index;SI.POV.GINI;2015;33.5;World Bank;;;;;INDEX
Tonga;TON;Gini index;SI.POV.GINI;2021;27.1;World Bank;;;;;INDEX
Trinidad and Tobago;TTO;Gini index;SI.POV.GINI;1988;42.6;World Bank;;;;;INDEX
Trinidad and Tobago;TTO;Gini index;SI.POV.GINI;1992;40.2;World Bank;;;;;INDEX
Tunisia;TUN;Gini index;SI.POV.GINI;1985;43.4;World Bank;;;;;INDEX
Tunisia;TUN;Gini index;SI.POV.GINI;1990;40.1;World Bank;;;;;INDEX
Tunisia;TUN;Gini index;SI.POV.GINI;1995;41.7;World Bank;;;;;INDEX
Tunisia;TUN;Gini index;SI.POV.GINI;2000;40.8;World Bank;;;;;INDEX
Tunisia;TUN;Gini index;SI.POV.GINI;2005;37.7;World Bank;;;;;INDEX
Tunisia;TUN;Gini index;SI.POV.GINI;2010;35.8;World Bank;;;;;INDEX
Tunisia;TUN;Gini index;SI.POV.GINI;2015;32.8;World Bank;;;;;INDEX
Tunisia;TUN;Gini index;SI.POV.GINI;2021;33.7;World Bank;;;;;INDEX
Turkiye;TUR;Gini index;SI.POV.GINI;2017;43.5;World Bank;;;;;INDEX
Turkiye;TUR;Gini index;SI.POV.GINI;2018;42.4;World Bank;;;;;INDEX
Turkiye;TUR;Gini index;SI.POV.GINI;2019;43.8;World Bank;;;;;INDEX
Turkiye;TUR;Gini index;SI.POV.GINI;2020;43.0;World Bank;;;;;INDEX
Turkiye;TUR;Gini index;SI.POV.GINI;2021;44.4;World Bank;;;;;INDEX
Turkmenistan;TKM;Gini index;SI.POV.GINI;1998;40.8;World Bank;;;;;INDEX
Tuvalu;TUV;Gini index;SI.POV.GINI;2010;39.1;World Bank;;;;;INDEX
Uganda;UGA;Gini index;SI.POV.GINI;1989;44.4;World Bank;;;;;INDEX
Uganda;UGA;Gini index;SI.POV.GINI;1992;41.4;World Bank;;;;;INDEX
Uganda;UGA;Gini index;SI.POV.GINI;1996;39.0;World Bank;;;;;INDEX
Uganda;UGA;Gini index;SI.POV.GINI;1999;43.0;World Bank;;;;;INDEX
Uganda;UGA;Gini index;SI.POV.GINI;2002;45.2;World Bank;;;;;INDEX
Uganda;UGA;Gini index;SI.POV.GINI;2005;42.9;World Bank;;;;;INDEX
Uganda;UGA;Gini index;SI.POV.GINI;2009;44.2;World Bank;;;;;INDEX
Uganda;UGA;Gini index;SI.POV.GINI;2012;41.0;World Bank;;;;;INDEX
Uganda;UGA;Gini index;SI.POV.GINI;2016;42.8;World Bank;;;;;INDEX
Uganda;UGA;Gini index;SI.POV.GINI;2019;42.7;World Bank;;;;;INDEX
Ukraine;UKR;Gini index;SI.POV.GINI;1992;29.7;World Bank;;;;;INDEX
Ukraine;UKR;Gini index;SI.POV.GINI;1993;28.9;World Bank;;;;;INDEX
Ukraine;UKR;Gini index;SI.POV.GINI;1995;39.2;World Bank;;;;;INDEX
Ukraine;UKR;Gini index;SI.POV.GINI;1996;35.2;World Bank;;;;;INDEX
Ukraine;UKR;Gini index;SI.POV.GINI;2002;29.0;World Bank;;;;;INDEX
Ukraine;UKR;Gini index;SI.POV.GINI;2003;28.7;World Bank;;;;;INDEX
Ukraine;UKR;Gini index;SI.POV.GINI;2004;28.9;World Bank;;;;;INDEX
Ukraine;UKR;Gini index;SI.POV.GINI;2005;29.0;World Bank;;;;;INDEX
Ukraine;UKR;Gini index;SI.POV.GINI;2006;29.8;World Bank;;;;;INDEX
Ukraine;UKR;Gini index;SI.POV.GINI;2007;27.0;World Bank;;;;;INDEX
Ukraine;UKR;Gini index;SI.POV.GINI;2008;26.6;World Bank;;;;;INDEX
Ukraine;UKR;Gini index;SI.POV.GINI;2009;25.3;World Bank;;;;;INDEX
Ukraine;UKR;Gini index;SI.POV.GINI;2010;24.8;World Bank;;;;;INDEX
Ukraine;UKR;Gini index;SI.POV.GINI;2011;24.6;World Bank;;;;;INDEX
Ukraine;UKR;Gini index;SI.POV.GINI;2012;24.7;World Bank;;;;;INDEX
Ukraine;UKR;Gini index;SI.POV.GINI;2013;24.6;World Bank;;;;;INDEX
Ukraine;UKR;Gini index;SI.POV.GINI;2014;24.0;World Bank;;;;;INDEX
Ukraine;UKR;Gini index;SI.POV.GINI;2015;25.5;World Bank;;;;;INDEX
Ukraine;UKR;Gini index;SI.POV.GINI;2016;25.0;World Bank;;;;;INDEX
Ukraine;UKR;Gini index;SI.POV.GINI;2017;26.0;World Bank;;;;;INDEX
Ukraine;UKR;Gini index;SI.POV.GINI;2018;26.1;World Bank;;;;;INDEX
Ukraine;UKR;Gini index;SI.POV.GINI;2019;26.6;World Bank;;;;;INDEX
Ukraine;UKR;Gini index;SI.POV.GINI;2020;25.6;World Bank;;;;;INDEX
United Arab Emirates;ARE;Gini index;SI.POV.GINI;2013;32.5;World Bank;;;;;INDEX
United Arab Emirates;ARE;Gini index;SI.POV.GINI;2018;26.4;World Bank;;;;;INDEX
United Kingdom;GBR;Gini index;SI.POV.GINI;1968;26.8;World Bank;;;;;INDEX
United Kingdom;GBR;Gini index;SI.POV.GINI;1969;27.9;World Bank;;;;;INDEX
United Kingdom;GBR;Gini index;SI.POV.GINI;1970;28.0;World Bank;;;;;INDEX
United Kingdom;GBR;Gini index;SI.POV.GINI;1971;29.3;World Bank;;;;;INDEX
United Kingdom;GBR;Gini index;SI.POV.GINI;1972;28.8;World Bank;;;;;INDEX
United Kingdom;GBR;Gini index;SI.POV.GINI;1973;28.8;World Bank;;;;;INDEX
United Kingdom;GBR;Gini index;SI.POV.GINI;1974;29.0;World Bank;;;;;INDEX
United Kingdom;GBR;Gini index;SI.POV.GINI;1975;27.9;World Bank;;;;;INDEX
United Kingdom;GBR;Gini index;SI.POV.GINI;1976;27.6;World Bank;;;;;INDEX
United Kingdom;GBR;Gini index;SI.POV.GINI;1977;27.1;World Bank;;;;;INDEX
United Kingdom;GBR;Gini index;SI.POV.GINI;1978;27.2;World Bank;;;;;INDEX
United Kingdom;GBR;Gini index;SI.POV.GINI;1979;27.4;World Bank;;;;;INDEX
United Kingdom;GBR;Gini index;SI.POV.GINI;1980;28.5;World Bank;;;;;INDEX
United Kingdom;GBR;Gini index;SI.POV.GINI;1981;29.7;World Bank;;;;;INDEX
United Kingdom;GBR;Gini index;SI.POV.GINI;1982;29.9;World Bank;;;;;INDEX
United Kingdom;GBR;Gini index;SI.POV.GINI;1983;29.8;World Bank;;;;;INDEX
United Kingdom;GBR;Gini index;SI.POV.GINI;1984;29.2;World Bank;;;;;INDEX
United Kingdom;GBR;Gini index;SI.POV.GINI;1985;30.4;World Bank;;;;;INDEX
United Kingdom;GBR;Gini index;SI.POV.GINI;1986;31.9;World Bank;;;;;INDEX
United Kingdom;GBR;Gini index;SI.POV.GINI;1987;33.9;World Bank;;;;;INDEX
United Kingdom;GBR;Gini index;SI.POV.GINI;1988;34.3;World Bank;;;;;INDEX
United Kingdom;GBR;Gini index;SI.POV.GINI;1989;33.4;World Bank;;;;;INDEX
United Kingdom;GBR;Gini index;SI.POV.GINI;1990;35.7;World Bank;;;;;INDEX
United Kingdom;GBR;Gini index;SI.POV.GINI;1991;35.0;World Bank;;;;;INDEX
United Kingdom;GBR;Gini index;SI.POV.GINI;1992;35.0;World Bank;;;;;INDEX
United Kingdom;GBR;Gini index;SI.POV.GINI;1993;35.1;World Bank;;;;;INDEX
United Kingdom;GBR;Gini index;SI.POV.GINI;1994;36.0;World Bank;;;;;INDEX
United Kingdom;GBR;Gini index;SI.POV.GINI;1995;35.5;World Bank;;;;;INDEX
United Kingdom;GBR;Gini index;SI.POV.GINI;1996;35.3;World Bank;;;;;INDEX
United Kingdom;GBR;Gini index;SI.POV.GINI;1997;35.7;World Bank;;;;;INDEX
United Kingdom;GBR;Gini index;SI.POV.GINI;1998;36.6;World Bank;;;;;INDEX
United Kingdom;GBR;Gini index;SI.POV.GINI;1999;36.8;World Bank;;;;;INDEX
United Kingdom;GBR;Gini index;SI.POV.GINI;2000;38.8;World Bank;;;;;INDEX
United Kingdom;GBR;Gini index;SI.POV.GINI;2001;37.1;World Bank;;;;;INDEX
United Kingdom;GBR;Gini index;SI.POV.GINI;2002;35.1;World Bank;;;;;INDEX
United Kingdom;GBR;Gini index;SI.POV.GINI;2003;34.9;World Bank;;;;;INDEX
United Kingdom;GBR;Gini index;SI.POV.GINI;2004;34.8;World Bank;;;;;INDEX
United Kingdom;GBR;Gini index;SI.POV.GINI;2005;35.5;World Bank;;;;;INDEX
United Kingdom;GBR;Gini index;SI.POV.GINI;2006;35.9;World Bank;;;;;INDEX
United Kingdom;GBR;Gini index;SI.POV.GINI;2007;34.4;World Bank;;;;;INDEX
United Kingdom;GBR;Gini index;SI.POV.GINI;2008;35.4;World Bank;;;;;INDEX
United Kingdom;GBR;Gini index;SI.POV.GINI;2009;35.1;World Bank;;;;;INDEX
United Kingdom;GBR;Gini index;SI.POV.GINI;2010;33.7;World Bank;;;;;INDEX
United Kingdom;GBR;Gini index;SI.POV.GINI;2011;33.2;World Bank;;;;;INDEX
United Kingdom;GBR;Gini index;SI.POV.GINI;2012;33.1;World Bank;;;;;INDEX
United Kingdom;GBR;Gini index;SI.POV.GINI;2013;32.7;World Bank;;;;;INDEX
United Kingdom;GBR;Gini index;SI.POV.GINI;2014;33.1;World Bank;;;;;INDEX
United Kingdom;GBR;Gini index;SI.POV.GINI;2015;33.3;World Bank;;;;;INDEX
United Kingdom;GBR;Gini index;SI.POV.GINI;2016;33.1;World Bank;;;;;INDEX
United Kingdom;GBR;Gini index;SI.POV.GINI;2017;32.6;World Bank;;;;;INDEX
United Kingdom;GBR;Gini index;SI.POV.GINI;2018;33.7;World Bank;;;;;INDEX
United Kingdom;GBR;Gini index;SI.POV.GINI;2019;32.8;World Bank;;;;;INDEX
United Kingdom;GBR;Gini index;SI.POV.GINI;2020;32.6;World Bank;;;;;INDEX
United Kingdom;GBR;Gini index;SI.POV.GINI;2021;32.4;World Bank;;;;;INDEX
United States;USA;Gini index;SI.POV.GINI;1963;37.6;World Bank;;;;;INDEX
United States;USA;Gini index;SI.POV.GINI;1964;38.1;World Bank;;;;;INDEX
United States;USA;Gini index;SI.POV.GINI;1965;37.5;World Bank;;;;;INDEX
United States;USA;Gini index;SI.POV.GINI;1966;37.8;World Bank;;;;;INDEX
United States;USA;Gini index;SI.POV.GINI;1967;36.9;World Bank;;;;;INDEX
United States;USA;Gini index;SI.POV.GINI;1968;36.3;World Bank;;;;;INDEX
United States;USA;Gini index;SI.POV.GINI;1969;36.0;World Bank;;;;;INDEX
United States;USA;Gini index;SI.POV.GINI;1970;36.6;World Bank;;;;;INDEX
United States;USA;Gini index;SI.POV.GINI;1971;36.9;World Bank;;;;;INDEX
United States;USA;Gini index;SI.POV.GINI;1972;36.7;World Bank;;;;;INDEX
United States;USA;Gini index;SI.POV.GINI;1973;36.1;World Bank;;;;;INDEX
United States;USA;Gini index;SI.POV.GINI;1974;35.5;World Bank;;;;;INDEX
United States;USA;Gini index;SI.POV.GINI;1975;35.6;World Bank;;;;;INDEX
United States;USA;Gini index;SI.POV.GINI;1976;35.6;World Bank;;;;;INDEX
United States;USA;Gini index;SI.POV.GINI;1977;35.5;World Bank;;;;;INDEX
United States;USA;Gini index;SI.POV.GINI;1978;34.8;World Bank;;;;;INDEX
United States;USA;Gini index;SI.POV.GINI;1979;34.8;World Bank;;;;;INDEX
United States;USA;Gini index;SI.POV.GINI;1980;34.7;World Bank;;;;;INDEX
United States;USA;Gini index;SI.POV.GINI;1981;35.5;World Bank;;;;;INDEX
United States;USA;Gini index;SI.POV.GINI;1982;36.7;World Bank;;;;;INDEX
United States;USA;Gini index;SI.POV.GINI;1983;37.3;World Bank;;;;;INDEX
United States;USA;Gini index;SI.POV.GINI;1984;37.3;World Bank;;;;;INDEX
United States;USA;Gini index;SI.POV.GINI;1985;37.6;World Bank;;;;;INDEX
United States;USA;Gini index;SI.POV.GINI;1986;37.6;World Bank;;;;;INDEX
United States;USA;Gini index;SI.POV.GINI;1987;37.2;World Bank;;;;;INDEX
United States;USA;Gini index;SI.POV.GINI;1988;37.7;World Bank;;;;;INDEX
United States;USA;Gini index;SI.POV.GINI;1989;38.2;World Bank;;;;;INDEX
United States;USA;Gini index;SI.POV.GINI;1990;38.3;World Bank;;;;;INDEX
United States;USA;Gini index;SI.POV.GINI;1991;38.0;World Bank;;;;;INDEX
United States;USA;Gini index;SI.POV.GINI;1992;38.4;World Bank;;;;;INDEX
United States;USA;Gini index;SI.POV.GINI;1993;40.4;World Bank;;;;;INDEX
United States;USA;Gini index;SI.POV.GINI;1994;40.0;World Bank;;;;;INDEX
United States;USA;Gini index;SI.POV.GINI;1995;39.9;World Bank;;;;;INDEX
United States;USA;Gini index;SI.POV.GINI;1996;40.3;World Bank;;;;;INDEX
United States;USA;Gini index;SI.POV.GINI;1997;40.5;World Bank;;;;;INDEX
United States;USA;Gini index;SI.POV.GINI;1998;40.0;World Bank;;;;;INDEX
United States;USA;Gini index;SI.POV.GINI;1999;40.0;World Bank;;;;;INDEX
United States;USA;Gini index;SI.POV.GINI;2000;40.1;World Bank;;;;;INDEX
United States;USA;Gini index;SI.POV.GINI;2001;40.6;World Bank;;;;;INDEX
United States;USA;Gini index;SI.POV.GINI;2002;40.4;World Bank;;;;;INDEX
United States;USA;Gini index;SI.POV.GINI;2003;40.8;World Bank;;;;;INDEX
United States;USA;Gini index;SI.POV.GINI;2004;40.3;World Bank;;;;;INDEX
United States;USA;Gini index;SI.POV.GINI;2005;41.0;World Bank;;;;;INDEX
United States;USA;Gini index;SI.POV.GINI;2006;41.4;World Bank;;;;;INDEX
United States;USA;Gini index;SI.POV.GINI;2007;40.8;World Bank;;;;;INDEX
United States;USA;Gini index;SI.POV.GINI;2008;40.8;World Bank;;;;;INDEX
United States;USA;Gini index;SI.POV.GINI;2009;40.6;World Bank;;;;;INDEX
United States;USA;Gini index;SI.POV.GINI;2010;40.0;World Bank;;;;;INDEX
United States;USA;Gini index;SI.POV.GINI;2011;40.9;World Bank;;;;;INDEX
United States;USA;Gini index;SI.POV.GINI;2012;40.9;World Bank;;;;;INDEX
United States;USA;Gini index;SI.POV.GINI;2013;40.6;World Bank;;;;;INDEX
United States;USA;Gini index;SI.POV.GINI;2014;41.5;World Bank;;;;;INDEX
United States;USA;Gini index;SI.POV.GINI;2015;41.2;World Bank;;;;;INDEX
United States;USA;Gini index;SI.POV.GINI;2016;41.1;World Bank;;;;;INDEX
United States;USA;Gini index;SI.POV.GINI;2017;41.2;World Bank;;;;;INDEX
United States;USA;Gini index;SI.POV.GINI;2018;41.4;World Bank;;;;;INDEX
United States;USA;Gini index;SI.POV.GINI;2019;41.5;World Bank;;;;;INDEX
United States;USA;Gini index;SI.POV.GINI;2020;39.7;World Bank;;;;;INDEX
United States;USA;Gini index;SI.POV.GINI;2021;39.7;World Bank;;;;;INDEX
United States;USA;Gini index;SI.POV.GINI;2022;41.3;World Bank;;;;;INDEX
Uruguay;URY;Gini index;SI.POV.GINI;1981;43.6;World Bank;;;;;INDEX
Uruguay;URY;Gini index;SI.POV.GINI;1989;42.4;World Bank;;;;;INDEX
Uruguay;URY;Gini index;SI.POV.GINI;1992;41.5;World Bank;;;;;INDEX
Uruguay;URY;Gini index;SI.POV.GINI;1995;40.9;World Bank;;;;;INDEX
Uruguay;URY;Gini index;SI.POV.GINI;1996;40.8;World Bank;;;;;INDEX
Uruguay;URY;Gini index;SI.POV.GINI;1997;41.5;World Bank;;;;;INDEX
Uruguay;URY;Gini index;SI.POV.GINI;1998;42.5;World Bank;;;;;INDEX
Uruguay;URY;Gini index;SI.POV.GINI;2000;42.9;World Bank;;;;;INDEX
Uruguay;URY;Gini index;SI.POV.GINI;2001;45.0;World Bank;;;;;INDEX
Uruguay;URY;Gini index;SI.POV.GINI;2002;45.5;World Bank;;;;;INDEX
Uruguay;URY;Gini index;SI.POV.GINI;2003;45.0;World Bank;;;;;INDEX
Uruguay;URY;Gini index;SI.POV.GINI;2004;45.9;World Bank;;;;;INDEX
Uruguay;URY;Gini index;SI.POV.GINI;2005;44.7;World Bank;;;;;INDEX
Uruguay;URY;Gini index;SI.POV.GINI;2006;45.9;World Bank;;;;;INDEX
Uruguay;URY;Gini index;SI.POV.GINI;2007;46.4;World Bank;;;;;INDEX
Uruguay;URY;Gini index;SI.POV.GINI;2008;45.1;World Bank;;;;;INDEX
Uruguay;URY;Gini index;SI.POV.GINI;2009;45.5;World Bank;;;;;INDEX
Uruguay;URY;Gini index;SI.POV.GINI;2010;44.5;World Bank;;;;;INDEX
Uruguay;URY;Gini index;SI.POV.GINI;2011;42.2;World Bank;;;;;INDEX
Uruguay;URY;Gini index;SI.POV.GINI;2012;39.9;World Bank;;;;;INDEX
Uruguay;URY;Gini index;SI.POV.GINI;2013;40.5;World Bank;;;;;INDEX
Uruguay;URY;Gini index;SI.POV.GINI;2014;40.1;World Bank;;;;;INDEX
Uruguay;URY;Gini index;SI.POV.GINI;2015;40.1;World Bank;;;;;INDEX
Uruguay;URY;Gini index;SI.POV.GINI;2016;39.7;World Bank;;;;;INDEX
Uruguay;URY;Gini index;SI.POV.GINI;2017;39.5;World Bank;;;;;INDEX
Uruguay;URY;Gini index;SI.POV.GINI;2018;39.7;World Bank;;;;;INDEX
Uruguay;URY;Gini index;SI.POV.GINI;2019;39.7;World Bank;;;;;INDEX
Uruguay;URY;Gini index;SI.POV.GINI;2020;40.2;World Bank;;;;;INDEX
Uruguay;URY;Gini index;SI.POV.GINI;2021;40.8;World Bank;;;;;INDEX
Uruguay;URY;Gini index;SI.POV.GINI;2022;40.6;World Bank;;;;;INDEX
Uzbekistan;UZB;Gini index;SI.POV.GINI;1998;44.3;World Bank;;;;;INDEX
Uzbekistan;UZB;Gini index;SI.POV.GINI;2000;36.0;World Bank;;;;;INDEX
Uzbekistan;UZB;Gini index;SI.POV.GINI;2002;33.0;World Bank;;;;;INDEX
Uzbekistan;UZB;Gini index;SI.POV.GINI;2003;35.3;World Bank;;;;;INDEX
Uzbekistan;UZB;Gini index;SI.POV.GINI;2022;31.2;World Bank;;;;;INDEX
Vanuatu;VUT;Gini index;SI.POV.GINI;2010;37.4;World Bank;;;;;INDEX
Vanuatu;VUT;Gini index;SI.POV.GINI;2019;32.3;World Bank;;;;;INDEX
Venezuela, RB;VEN;Gini index;SI.POV.GINI;1981;55.6;World Bank;;;;;INDEX
Venezuela, RB;VEN;Gini index;SI.POV.GINI;1987;53.4;World Bank;;;;;INDEX
Venezuela, RB;VEN;Gini index;SI.POV.GINI;1989;43.8;World Bank;;;;;INDEX
Venezuela, RB;VEN;Gini index;SI.POV.GINI;1992;42.1;World Bank;;;;;INDEX
Venezuela, RB;VEN;Gini index;SI.POV.GINI;1995;47.2;World Bank;;;;;INDEX
Venezuela, RB;VEN;Gini index;SI.POV.GINI;1998;48.0;World Bank;;;;;INDEX
Venezuela, RB;VEN;Gini index;SI.POV.GINI;1999;47.7;World Bank;;;;;INDEX
Venezuela, RB;VEN;Gini index;SI.POV.GINI;2001;47.2;World Bank;;;;;INDEX
Venezuela, RB;VEN;Gini index;SI.POV.GINI;2002;48.9;World Bank;;;;;INDEX
Venezuela, RB;VEN;Gini index;SI.POV.GINI;2003;47.9;World Bank;;;;;INDEX
Venezuela, RB;VEN;Gini index;SI.POV.GINI;2004;47.3;World Bank;;;;;INDEX
Venezuela, RB;VEN;Gini index;SI.POV.GINI;2005;49.3;World Bank;;;;;INDEX
Venezuela, RB;VEN;Gini index;SI.POV.GINI;2006;44.7;World Bank;;;;;INDEX
Viet Nam;VNM;Gini index;SI.POV.GINI;1992;35.7;World Bank;;;;;INDEX
Viet Nam;VNM;Gini index;SI.POV.GINI;1997;35.4;World Bank;;;;;INDEX
Viet Nam;VNM;Gini index;SI.POV.GINI;2002;37.0;World Bank;;;;;INDEX
Viet Nam;VNM;Gini index;SI.POV.GINI;2004;36.8;World Bank;;;;;INDEX
Viet Nam;VNM;Gini index;SI.POV.GINI;2006;35.8;World Bank;;;;;INDEX
Viet Nam;VNM;Gini index;SI.POV.GINI;2008;35.6;World Bank;;;;;INDEX
Viet Nam;VNM;Gini index;SI.POV.GINI;2010;39.3;World Bank;;;;;INDEX
Viet Nam;VNM;Gini index;SI.POV.GINI;2012;35.6;World Bank;;;;;INDEX
Viet Nam;VNM;Gini index;SI.POV.GINI;2014;34.8;World Bank;;;;;INDEX
Viet Nam;VNM;Gini index;SI.POV.GINI;2016;35.3;World Bank;;;;;INDEX
Viet Nam;VNM;Gini index;SI.POV.GINI;2018;35.7;World Bank;;;;;INDEX
Viet Nam;VNM;Gini index;SI.POV.GINI;2020;36.8;World Bank;;;;;INDEX
Viet Nam;VNM;Gini index;SI.POV.GINI;2022;36.1;World Bank;;;;;INDEX
West Bank and Gaza;PSE;Gini index;SI.POV.GINI;2004;34.0;World Bank;;;;;INDEX
West Bank and Gaza;PSE;Gini index;SI.POV.GINI;2005;34.7;World Bank;;;;;INDEX
West Bank and Gaza;PSE;Gini index;SI.POV.GINI;2006;34.0;World Bank;;;;;INDEX
West Bank and Gaza;PSE;Gini index;SI.POV.GINI;2007;35.6;World Bank;;;;;INDEX
West Bank and Gaza;PSE;Gini index;SI.POV.GINI;2009;34.5;World Bank;;;;;INDEX
West Bank and Gaza;PSE;Gini index;SI.POV.GINI;2010;35.3;World Bank;;;;;INDEX
West Bank and Gaza;PSE;Gini index;SI.POV.GINI;2011;34.4;World Bank;;;;;INDEX
West Bank and Gaza;PSE;Gini index;SI.POV.GINI;2016;33.7;World Bank;;;;;INDEX
Yemen, Rep.;YEM;Gini index;SI.POV.GINI;1998;35.0;World Bank;;;;;INDEX
Yemen, Rep.;YEM;Gini index;SI.POV.GINI;2005;34.7;World Bank;;;;;INDEX
Yemen, Rep.;YEM;Gini index;SI.POV.GINI;2014;36.7;World Bank;;;;;INDEX
Zambia;ZMB;Gini index;SI.POV.GINI;1991;59.4;World Bank;;;;;INDEX
Zambia;ZMB;Gini index;SI.POV.GINI;1993;52.6;World Bank;;;;;INDEX
Zambia;ZMB;Gini index;SI.POV.GINI;1996;48.3;World Bank;;;;;INDEX
Zambia;ZMB;Gini index;SI.POV.GINI;1998;49.1;World Bank;;;;;INDEX
Zambia;ZMB;Gini index;SI.POV.GINI;2002;42.1;World Bank;;;;;INDEX
Zambia;ZMB;Gini index;SI.POV.GINI;2004;54.3;World Bank;;;;;INDEX
Zambia;ZMB;Gini index;SI.POV.GINI;2006;54.6;World Bank;;;;;INDEX
Zambia;ZMB;Gini index;SI.POV.GINI;2010;52.0;World Bank;;;;;INDEX
Zambia;ZMB;Gini index;SI.POV.GINI;2015;55.8;World Bank;;;;;INDEX
Zambia;ZMB;Gini index;SI.POV.GINI;2022;51.5;World Bank;;;;;INDEX
Zimbabwe;ZWE;Gini index;SI.POV.GINI;2011;43.2;World Bank;;;;;INDEX
Zimbabwe;ZWE;Gini index;SI.POV.GINI;2017;44.3;World Bank;;;;;INDEX
Zimbabwe;ZWE;Gini index;SI.POV.GINI;2019;50.3;World Bank;;;;;INDEX
