Country Name,Country Code,Indicator Name,Indicator Code,Year,Research and development expenditure
Argentina,ARG,Research and development expenditure (% of GDP),GB.XPD.RSDV.GD.ZS,1996,0.417490005493164
Australia,AUS,Research and development expenditure (% of GDP),GB.XPD.RSDV.GD.ZS,1996,1.66217994689941
Austria,AUT,Research and development expenditure (% of GDP),GB.XPD.RSDV.GD.ZS,1996,1.58077001571655
Azerbaijan,AZE,Research and development expenditure (% of GDP),GB.XPD.RSDV.GD.ZS,1996,0.235330000519753
Belgium,BEL,Research and development expenditure (% of GDP),GB.XPD.RSDV.GD.ZS,1996,1.74299001693726
Burkina Faso,BFA,Research and development expenditure (% of GDP),GB.XPD.RSDV.GD.ZS,1996,0.158340007066727
Bulgaria,BGR,Research and development expenditure (% of GDP),GB.XPD.RSDV.GD.ZS,1996,0.418260008096695
Belarus,BLR,Research and development expenditure (% of GDP),GB.XPD.RSDV.GD.ZS,1996,0.998520016670227
Bolivia,BOL,Research and development expenditure (% of GDP),GB.XPD.RSDV.GD.ZS,1996,0.325439989566803
Canada,CAN,Research and development expenditure (% of GDP),GB.XPD.RSDV.GD.ZS,1996,1.60681998729706
Central Europe and the Baltics,CEB,Research and development expenditure (% of GDP),GB.XPD.RSDV.GD.ZS,1996,0.724150395773045
Switzerland,CHE,Research and development expenditure (% of GDP),GB.XPD.RSDV.GD.ZS,1996,2.37649011611938
China,CHN,Research and development expenditure (% of GDP),GB.XPD.RSDV.GD.ZS,1996,0.563239991664886
Costa Rica,CRI,Research and development expenditure (% of GDP),GB.XPD.RSDV.GD.ZS,1996,0.302210003137589
Cuba,CUB,Research and development expenditure (% of GDP),GB.XPD.RSDV.GD.ZS,1996,0.347359985113144
Czechia,CZE,Research and development expenditure (% of GDP),GB.XPD.RSDV.GD.ZS,1996,0.889119982719421
Germany,DEU,Research and development expenditure (% of GDP),GB.XPD.RSDV.GD.ZS,1996,2.1446099281311
Denmark,DNK,Research and development expenditure (% of GDP),GB.XPD.RSDV.GD.ZS,1996,1.80666995048523
East Asia & Pacific (excluding high income),EAP,Research and development expenditure (% of GDP),GB.XPD.RSDV.GD.ZS,1996,0.46194143823194
East Asia & Pacific,EAS,Research and development expenditure (% of GDP),GB.XPD.RSDV.GD.ZS,1996,2.18548627851545
Europe & Central Asia,ECS,Research and development expenditure (% of GDP),GB.XPD.RSDV.GD.ZS,1996,1.65194971116825
Ecuador,ECU,Research and development expenditure (% of GDP),GB.XPD.RSDV.GD.ZS,1996,0.0740600004792213
Egypt, Arab Rep.,Research and development expenditure (% of GDP),GB.XPD.RSDV.GD.ZS,1996,0.212599992752075
Euro area,EMU,Research and development expenditure (% of GDP),GB.XPD.RSDV.GD.ZS,1996,1.73989537997778
Spain,ESP,Research and development expenditure (% of GDP),GB.XPD.RSDV.GD.ZS,1996,0.78753000497818
European Union,EUU,Research and development expenditure (% of GDP),GB.XPD.RSDV.GD.ZS,1996,1.69837045711838
Finland,FIN,Research and development expenditure (% of GDP),GB.XPD.RSDV.GD.ZS,1996,2.45255994796753
France,FRA,Research and development expenditure (% of GDP),GB.XPD.RSDV.GD.ZS,1996,2.2228000164032
United Kingdom,GBR,Research and development expenditure (% of GDP),GB.XPD.RSDV.GD.ZS,1996,1.57539999485016
Georgia,GEO,Research and development expenditure (% of GDP),GB.XPD.RSDV.GD.ZS,1996,0.330879986286163
High income,HIC,Research and development expenditure (% of GDP),GB.XPD.RSDV.GD.ZS,1996,2.12828092457748
Hungary,HUN,Research and development expenditure (% of GDP),GB.XPD.RSDV.GD.ZS,1996,0.630270004272461
India,IND,Research and development expenditure (% of GDP),GB.XPD.RSDV.GD.ZS,1996,0.639050006866455
Ireland,IRL,Research and development expenditure (% of GDP),GB.XPD.RSDV.GD.ZS,1996,1.27155995368958
Israel,ISR,Research and development expenditure (% of GDP),GB.XPD.RSDV.GD.ZS,1996,2.48850989341736
Italy,ITA,Research and development expenditure (% of GDP),GB.XPD.RSDV.GD.ZS,1996,0.945900022983551
Japan,JPN,Research and development expenditure (% of GDP),GB.XPD.RSDV.GD.ZS,1996,2.6430299282074
Korea, Rep.,Research and development expenditure (% of GDP),GB.XPD.RSDV.GD.ZS,1996,2.21616005897522
Sri Lanka,LKA,Research and development expenditure (% of GDP),GB.XPD.RSDV.GD.ZS,1996,0.183559998869896
Lithuania,LTU,Research and development expenditure (% of GDP),GB.XPD.RSDV.GD.ZS,1996,0.491699993610382
Latvia,LVA,Research and development expenditure (% of GDP),GB.XPD.RSDV.GD.ZS,1996,0.396890014410019
Moldova,MDA,Research and development expenditure (% of GDP),GB.XPD.RSDV.GD.ZS,1996,0.872959971427917
Mexico,MEX,Research and development expenditure (% of GDP),GB.XPD.RSDV.GD.ZS,1996,0.238379999995232
Malaysia,MYS,Research and development expenditure (% of GDP),GB.XPD.RSDV.GD.ZS,1996,0.21645000576973
North America,NAC,Research and development expenditure (% of GDP),GB.XPD.RSDV.GD.ZS,1996,2.38902997156803
Netherlands,NLD,Research and development expenditure (% of GDP),GB.XPD.RSDV.GD.ZS,1996,1.84092998504639
OECD members,OED,Research and development expenditure (% of GDP),GB.XPD.RSDV.GD.ZS,1996,2.10958622757043
Panama,PAN,Research and development expenditure (% of GDP),GB.XPD.RSDV.GD.ZS,1996,0.310099989175797
Poland,POL,Research and development expenditure (% of GDP),GB.XPD.RSDV.GD.ZS,1996,0.639370024204254
Portugal,PRT,Research and development expenditure (% of GDP),GB.XPD.RSDV.GD.ZS,1996,0.549499988555908
Post-demographic dividend,PST,Research and development expenditure (% of GDP),GB.XPD.RSDV.GD.ZS,1996,2.16231586699773
Romania,ROU,Research and development expenditure (% of GDP),GB.XPD.RSDV.GD.ZS,1996,0.674719989299774
Russian Federation,RUS,Research and development expenditure (% of GDP),GB.XPD.RSDV.GD.ZS,1996,0.965919971466064
South Asia,SAS,Research and development expenditure (% of GDP),GB.XPD.RSDV.GD.ZS,1996,0.623488637830561
Singapore,SGP,Research and development expenditure (% of GDP),GB.XPD.RSDV.GD.ZS,1996,1.31991004943848
Slovak Republic,SVK,Research and development expenditure (% of GDP),GB.XPD.RSDV.GD.ZS,1996,0.889630019664764
Slovenia,SVN,Research and development expenditure (% of GDP),GB.XPD.RSDV.GD.ZS,1996,1.26472997665405
East Asia & Pacific (IDA & IBRD countries),TEA,Research and development expenditure (% of GDP),GB.XPD.RSDV.GD.ZS,1996,0.46194143823194
Europe & Central Asia (IDA & IBRD countries),TEC,Research and development expenditure (% of GDP),GB.XPD.RSDV.GD.ZS,1996,0.7583430409168
Thailand,THA,Research and development expenditure (% of GDP),GB.XPD.RSDV.GD.ZS,1996,0.119180001318455
South Asia (IDA & IBRD),TSA,Research and development expenditure (% of GDP),GB.XPD.RSDV.GD.ZS,1996,0.623488637830561
Trinidad and Tobago,TTO,Research and development expenditure (% of GDP),GB.XPD.RSDV.GD.ZS,1996,0.103249996900558
Turkiye,TUR,Research and development expenditure (% of GDP),GB.XPD.RSDV.GD.ZS,1996,0.451590001583099
Uruguay,URY,Research and development expenditure (% of GDP),GB.XPD.RSDV.GD.ZS,1996,0.265009999275208
United States,USA,Research and development expenditure (% of GDP),GB.XPD.RSDV.GD.ZS,1996,2.45012998580933
World,WLD,Research and development expenditure (% of GDP),GB.XPD.RSDV.GD.ZS,1996,1.96819874950905
Zambia,ZMB,Research and development expenditure (% of GDP),GB.XPD.RSDV.GD.ZS,1996,0.0110400002449751
Argentina,ARG,Research and development expenditure (% of GDP),GB.XPD.RSDV.GD.ZS,1997,0.419589996337891
Armenia,ARM,Research and development expenditure (% of GDP),GB.XPD.RSDV.GD.ZS,1997,0.186920002102852
Austria,AUT,Research and development expenditure (% of GDP),GB.XPD.RSDV.GD.ZS,1997,1.65490996837616
Azerbaijan,AZE,Research and development expenditure (% of GDP),GB.XPD.RSDV.GD.ZS,1997,0.369500011205673
Belgium,BEL,Research and development expenditure (% of GDP),GB.XPD.RSDV.GD.ZS,1997,1.80971002578735
Burkina Faso,BFA,Research and development expenditure (% of GDP),GB.XPD.RSDV.GD.ZS,1997,0.18104000389576
Bulgaria,BGR,Research and development expenditure (% of GDP),GB.XPD.RSDV.GD.ZS,1997,0.465479999780655
Belarus,BLR,Research and development expenditure (% of GDP),GB.XPD.RSDV.GD.ZS,1997,0.730000019073486
Bermuda,BMU,Research and development expenditure (% of GDP),GB.XPD.RSDV.GD.ZS,1997,0.0588500015437603
Bolivia,BOL,Research and development expenditure (% of GDP),GB.XPD.RSDV.GD.ZS,1997,0.315770000219345
Canada,CAN,Research and development expenditure (% of GDP),GB.XPD.RSDV.GD.ZS,1997,1.61386001110077
Central Europe and the Baltics,CEB,Research and development expenditure (% of GDP),GB.XPD.RSDV.GD.ZS,1997,0.75000425618618
China,CHN,Research and development expenditure (% of GDP),GB.XPD.RSDV.GD.ZS,1997,0.638729989528656
Costa Rica,CRI,Research and development expenditure (% of GDP),GB.XPD.RSDV.GD.ZS,1997,0.29569000005722
Cuba,CUB,Research and development expenditure (% of GDP),GB.XPD.RSDV.GD.ZS,1997,0.401719987392426
Czechia,CZE,Research and development expenditure (% of GDP),GB.XPD.RSDV.GD.ZS,1997,0.988189995288849
Germany,DEU,Research and development expenditure (% of GDP),GB.XPD.RSDV.GD.ZS,1997,2.18831992149353
Denmark,DNK,Research and development expenditure (% of GDP),GB.XPD.RSDV.GD.ZS,1997,1.88914000988007
East Asia & Pacific (excluding high income),EAP,Research and development expenditure (% of GDP),GB.XPD.RSDV.GD.ZS,1997,0.563686498236213
East Asia & Pacific,EAS,Research and development expenditure (% of GDP),GB.XPD.RSDV.GD.ZS,1997,2.26122976877156
Europe & Central Asia (excluding high income),ECA,Research and development expenditure (% of GDP),GB.XPD.RSDV.GD.ZS,1997,0.610571006759942
Europe & Central Asia,ECS,Research and development expenditure (% of GDP),GB.XPD.RSDV.GD.ZS,1997,1.63645276102668
Ecuador,ECU,Research and development expenditure (% of GDP),GB.XPD.RSDV.GD.ZS,1997,0.0626299977302551
Egypt, Arab Rep.,Research and development expenditure (% of GDP),GB.XPD.RSDV.GD.ZS,1997,0.197559997439384
Euro area,EMU,Research and development expenditure (% of GDP),GB.XPD.RSDV.GD.ZS,1997,1.71463861716844
Spain,ESP,Research and development expenditure (% of GDP),GB.XPD.RSDV.GD.ZS,1997,0.777809977531433
European Union,EUU,Research and development expenditure (% of GDP),GB.XPD.RSDV.GD.ZS,1997,1.73145287024841
Finland,FIN,Research and development expenditure (% of GDP),GB.XPD.RSDV.GD.ZS,1997,2.62157988548279
France,FRA,Research and development expenditure (% of GDP),GB.XPD.RSDV.GD.ZS,1997,2.14699006080627
United Kingdom,GBR,Research and development expenditure (% of GDP),GB.XPD.RSDV.GD.ZS,1997,1.53728997707367
Georgia,GEO,Research and development expenditure (% of GDP),GB.XPD.RSDV.GD.ZS,1997,0.342400014400482
Greece,GRC,Research and development expenditure (% of GDP),GB.XPD.RSDV.GD.ZS,1997,0.429100006818771
High income,HIC,Research and development expenditure (% of GDP),GB.XPD.RSDV.GD.ZS,1997,2.15626630894716
Hungary,HUN,Research and development expenditure (% of GDP),GB.XPD.RSDV.GD.ZS,1997,0.698949992656708
India,IND,Research and development expenditure (% of GDP),GB.XPD.RSDV.GD.ZS,1997,0.686689972877502
Ireland,IRL,Research and development expenditure (% of GDP),GB.XPD.RSDV.GD.ZS,1997,1.2427099943161
Iceland,ISL,Research and development expenditure (% of GDP),GB.XPD.RSDV.GD.ZS,1997,1.79807996749878
Israel,ISR,Research and development expenditure (% of GDP),GB.XPD.RSDV.GD.ZS,1997,2.70895004272461
Italy,ITA,Research and development expenditure (% of GDP),GB.XPD.RSDV.GD.ZS,1997,0.987689971923828
Japan,JPN,Research and development expenditure (% of GDP),GB.XPD.RSDV.GD.ZS,1997,2.72177004814148
Kazakhstan,KAZ,Research and development expenditure (% of GDP),GB.XPD.RSDV.GD.ZS,1997,0.293370008468628
Kyrgyz Republic,KGZ,Research and development expenditure (% of GDP),GB.XPD.RSDV.GD.ZS,1997,0.193900004029274
Korea, Rep.,Research and development expenditure (% of GDP),GB.XPD.RSDV.GD.ZS,1997,2.24830007553101
Kuwait,KWT,Research and development expenditure (% of GDP),GB.XPD.RSDV.GD.ZS,1997,0.205379992723465
Lithuania,LTU,Research and development expenditure (% of GDP),GB.XPD.RSDV.GD.ZS,1997,0.536670029163361
Latvia,LVA,Research and development expenditure (% of GDP),GB.XPD.RSDV.GD.ZS,1997,0.366270005702972
Moldova,MDA,Research and development expenditure (% of GDP),GB.XPD.RSDV.GD.ZS,1997,0.806789994239807
Madagascar,MDG,Research and development expenditure (% of GDP),GB.XPD.RSDV.GD.ZS,1997,0.183249995112419
Mexico,MEX,Research and development expenditure (% of GDP),GB.XPD.RSDV.GD.ZS,1997,0.264039993286133
North Macedonia,MKD,Research and development expenditure (% of GDP),GB.XPD.RSDV.GD.ZS,1997,0.359109997749329
Myanmar,MMR,Research and development expenditure (% of GDP),GB.XPD.RSDV.GD.ZS,1997,0.0598499998450279
Mongolia,MNG,Research and development expenditure (% of GDP),GB.XPD.RSDV.GD.ZS,1997,0.167860001325607
Mauritius,MUS,Research and development expenditure (% of GDP),GB.XPD.RSDV.GD.ZS,1997,0.275290012359619
North America,NAC,Research and development expenditure (% of GDP),GB.XPD.RSDV.GD.ZS,1997,2.41514749571817
Nicaragua,NIC,Research and development expenditure (% of GDP),GB.XPD.RSDV.GD.ZS,1997,0.0650999993085861
Netherlands,NLD,Research and development expenditure (% of GDP),GB.XPD.RSDV.GD.ZS,1997,1.8447699546814
Norway,NOR,Research and development expenditure (% of GDP),GB.XPD.RSDV.GD.ZS,1997,1.59350001811981
New Zealand,NZL,Research and development expenditure (% of GDP),GB.XPD.RSDV.GD.ZS,1997,1.05648994445801
OECD members,OED,Research and development expenditure (% of GDP),GB.XPD.RSDV.GD.ZS,1997,2.13220838252878
Pakistan,PAK,Research and development expenditure (% of GDP),GB.XPD.RSDV.GD.ZS,1997,0.15565000474453
Panama,PAN,Research and development expenditure (% of GDP),GB.XPD.RSDV.GD.ZS,1997,0.299109995365143
Peru,PER,Research and development expenditure (% of GDP),GB.XPD.RSDV.GD.ZS,1997,0.0835999995470047
Poland,POL,Research and development expenditure (% of GDP),GB.XPD.RSDV.GD.ZS,1997,0.643149971961975
Portugal,PRT,Research and development expenditure (% of GDP),GB.XPD.RSDV.GD.ZS,1997,0.563740015029907
Post-demographic dividend,PST,Research and development expenditure (% of GDP),GB.XPD.RSDV.GD.ZS,1997,2.19135943588987
Romania,ROU,Research and development expenditure (% of GDP),GB.XPD.RSDV.GD.ZS,1997,0.574509978294373
Russian Federation,RUS,Research and development expenditure (% of GDP),GB.XPD.RSDV.GD.ZS,1997,1.04374003410339
South Asia,SAS,Research and development expenditure (% of GDP),GB.XPD.RSDV.GD.ZS,1997,0.61737252260491
Singapore,SGP,Research and development expenditure (% of GDP),GB.XPD.RSDV.GD.ZS,1997,1.41563999652863
Serbia,SRB,Research and development expenditure (% of GDP),GB.XPD.RSDV.GD.ZS,1997,0.709150016307831
Slovak Republic,SVK,Research and development expenditure (% of GDP),GB.XPD.RSDV.GD.ZS,1997,1.05107998847961
Slovenia,SVN,Research and development expenditure (% of GDP),GB.XPD.RSDV.GD.ZS,1997,1.24643003940582
Sweden,SWE,Research and development expenditure (% of GDP),GB.XPD.RSDV.GD.ZS,1997,3.27394008636475
East Asia & Pacific (IDA & IBRD countries),TEA,Research and development expenditure (% of GDP),GB.XPD.RSDV.GD.ZS,1997,0.563686498236213
Europe & Central Asia (IDA & IBRD countries),TEC,Research and development expenditure (% of GDP),GB.XPD.RSDV.GD.ZS,1997,0.801239309832279
Thailand,THA,Research and development expenditure (% of GDP),GB.XPD.RSDV.GD.ZS,1997,0.102140001952648
South Asia (IDA & IBRD),TSA,Research and development expenditure (% of GDP),GB.XPD.RSDV.GD.ZS,1997,0.61737252260491
Trinidad and Tobago,TTO,Research and development expenditure (% of GDP),GB.XPD.RSDV.GD.ZS,1997,0.115529999136925
Turkiye,TUR,Research and development expenditure (% of GDP),GB.XPD.RSDV.GD.ZS,1997,0.49167999625206
Ukraine,UKR,Research and development expenditure (% of GDP),GB.XPD.RSDV.GD.ZS,1997,1.19229996204376
Uruguay,URY,Research and development expenditure (% of GDP),GB.XPD.RSDV.GD.ZS,1997,0.349940001964569
United States,USA,Research and development expenditure (% of GDP),GB.XPD.RSDV.GD.ZS,1997,2.47713994979858
World,WLD,Research and development expenditure (% of GDP),GB.XPD.RSDV.GD.ZS,1997,1.96633873301342
South Africa,ZAF,Research and development expenditure (% of GDP),GB.XPD.RSDV.GD.ZS,1997,0.526939988136292
Zambia,ZMB,Research and development expenditure (% of GDP),GB.XPD.RSDV.GD.ZS,1997,0.0073699997738003
Argentina,ARG,Research and development expenditure (% of GDP),GB.XPD.RSDV.GD.ZS,1998,0.411309987306595
Armenia,ARM,Research and development expenditure (% of GDP),GB.XPD.RSDV.GD.ZS,1998,0.226009994745255
Australia,AUS,Research and development expenditure (% of GDP),GB.XPD.RSDV.GD.ZS,1998,1.51350998878479
Austria,AUT,Research and development expenditure (% of GDP),GB.XPD.RSDV.GD.ZS,1998,1.73154997825623
Azerbaijan,AZE,Research and development expenditure (% of GDP),GB.XPD.RSDV.GD.ZS,1998,0.421249985694885
Belgium,BEL,Research and development expenditure (% of GDP),GB.XPD.RSDV.GD.ZS,1998,1.838250041008
Bulgaria,BGR,Research and development expenditure (% of GDP),GB.XPD.RSDV.GD.ZS,1998,0.482230007648468
Belarus,BLR,Research and development expenditure (% of GDP),GB.XPD.RSDV.GD.ZS,1998,0.705780029296875
Bolivia,BOL,Research and development expenditure (% of GDP),GB.XPD.RSDV.GD.ZS,1998,0.294950008392334
Canada,CAN,Research and development expenditure (% of GDP),GB.XPD.RSDV.GD.ZS,1998,1.71051001548767
Central Europe and the Baltics,CEB,Research and development expenditure (% of GDP),GB.XPD.RSDV.GD.ZS,1998,0.732533782736859
China,CHN,Research and development expenditure (% of GDP),GB.XPD.RSDV.GD.ZS,1998,0.646889984607697
Costa Rica,CRI,Research and development expenditure (% of GDP),GB.XPD.RSDV.GD.ZS,1998,0.265260010957718
Cuba,CUB,Research and development expenditure (% of GDP),GB.XPD.RSDV.GD.ZS,1998,0.501240015029907
Cyprus,CYP,Research and development expenditure (% of GDP),GB.XPD.RSDV.GD.ZS,1998,0.203309997916222
Czechia,CZE,Research and development expenditure (% of GDP),GB.XPD.RSDV.GD.ZS,1998,1.06022000312805
Germany,DEU,Research and development expenditure (% of GDP),GB.XPD.RSDV.GD.ZS,1998,2.21613001823425
Denmark,DNK,Research and development expenditure (% of GDP),GB.XPD.RSDV.GD.ZS,1998,2.00619006156921
East Asia & Pacific (excluding high income),EAP,Research and development expenditure (% of GDP),GB.XPD.RSDV.GD.ZS,1998,0.626627043036857
East Asia & Pacific,EAS,Research and development expenditure (% of GDP),GB.XPD.RSDV.GD.ZS,1998,2.22870704235192
Europe & Central Asia (excluding high income),ECA,Research and development expenditure (% of GDP),GB.XPD.RSDV.GD.ZS,1998,0.463794040809826
Europe & Central Asia,ECS,Research and development expenditure (% of GDP),GB.XPD.RSDV.GD.ZS,1998,1.60449872150275
Ecuador,ECU,Research and development expenditure (% of GDP),GB.XPD.RSDV.GD.ZS,1998,0.0651699975132942
Egypt, Arab Rep.,Research and development expenditure (% of GDP),GB.XPD.RSDV.GD.ZS,1998,0.199100002646446
Euro area,EMU,Research and development expenditure (% of GDP),GB.XPD.RSDV.GD.ZS,1998,1.74111061785868
Spain,ESP,Research and development expenditure (% of GDP),GB.XPD.RSDV.GD.ZS,1998,0.848039984703064
Estonia,EST,Research and development expenditure (% of GDP),GB.XPD.RSDV.GD.ZS,1998,0.565010011196136
European Union,EUU,Research and development expenditure (% of GDP),GB.XPD.RSDV.GD.ZS,1998,1.69955346918881
Finland,FIN,Research and development expenditure (% of GDP),GB.XPD.RSDV.GD.ZS,1998,2.78443002700806
France,FRA,Research and development expenditure (% of GDP),GB.XPD.RSDV.GD.ZS,1998,2.09475994110107
United Kingdom,GBR,Research and development expenditure (% of GDP),GB.XPD.RSDV.GD.ZS,1998,1.54777002334595
Georgia,GEO,Research and development expenditure (% of GDP),GB.XPD.RSDV.GD.ZS,1998,0.353839993476868
High income,HIC,Research and development expenditure (% of GDP),GB.XPD.RSDV.GD.ZS,1998,2.16161126586608
Hong Kong SAR, China,Research and development expenditure (% of GDP),GB.XPD.RSDV.GD.ZS,1998,0.428299993276596
Hungary,HUN,Research and development expenditure (% of GDP),GB.XPD.RSDV.GD.ZS,1998,0.657109975814819
India,IND,Research and development expenditure (% of GDP),GB.XPD.RSDV.GD.ZS,1998,0.703790009021759
Ireland,IRL,Research and development expenditure (% of GDP),GB.XPD.RSDV.GD.ZS,1998,1.20800995826721
Iceland,ISL,Research and development expenditure (% of GDP),GB.XPD.RSDV.GD.ZS,1998,1.95098996162415
Israel,ISR,Research and development expenditure (% of GDP),GB.XPD.RSDV.GD.ZS,1998,2.81870007514954
Italy,ITA,Research and development expenditure (% of GDP),GB.XPD.RSDV.GD.ZS,1998,1.00487005710602
Japan,JPN,Research and development expenditure (% of GDP),GB.XPD.RSDV.GD.ZS,1998,2.82745003700256
Kazakhstan,KAZ,Research and development expenditure (% of GDP),GB.XPD.RSDV.GD.ZS,1998,0.220390006899834
Kyrgyz Republic,KGZ,Research and development expenditure (% of GDP),GB.XPD.RSDV.GD.ZS,1998,0.210639998316765
Korea, Rep.,Research and development expenditure (% of GDP),GB.XPD.RSDV.GD.ZS,1998,2.11026000976562
Kuwait,KWT,Research and development expenditure (% of GDP),GB.XPD.RSDV.GD.ZS,1998,0.257959991693497
St. Lucia,LCA,Research and development expenditure (% of GDP),GB.XPD.RSDV.GD.ZS,1998,0.573949992656708
Lithuania,LTU,Research and development expenditure (% of GDP),GB.XPD.RSDV.GD.ZS,1998,0.54381000995636
Latvia,LVA,Research and development expenditure (% of GDP),GB.XPD.RSDV.GD.ZS,1998,0.379220008850098
Morocco,MAR,Research and development expenditure (% of GDP),GB.XPD.RSDV.GD.ZS,1998,0.245820000767708
Madagascar,MDG,Research and development expenditure (% of GDP),GB.XPD.RSDV.GD.ZS,1998,0.093800000846386
Mexico,MEX,Research and development expenditure (% of GDP),GB.XPD.RSDV.GD.ZS,1998,0.285189986228943
North Macedonia,MKD,Research and development expenditure (% of GDP),GB.XPD.RSDV.GD.ZS,1998,0.408419996500015
Myanmar,MMR,Research and development expenditure (% of GDP),GB.XPD.RSDV.GD.ZS,1998,0.034170001745224
Mongolia,MNG,Research and development expenditure (% of GDP),GB.XPD.RSDV.GD.ZS,1998,0.166429996490479
Mauritius,MUS,Research and development expenditure (% of GDP),GB.XPD.RSDV.GD.ZS,1998,0.258309990167618
Malaysia,MYS,Research and development expenditure (% of GDP),GB.XPD.RSDV.GD.ZS,1998,0.397890001535416
North America,NAC,Research and development expenditure (% of GDP),GB.XPD.RSDV.GD.ZS,1998,2.44483923579886
Netherlands,NLD,Research and development expenditure (% of GDP),GB.XPD.RSDV.GD.ZS,1998,1.74205994606018
OECD members,OED,Research and development expenditure (% of GDP),GB.XPD.RSDV.GD.ZS,1998,2.1346393237129
Pakistan,PAK,Research and development expenditure (% of GDP),GB.XPD.RSDV.GD.ZS,1998,0.109190002083778
Panama,PAN,Research and development expenditure (% of GDP),GB.XPD.RSDV.GD.ZS,1998,0.269219994544983
Peru,PER,Research and development expenditure (% of GDP),GB.XPD.RSDV.GD.ZS,1998,0.100720003247261
Poland,POL,Research and development expenditure (% of GDP),GB.XPD.RSDV.GD.ZS,1998,0.659709990024567
Portugal,PRT,Research and development expenditure (% of GDP),GB.XPD.RSDV.GD.ZS,1998,0.624859988689423
Post-demographic dividend,PST,Research and development expenditure (% of GDP),GB.XPD.RSDV.GD.ZS,1998,2.19424553384889
Romania,ROU,Research and development expenditure (% of GDP),GB.XPD.RSDV.GD.ZS,1998,0.495409995317459
Russian Federation,RUS,Research and development expenditure (% of GDP),GB.XPD.RSDV.GD.ZS,1998,0.953830003738403
South Asia,SAS,Research and development expenditure (% of GDP),GB.XPD.RSDV.GD.ZS,1998,0.627314253033539
Singapore,SGP,Research and development expenditure (% of GDP),GB.XPD.RSDV.GD.ZS,1998,1.73706996440887
El Salvador,SLV,Research and development expenditure (% of GDP),GB.XPD.RSDV.GD.ZS,1998,0.0881799980998039
Serbia,SRB,Research and development expenditure (% of GDP),GB.XPD.RSDV.GD.ZS,1998,0.753009974956512
Slovak Republic,SVK,Research and development expenditure (% of GDP),GB.XPD.RSDV.GD.ZS,1998,0.765410006046295
Slovenia,SVN,Research and development expenditure (% of GDP),GB.XPD.RSDV.GD.ZS,1998,1.30515003204346
East Asia & Pacific (IDA & IBRD countries),TEA,Research and development expenditure (% of GDP),GB.XPD.RSDV.GD.ZS,1998,0.626627043036857
Europe & Central Asia (IDA & IBRD countries),TEC,Research and development expenditure (% of GDP),GB.XPD.RSDV.GD.ZS,1998,0.652403314604858
South Asia (IDA & IBRD),TSA,Research and development expenditure (% of GDP),GB.XPD.RSDV.GD.ZS,1998,0.627314253033539
Trinidad and Tobago,TTO,Research and development expenditure (% of GDP),GB.XPD.RSDV.GD.ZS,1998,0.127149999141693
Turkiye,TUR,Research and development expenditure (% of GDP),GB.XPD.RSDV.GD.ZS,1998,0.361979991197586
Ukraine,UKR,Research and development expenditure (% of GDP),GB.XPD.RSDV.GD.ZS,1998,1.06992995738983
Uruguay,URY,Research and development expenditure (% of GDP),GB.XPD.RSDV.GD.ZS,1998,0.191860005259514
United States,USA,Research and development expenditure (% of GDP),GB.XPD.RSDV.GD.ZS,1998,2.4962100982666
World,WLD,Research and development expenditure (% of GDP),GB.XPD.RSDV.GD.ZS,1998,1.97194926457308
Argentina,ARG,Research and development expenditure (% of GDP),GB.XPD.RSDV.GD.ZS,1999,0.453370004892349
Armenia,ARM,Research and development expenditure (% of GDP),GB.XPD.RSDV.GD.ZS,1999,0.214000001549721
Austria,AUT,Research and development expenditure (% of GDP),GB.XPD.RSDV.GD.ZS,1999,1.845370054245
Azerbaijan,AZE,Research and development expenditure (% of GDP),GB.XPD.RSDV.GD.ZS,1999,0.392890006303787
Belgium,BEL,Research and development expenditure (% of GDP),GB.XPD.RSDV.GD.ZS,1999,1.90565001964569
Bulgaria,BGR,Research and development expenditure (% of GDP),GB.XPD.RSDV.GD.ZS,1999,0.536880016326904
Belarus,BLR,Research and development expenditure (% of GDP),GB.XPD.RSDV.GD.ZS,1999,0.845229983329773
Bolivia,BOL,Research and development expenditure (% of GDP),GB.XPD.RSDV.GD.ZS,1999,0.298359990119934
Canada,CAN,Research and development expenditure (% of GDP),GB.XPD.RSDV.GD.ZS,1999,1.74985003471375
Central Europe and the Baltics,CEB,Research and development expenditure (% of GDP),GB.XPD.RSDV.GD.ZS,1999,0.737027179082049
China,CHN,Research and development expenditure (% of GDP),GB.XPD.RSDV.GD.ZS,1999,0.749629974365234
Costa Rica,CRI,Research and development expenditure (% of GDP),GB.XPD.RSDV.GD.ZS,1999,0.367590010166168
Cuba,CUB,Research and development expenditure (% of GDP),GB.XPD.RSDV.GD.ZS,1999,0.458319991827011
Cyprus,CYP,Research and development expenditure (% of GDP),GB.XPD.RSDV.GD.ZS,1999,0.218060001730919
Czechia,CZE,Research and development expenditure (% of GDP),GB.XPD.RSDV.GD.ZS,1999,1.04956996440887
Germany,DEU,Research and development expenditure (% of GDP),GB.XPD.RSDV.GD.ZS,1999,2.34779000282288
Denmark,DNK,Research and development expenditure (% of GDP),GB.XPD.RSDV.GD.ZS,1999,2.12764000892639
East Asia & Pacific (excluding high income),EAP,Research and development expenditure (% of GDP),GB.XPD.RSDV.GD.ZS,1999,0.692634018511726
East Asia & Pacific,EAS,Research and development expenditure (% of GDP),GB.XPD.RSDV.GD.ZS,1999,2.29851087735438
Europe & Central Asia (excluding high income),ECA,Research and development expenditure (% of GDP),GB.XPD.RSDV.GD.ZS,1999,0.52541032390493
Europe & Central Asia,ECS,Research and development expenditure (% of GDP),GB.XPD.RSDV.GD.ZS,1999,1.69843180805892
Egypt, Arab Rep.,Research and development expenditure (% of GDP),GB.XPD.RSDV.GD.ZS,1999,0.186509996652603
Euro area,EMU,Research and development expenditure (% of GDP),GB.XPD.RSDV.GD.ZS,1999,1.76585761409391
Spain,ESP,Research and development expenditure (% of GDP),GB.XPD.RSDV.GD.ZS,1999,0.838540017604828
Estonia,EST,Research and development expenditure (% of GDP),GB.XPD.RSDV.GD.ZS,1999,0.677079975605011
European Union,EUU,Research and development expenditure (% of GDP),GB.XPD.RSDV.GD.ZS,1999,1.78553701893029
Finland,FIN,Research and development expenditure (% of GDP),GB.XPD.RSDV.GD.ZS,1999,3.0561900138855
France,FRA,Research and development expenditure (% of GDP),GB.XPD.RSDV.GD.ZS,1999,2.10767006874084
United Kingdom,GBR,Research and development expenditure (% of GDP),GB.XPD.RSDV.GD.ZS,1999,1.62268996238708
Georgia,GEO,Research and development expenditure (% of GDP),GB.XPD.RSDV.GD.ZS,1999,0.287690013647079
Greece,GRC,Research and development expenditure (% of GDP),GB.XPD.RSDV.GD.ZS,1999,0.568229973316193
High income,HIC,Research and development expenditure (% of GDP),GB.XPD.RSDV.GD.ZS,1999,2.23514962539919
Hong Kong SAR, China,Research and development expenditure (% of GDP),GB.XPD.RSDV.GD.ZS,1999,0.457670003175735
Croatia,HRV,Research and development expenditure (% of GDP),GB.XPD.RSDV.GD.ZS,1999,0.831789970397949
Hungary,HUN,Research and development expenditure (% of GDP),GB.XPD.RSDV.GD.ZS,1999,0.671859979629517
India,IND,Research and development expenditure (% of GDP),GB.XPD.RSDV.GD.ZS,1999,0.724129974842072
Ireland,IRL,Research and development expenditure (% of GDP),GB.XPD.RSDV.GD.ZS,1999,1.15140998363495
Iceland,ISL,Research and development expenditure (% of GDP),GB.XPD.RSDV.GD.ZS,1999,2.23505997657776
Israel,ISR,Research and development expenditure (% of GDP),GB.XPD.RSDV.GD.ZS,1999,3.22512006759644
Italy,ITA,Research and development expenditure (% of GDP),GB.XPD.RSDV.GD.ZS,1999,0.980650007724762
Japan,JPN,Research and development expenditure (% of GDP),GB.XPD.RSDV.GD.ZS,1999,2.84671998023987
Kazakhstan,KAZ,Research and development expenditure (% of GDP),GB.XPD.RSDV.GD.ZS,1999,0.183829993009567
Kyrgyz Republic,KGZ,Research and development expenditure (% of GDP),GB.XPD.RSDV.GD.ZS,1999,0.179920002818108
Korea, Rep.,Research and development expenditure (% of GDP),GB.XPD.RSDV.GD.ZS,1999,2.01567006111145
Kuwait,KWT,Research and development expenditure (% of GDP),GB.XPD.RSDV.GD.ZS,1999,0.197630003094673
St. Lucia,LCA,Research and development expenditure (% of GDP),GB.XPD.RSDV.GD.ZS,1999,0.273739993572235
Lithuania,LTU,Research and development expenditure (% of GDP),GB.XPD.RSDV.GD.ZS,1999,0.502059996128082
Latvia,LVA,Research and development expenditure (% of GDP),GB.XPD.RSDV.GD.ZS,1999,0.351830005645752
Madagascar,MDG,Research and development expenditure (% of GDP),GB.XPD.RSDV.GD.ZS,1999,0.0834200009703636
Mexico,MEX,Research and development expenditure (% of GDP),GB.XPD.RSDV.GD.ZS,1999,0.327190011739731
North Macedonia,MKD,Research and development expenditure (% of GDP),GB.XPD.RSDV.GD.ZS,1999,0.328090012073517
Myanmar,MMR,Research and development expenditure (% of GDP),GB.XPD.RSDV.GD.ZS,1999,0.0440599992871284
Mongolia,MNG,Research and development expenditure (% of GDP),GB.XPD.RSDV.GD.ZS,1999,0.150159999728203
Mauritius,MUS,Research and development expenditure (% of GDP),GB.XPD.RSDV.GD.ZS,1999,0.30595999956131
North America,NAC,Research and development expenditure (% of GDP),GB.XPD.RSDV.GD.ZS,1999,2.49138683908303
Netherlands,NLD,Research and development expenditure (% of GDP),GB.XPD.RSDV.GD.ZS,1999,1.82281994819641
Norway,NOR,Research and development expenditure (% of GDP),GB.XPD.RSDV.GD.ZS,1999,1.60436999797821
New Zealand,NZL,Research and development expenditure (% of GDP),GB.XPD.RSDV.GD.ZS,1999,0.963869988918304
OECD members,OED,Research and development expenditure (% of GDP),GB.XPD.RSDV.GD.ZS,1999,2.20374271492057
Pakistan,PAK,Research and development expenditure (% of GDP),GB.XPD.RSDV.GD.ZS,1999,0.115900002419949
Panama,PAN,Research and development expenditure (% of GDP),GB.XPD.RSDV.GD.ZS,1999,0.272049993276596
Peru,PER,Research and development expenditure (% of GDP),GB.XPD.RSDV.GD.ZS,1999,0.0984899997711182
Poland,POL,Research and development expenditure (% of GDP),GB.XPD.RSDV.GD.ZS,1999,0.6805499792099
Portugal,PRT,Research and development expenditure (% of GDP),GB.XPD.RSDV.GD.ZS,1999,0.681209981441498
Post-demographic dividend,PST,Research and development expenditure (% of GDP),GB.XPD.RSDV.GD.ZS,1999,2.26263808909447
Romania,ROU,Research and development expenditure (% of GDP),GB.XPD.RSDV.GD.ZS,1999,0.398319989442825
Russian Federation,RUS,Research and development expenditure (% of GDP),GB.XPD.RSDV.GD.ZS,1999,0.996230006217957
South Asia,SAS,Research and development expenditure (% of GDP),GB.XPD.RSDV.GD.ZS,1999,0.650724530217728
Sudan,SDN,Research and development expenditure (% of GDP),GB.XPD.RSDV.GD.ZS,1999,0.530070006847382
Singapore,SGP,Research and development expenditure (% of GDP),GB.XPD.RSDV.GD.ZS,1999,1.81623995304108
Serbia,SRB,Research and development expenditure (% of GDP),GB.XPD.RSDV.GD.ZS,1999,0.946820020675659
Slovak Republic,SVK,Research and development expenditure (% of GDP),GB.XPD.RSDV.GD.ZS,1999,0.644749999046326
Slovenia,SVN,Research and development expenditure (% of GDP),GB.XPD.RSDV.GD.ZS,1999,1.33687996864319
Sweden,SWE,Research and development expenditure (% of GDP),GB.XPD.RSDV.GD.ZS,1999,3.38131999969482
East Asia & Pacific (IDA & IBRD countries),TEA,Research and development expenditure (% of GDP),GB.XPD.RSDV.GD.ZS,1999,0.692634018511726
Europe & Central Asia (IDA & IBRD countries),TEC,Research and development expenditure (% of GDP),GB.XPD.RSDV.GD.ZS,1999,0.67890177556786
Thailand,THA,Research and development expenditure (% of GDP),GB.XPD.RSDV.GD.ZS,1999,0.248359993100166
South Asia (IDA & IBRD),TSA,Research and development expenditure (% of GDP),GB.XPD.RSDV.GD.ZS,1999,0.650724530217728
Trinidad and Tobago,TTO,Research and development expenditure (% of GDP),GB.XPD.RSDV.GD.ZS,1999,0.122919999063015
Turkiye,TUR,Research and development expenditure (% of GDP),GB.XPD.RSDV.GD.ZS,1999,0.455570012331009
Ukraine,UKR,Research and development expenditure (% of GDP),GB.XPD.RSDV.GD.ZS,1999,0.96968001127243
Uruguay,URY,Research and development expenditure (% of GDP),GB.XPD.RSDV.GD.ZS,1999,0.224169999361038
United States,USA,Research and development expenditure (% of GDP),GB.XPD.RSDV.GD.ZS,1999,2.54362010955811
World,WLD,Research and development expenditure (% of GDP),GB.XPD.RSDV.GD.ZS,1999,2.04780362245428
Argentina,ARG,Research and development expenditure (% of GDP),GB.XPD.RSDV.GD.ZS,2000,0.438840001821518
Armenia,ARM,Research and development expenditure (% of GDP),GB.XPD.RSDV.GD.ZS,2000,0.1910600066185
Australia,AUS,Research and development expenditure (% of GDP),GB.XPD.RSDV.GD.ZS,2000,1.57197999954224
Austria,AUT,Research and development expenditure (% of GDP),GB.XPD.RSDV.GD.ZS,2000,1.88601994514465
Azerbaijan,AZE,Research and development expenditure (% of GDP),GB.XPD.RSDV.GD.ZS,2000,0.335999995470047
Belgium,BEL,Research and development expenditure (% of GDP),GB.XPD.RSDV.GD.ZS,2000,1.93620002269745
Bulgaria,BGR,Research and development expenditure (% of GDP),GB.XPD.RSDV.GD.ZS,2000,0.495169997215271
Belarus,BLR,Research and development expenditure (% of GDP),GB.XPD.RSDV.GD.ZS,2000,0.722100019454956
Bolivia,BOL,Research and development expenditure (% of GDP),GB.XPD.RSDV.GD.ZS,2000,0.287440001964569
Brazil,BRA,Research and development expenditure (% of GDP),GB.XPD.RSDV.GD.ZS,2000,1.04751002788544
Canada,CAN,Research and development expenditure (% of GDP),GB.XPD.RSDV.GD.ZS,2000,1.85847997665405
Central Europe and the Baltics,CEB,Research and development expenditure (% of GDP),GB.XPD.RSDV.GD.ZS,2000,0.745465406546497
Switzerland,CHE,Research and development expenditure (% of GDP),GB.XPD.RSDV.GD.ZS,2000,2.26385998725891
China,CHN,Research and development expenditure (% of GDP),GB.XPD.RSDV.GD.ZS,2000,0.893159985542297
Colombia,COL,Research and development expenditure (% of GDP),GB.XPD.RSDV.GD.ZS,2000,0.131060004234314
Costa Rica,CRI,Research and development expenditure (% of GDP),GB.XPD.RSDV.GD.ZS,2000,0.411350011825562
Cuba,CUB,Research and development expenditure (% of GDP),GB.XPD.RSDV.GD.ZS,2000,0.478650003671646
Cyprus,CYP,Research and development expenditure (% of GDP),GB.XPD.RSDV.GD.ZS,2000,0.226899996399879
Czechia,CZE,Research and development expenditure (% of GDP),GB.XPD.RSDV.GD.ZS,2000,1.10996997356415
Germany,DEU,Research and development expenditure (% of GDP),GB.XPD.RSDV.GD.ZS,2000,2.40982007980347
Denmark,DNK,Research and development expenditure (% of GDP),GB.XPD.RSDV.GD.ZS,2000,2.18619990348816
East Asia & Pacific (excluding high income),EAP,Research and development expenditure (% of GDP),GB.XPD.RSDV.GD.ZS,2000,0.727770581280506
Early-demographic dividend,EAR,Research and development expenditure (% of GDP),GB.XPD.RSDV.GD.ZS,2000,0.591919561471571
East Asia & Pacific,EAS,Research and development expenditure (% of GDP),GB.XPD.RSDV.GD.ZS,2000,2.23405806438998
Europe & Central Asia (excluding high income),ECA,Research and development expenditure (% of GDP),GB.XPD.RSDV.GD.ZS,2000,0.497376720304747
Europe & Central Asia,ECS,Research and development expenditure (% of GDP),GB.XPD.RSDV.GD.ZS,2000,1.68284374164374
Egypt, Arab Rep.,Research and development expenditure (% of GDP),GB.XPD.RSDV.GD.ZS,2000,0.192469999194145
Euro area,EMU,Research and development expenditure (% of GDP),GB.XPD.RSDV.GD.ZS,2000,1.80783832508312
Spain,ESP,Research and development expenditure (% of GDP),GB.XPD.RSDV.GD.ZS,2000,0.882759988307953
Estonia,EST,Research and development expenditure (% of GDP),GB.XPD.RSDV.GD.ZS,2000,0.600000023841858
European Union,EUU,Research and development expenditure (% of GDP),GB.XPD.RSDV.GD.ZS,2000,1.76400295875989
Finland,FIN,Research and development expenditure (% of GDP),GB.XPD.RSDV.GD.ZS,2000,3.24137997627258
France,FRA,Research and development expenditure (% of GDP),GB.XPD.RSDV.GD.ZS,2000,2.09346008300781
United Kingdom,GBR,Research and development expenditure (% of GDP),GB.XPD.RSDV.GD.ZS,2000,1.60962998867035
Georgia,GEO,Research and development expenditure (% of GDP),GB.XPD.RSDV.GD.ZS,2000,0.215299993753433
High income,HIC,Research and development expenditure (% of GDP),GB.XPD.RSDV.GD.ZS,2000,2.29314096675328
Hong Kong SAR, China,Research and development expenditure (% of GDP),GB.XPD.RSDV.GD.ZS,2000,0.46492999792099
Honduras,HND,Research and development expenditure (% of GDP),GB.XPD.RSDV.GD.ZS,2000,0.0445300005376339
Croatia,HRV,Research and development expenditure (% of GDP),GB.XPD.RSDV.GD.ZS,2000,1.04250001907349
Hungary,HUN,Research and development expenditure (% of GDP),GB.XPD.RSDV.GD.ZS,2000,0.790960013866425
IBRD only,IBD,Research and development expenditure (% of GDP),GB.XPD.RSDV.GD.ZS,2000,0.651825962329501
IDA & IBRD total,IBT,Research and development expenditure (% of GDP),GB.XPD.RSDV.GD.ZS,2000,0.635694022487076
Indonesia,IDN,Research and development expenditure (% of GDP),GB.XPD.RSDV.GD.ZS,2000,0.0676899999380112
India,IND,Research and development expenditure (% of GDP),GB.XPD.RSDV.GD.ZS,2000,0.756990015506744
Ireland,IRL,Research and development expenditure (% of GDP),GB.XPD.RSDV.GD.ZS,2000,1.08382999897003
Iceland,ISL,Research and development expenditure (% of GDP),GB.XPD.RSDV.GD.ZS,2000,2.5720100402832
Israel,ISR,Research and development expenditure (% of GDP),GB.XPD.RSDV.GD.ZS,2000,3.82651996612549
Italy,ITA,Research and development expenditure (% of GDP),GB.XPD.RSDV.GD.ZS,2000,1.00364005565643
Japan,JPN,Research and development expenditure (% of GDP),GB.XPD.RSDV.GD.ZS,2000,2.8584098815918
Kazakhstan,KAZ,Research and development expenditure (% of GDP),GB.XPD.RSDV.GD.ZS,2000,0.18104000389576
Kyrgyz Republic,KGZ,Research and development expenditure (% of GDP),GB.XPD.RSDV.GD.ZS,2000,0.156369999051094
Korea, Rep.,Research and development expenditure (% of GDP),GB.XPD.RSDV.GD.ZS,2000,2.12519001960754
Kuwait,KWT,Research and development expenditure (% of GDP),GB.XPD.RSDV.GD.ZS,2000,0.12542000412941
Latin America & Caribbean (excluding high income),LAC,Research and development expenditure (% of GDP),GB.XPD.RSDV.GD.ZS,2000,0.565050699059824
Latin America & Caribbean,LCN,Research and development expenditure (% of GDP),GB.XPD.RSDV.GD.ZS,2000,0.557685503312945
Sri Lanka,LKA,Research and development expenditure (% of GDP),GB.XPD.RSDV.GD.ZS,2000,0.143920004367828
Low & middle income,LMY,Research and development expenditure (% of GDP),GB.XPD.RSDV.GD.ZS,2000,0.615384213113737
Late-demographic dividend,LTE,Research and development expenditure (% of GDP),GB.XPD.RSDV.GD.ZS,2000,0.825398609660577
Lithuania,LTU,Research and development expenditure (% of GDP),GB.XPD.RSDV.GD.ZS,2000,0.585529983043671
Luxembourg,LUX,Research and development expenditure (% of GDP),GB.XPD.RSDV.GD.ZS,2000,1.58314001560211
Latvia,LVA,Research and development expenditure (% of GDP),GB.XPD.RSDV.GD.ZS,2000,0.434830009937286
Madagascar,MDG,Research and development expenditure (% of GDP),GB.XPD.RSDV.GD.ZS,2000,0.100319996476173
Mexico,MEX,Research and development expenditure (% of GDP),GB.XPD.RSDV.GD.ZS,2000,0.292050004005432
Middle income,MIC,Research and development expenditure (% of GDP),GB.XPD.RSDV.GD.ZS,2000,0.616289648640595
North Macedonia,MKD,Research and development expenditure (% of GDP),GB.XPD.RSDV.GD.ZS,2000,0.418879985809326
Myanmar,MMR,Research and development expenditure (% of GDP),GB.XPD.RSDV.GD.ZS,2000,0.113059997558594
Mongolia,MNG,Research and development expenditure (% of GDP),GB.XPD.RSDV.GD.ZS,2000,0.187570005655289
Mauritius,MUS,Research and development expenditure (% of GDP),GB.XPD.RSDV.GD.ZS,2000,0.280250012874603
Malaysia,MYS,Research and development expenditure (% of GDP),GB.XPD.RSDV.GD.ZS,2000,0.468989998102188
North America,NAC,Research and development expenditure (% of GDP),GB.XPD.RSDV.GD.ZS,2000,2.56826138293656
Netherlands,NLD,Research and development expenditure (% of GDP),GB.XPD.RSDV.GD.ZS,2000,1.78980004787445
OECD members,OED,Research and development expenditure (% of GDP),GB.XPD.RSDV.GD.ZS,2000,2.24743057825763
Pakistan,PAK,Research and development expenditure (% of GDP),GB.XPD.RSDV.GD.ZS,2000,0.0953600034117699
Panama,PAN,Research and development expenditure (% of GDP),GB.XPD.RSDV.GD.ZS,2000,0.362639993429184
Peru,PER,Research and development expenditure (% of GDP),GB.XPD.RSDV.GD.ZS,2000,0.112659998238087
Poland,POL,Research and development expenditure (% of GDP),GB.XPD.RSDV.GD.ZS,2000,0.640779972076416
Portugal,PRT,Research and development expenditure (% of GDP),GB.XPD.RSDV.GD.ZS,2000,0.721560001373291
Post-demographic dividend,PST,Research and development expenditure (% of GDP),GB.XPD.RSDV.GD.ZS,2000,2.32161162349715
Romania,ROU,Research and development expenditure (% of GDP),GB.XPD.RSDV.GD.ZS,2000,0.36625999212265
Russian Federation,RUS,Research and development expenditure (% of GDP),GB.XPD.RSDV.GD.ZS,2000,1.04982995986938
South Asia,SAS,Research and development expenditure (% of GDP),GB.XPD.RSDV.GD.ZS,2000,0.627184096971737
Sudan,SDN,Research and development expenditure (% of GDP),GB.XPD.RSDV.GD.ZS,2000,0.472770005464554
Singapore,SGP,Research and development expenditure (% of GDP),GB.XPD.RSDV.GD.ZS,2000,1.81699001789093
Serbia,SRB,Research and development expenditure (% of GDP),GB.XPD.RSDV.GD.ZS,2000,0.854240000247955
Slovak Republic,SVK,Research and development expenditure (% of GDP),GB.XPD.RSDV.GD.ZS,2000,0.638069987297058
Slovenia,SVN,Research and development expenditure (% of GDP),GB.XPD.RSDV.GD.ZS,2000,1.35982000827789
East Asia & Pacific (IDA & IBRD countries),TEA,Research and development expenditure (% of GDP),GB.XPD.RSDV.GD.ZS,2000,0.727770581280506
Europe & Central Asia (IDA & IBRD countries),TEC,Research and development expenditure (% of GDP),GB.XPD.RSDV.GD.ZS,2000,0.696851966891711
Thailand,THA,Research and development expenditure (% of GDP),GB.XPD.RSDV.GD.ZS,2000,0.244709998369217
Latin America & the Caribbean (IDA & IBRD countries),TLA,Research and development expenditure (% of GDP),GB.XPD.RSDV.GD.ZS,2000,0.558952367262284
South Asia (IDA & IBRD),TSA,Research and development expenditure (% of GDP),GB.XPD.RSDV.GD.ZS,2000,0.627184096971737
Trinidad and Tobago,TTO,Research and development expenditure (% of GDP),GB.XPD.RSDV.GD.ZS,2000,0.108000002801418
Turkiye,TUR,Research and development expenditure (% of GDP),GB.XPD.RSDV.GD.ZS,2000,0.465579986572266
Ukraine,UKR,Research and development expenditure (% of GDP),GB.XPD.RSDV.GD.ZS,2000,0.929040014743805
Upper middle income,UMC,Research and development expenditure (% of GDP),GB.XPD.RSDV.GD.ZS,2000,0.629686552413493
Uruguay,URY,Research and development expenditure (% of GDP),GB.XPD.RSDV.GD.ZS,2000,0.209250003099442
United States,USA,Research and development expenditure (% of GDP),GB.XPD.RSDV.GD.ZS,2000,2.61982989311218
Uzbekistan,UZB,Research and development expenditure (% of GDP),GB.XPD.RSDV.GD.ZS,2000,0.360630005598068
World,WLD,Research and development expenditure (% of GDP),GB.XPD.RSDV.GD.ZS,2000,2.04626164521467
Argentina,ARG,Research and development expenditure (% of GDP),GB.XPD.RSDV.GD.ZS,2001,0.424609988927841
Armenia,ARM,Research and development expenditure (% of GDP),GB.XPD.RSDV.GD.ZS,2001,0.279870003461838
Austria,AUT,Research and development expenditure (% of GDP),GB.XPD.RSDV.GD.ZS,2001,1.99210000038147
Azerbaijan,AZE,Research and development expenditure (% of GDP),GB.XPD.RSDV.GD.ZS,2001,0.340009987354279
Belgium,BEL,Research and development expenditure (% of GDP),GB.XPD.RSDV.GD.ZS,2001,2.03278994560242
Burkina Faso,BFA,Research and development expenditure (% of GDP),GB.XPD.RSDV.GD.ZS,2001,0.168160006403923
Bulgaria,BGR,Research and development expenditure (% of GDP),GB.XPD.RSDV.GD.ZS,2001,0.447089999914169
Belarus,BLR,Research and development expenditure (% of GDP),GB.XPD.RSDV.GD.ZS,2001,0.708760023117065
Bolivia,BOL,Research and development expenditure (% of GDP),GB.XPD.RSDV.GD.ZS,2001,0.293579995632172
Brazil,BRA,Research and development expenditure (% of GDP),GB.XPD.RSDV.GD.ZS,2001,1.06198000907898
Canada,CAN,Research and development expenditure (% of GDP),GB.XPD.RSDV.GD.ZS,2001,2.02116990089417
Central Europe and the Baltics,CEB,Research and development expenditure (% of GDP),GB.XPD.RSDV.GD.ZS,2001,0.749527224054594
China,CHN,Research and development expenditure (% of GDP),GB.XPD.RSDV.GD.ZS,2001,0.940330028533936
Colombia,COL,Research and development expenditure (% of GDP),GB.XPD.RSDV.GD.ZS,2001,0.13289999961853
Cuba,CUB,Research and development expenditure (% of GDP),GB.XPD.RSDV.GD.ZS,2001,0.565299987792969
Cyprus,CYP,Research and development expenditure (% of GDP),GB.XPD.RSDV.GD.ZS,2001,0.236939996480942
Czechia,CZE,Research and development expenditure (% of GDP),GB.XPD.RSDV.GD.ZS,2001,1.09870994091034
Germany,DEU,Research and development expenditure (% of GDP),GB.XPD.RSDV.GD.ZS,2001,2.40437006950378
Denmark,DNK,Research and development expenditure (% of GDP),GB.XPD.RSDV.GD.ZS,2001,2.32466006278992
Algeria,DZA,Research and development expenditure (% of GDP),GB.XPD.RSDV.GD.ZS,2001,0.212190002202988
East Asia & Pacific (excluding high income),EAP,Research and development expenditure (% of GDP),GB.XPD.RSDV.GD.ZS,2001,0.797513104651583
Early-demographic dividend,EAR,Research and development expenditure (% of GDP),GB.XPD.RSDV.GD.ZS,2001,0.605184950242663
East Asia & Pacific,EAS,Research and development expenditure (% of GDP),GB.XPD.RSDV.GD.ZS,2001,2.28036886788401
Europe & Central Asia (excluding high income),ECA,Research and development expenditure (% of GDP),GB.XPD.RSDV.GD.ZS,2001,0.537086391862211
Europe & Central Asia,ECS,Research and development expenditure (% of GDP),GB.XPD.RSDV.GD.ZS,2001,1.71920274467563
Ecuador,ECU,Research and development expenditure (% of GDP),GB.XPD.RSDV.GD.ZS,2001,0.0544800013303757
Euro area,EMU,Research and development expenditure (% of GDP),GB.XPD.RSDV.GD.ZS,2001,1.7966351673702
Spain,ESP,Research and development expenditure (% of GDP),GB.XPD.RSDV.GD.ZS,2001,0.888329982757568
Estonia,EST,Research and development expenditure (% of GDP),GB.XPD.RSDV.GD.ZS,2001,0.698390007019043
European Union,EUU,Research and development expenditure (% of GDP),GB.XPD.RSDV.GD.ZS,2001,1.82297153749705
Finland,FIN,Research and development expenditure (% of GDP),GB.XPD.RSDV.GD.ZS,2001,3.19372010231018
France,FRA,Research and development expenditure (% of GDP),GB.XPD.RSDV.GD.ZS,2001,2.13804006576538
United Kingdom,GBR,Research and development expenditure (% of GDP),GB.XPD.RSDV.GD.ZS,2001,1.59545004367828
Georgia,GEO,Research and development expenditure (% of GDP),GB.XPD.RSDV.GD.ZS,2001,0.238480001688004
Greece,GRC,Research and development expenditure (% of GDP),GB.XPD.RSDV.GD.ZS,2001,0.559480011463165
Greenland,GRL,Research and development expenditure (% of GDP),GB.XPD.RSDV.GD.ZS,2001,0.527409970760345
High income,HIC,Research and development expenditure (% of GDP),GB.XPD.RSDV.GD.ZS,2001,2.32425000616892
Hong Kong SAR, China,Research and development expenditure (% of GDP),GB.XPD.RSDV.GD.ZS,2001,0.536450028419495
Honduras,HND,Research and development expenditure (% of GDP),GB.XPD.RSDV.GD.ZS,2001,0.0383399985730648
Croatia,HRV,Research and development expenditure (% of GDP),GB.XPD.RSDV.GD.ZS,2001,0.917620003223419
Hungary,HUN,Research and development expenditure (% of GDP),GB.XPD.RSDV.GD.ZS,2001,0.913100004196167
IBRD only,IBD,Research and development expenditure (% of GDP),GB.XPD.RSDV.GD.ZS,2001,0.675990464911559
IDA & IBRD total,IBT,Research and development expenditure (% of GDP),GB.XPD.RSDV.GD.ZS,2001,0.66162108897013
Indonesia,IDN,Research and development expenditure (% of GDP),GB.XPD.RSDV.GD.ZS,2001,0.0475599989295006
India,IND,Research and development expenditure (% of GDP),GB.XPD.RSDV.GD.ZS,2001,0.735909998416901
Ireland,IRL,Research and development expenditure (% of GDP),GB.XPD.RSDV.GD.ZS,2001,1.05193996429443
Iran, Islamic Rep.,Research and development expenditure (% of GDP),GB.XPD.RSDV.GD.ZS,2001,0.502179980278015
Iceland,ISL,Research and development expenditure (% of GDP),GB.XPD.RSDV.GD.ZS,2001,2.83989000320435
Israel,ISR,Research and development expenditure (% of GDP),GB.XPD.RSDV.GD.ZS,2001,4.06440019607544
Italy,ITA,Research and development expenditure (% of GDP),GB.XPD.RSDV.GD.ZS,2001,1.04069995880127
Jamaica,JAM,Research and development expenditure (% of GDP),GB.XPD.RSDV.GD.ZS,2001,0.049100000411272
Japan,JPN,Research and development expenditure (% of GDP),GB.XPD.RSDV.GD.ZS,2001,2.92348003387451
Kazakhstan,KAZ,Research and development expenditure (% of GDP),GB.XPD.RSDV.GD.ZS,2001,0.220090001821518
Kyrgyz Republic,KGZ,Research and development expenditure (% of GDP),GB.XPD.RSDV.GD.ZS,2001,0.171890005469322
Korea, Rep.,Research and development expenditure (% of GDP),GB.XPD.RSDV.GD.ZS,2001,2.2786500453949
Kuwait,KWT,Research and development expenditure (% of GDP),GB.XPD.RSDV.GD.ZS,2001,0.1788399964571
Latin America & Caribbean (excluding high income),LAC,Research and development expenditure (% of GDP),GB.XPD.RSDV.GD.ZS,2001,0.53430838864632
Latin America & Caribbean,LCN,Research and development expenditure (% of GDP),GB.XPD.RSDV.GD.ZS,2001,0.531166093691769
Low & middle income,LMY,Research and development expenditure (% of GDP),GB.XPD.RSDV.GD.ZS,2001,0.633097679486201
Late-demographic dividend,LTE,Research and development expenditure (% of GDP),GB.XPD.RSDV.GD.ZS,2001,0.873737888875672
Lithuania,LTU,Research and development expenditure (% of GDP),GB.XPD.RSDV.GD.ZS,2001,0.667620003223419
Latvia,LVA,Research and development expenditure (% of GDP),GB.XPD.RSDV.GD.ZS,2001,0.402630001306534
Macao SAR, China,Research and development expenditure (% of GDP),GB.XPD.RSDV.GD.ZS,2001,0.0622400008141994
Morocco,MAR,Research and development expenditure (% of GDP),GB.XPD.RSDV.GD.ZS,2001,0.546299993991852
Madagascar,MDG,Research and development expenditure (% of GDP),GB.XPD.RSDV.GD.ZS,2001,0.181749999523163
Mexico,MEX,Research and development expenditure (% of GDP),GB.XPD.RSDV.GD.ZS,2001,0.308149993419647
Middle income,MIC,Research and development expenditure (% of GDP),GB.XPD.RSDV.GD.ZS,2001,0.634776871661159
North Macedonia,MKD,Research and development expenditure (% of GDP),GB.XPD.RSDV.GD.ZS,2001,0.293099999427795
Myanmar,MMR,Research and development expenditure (% of GDP),GB.XPD.RSDV.GD.ZS,2001,0.0714399963617325
Mongolia,MNG,Research and development expenditure (% of GDP),GB.XPD.RSDV.GD.ZS,2001,0.2674899995327
Mauritius,MUS,Research and development expenditure (% of GDP),GB.XPD.RSDV.GD.ZS,2001,0.357749998569489
North America,NAC,Research and development expenditure (% of GDP),GB.XPD.RSDV.GD.ZS,2001,2.59694143681024
Netherlands,NLD,Research and development expenditure (% of GDP),GB.XPD.RSDV.GD.ZS,2001,1.79609000682831
Norway,NOR,Research and development expenditure (% of GDP),GB.XPD.RSDV.GD.ZS,2001,1.56019997596741
New Zealand,NZL,Research and development expenditure (% of GDP),GB.XPD.RSDV.GD.ZS,2001,1.10028994083405
OECD members,OED,Research and development expenditure (% of GDP),GB.XPD.RSDV.GD.ZS,2001,2.27905482404154
Pakistan,PAK,Research and development expenditure (% of GDP),GB.XPD.RSDV.GD.ZS,2001,0.124080002307892
Panama,PAN,Research and development expenditure (% of GDP),GB.XPD.RSDV.GD.ZS,2001,0.360740005970001
Peru,PER,Research and development expenditure (% of GDP),GB.XPD.RSDV.GD.ZS,2001,0.110959999263287
Poland,POL,Research and development expenditure (% of GDP),GB.XPD.RSDV.GD.ZS,2001,0.6215900182724
Portugal,PRT,Research and development expenditure (% of GDP),GB.XPD.RSDV.GD.ZS,2001,0.764819979667664
Paraguay,PRY,Research and development expenditure (% of GDP),GB.XPD.RSDV.GD.ZS,2001,0.066990002989769
Post-demographic dividend,PST,Research and development expenditure (% of GDP),GB.XPD.RSDV.GD.ZS,2001,2.35373173458369
Romania,ROU,Research and development expenditure (% of GDP),GB.XPD.RSDV.GD.ZS,2001,0.391290009021759
Russian Federation,RUS,Research and development expenditure (% of GDP),GB.XPD.RSDV.GD.ZS,2001,1.17693996429443
South Asia,SAS,Research and development expenditure (% of GDP),GB.XPD.RSDV.GD.ZS,2001,0.633887931120161
Sudan,SDN,Research and development expenditure (% of GDP),GB.XPD.RSDV.GD.ZS,2001,0.374830007553101
Singapore,SGP,Research and development expenditure (% of GDP),GB.XPD.RSDV.GD.ZS,2001,2.00929999351501
Serbia,SRB,Research and development expenditure (% of GDP),GB.XPD.RSDV.GD.ZS,2001,0.304010003805161
Slovak Republic,SVK,Research and development expenditure (% of GDP),GB.XPD.RSDV.GD.ZS,2001,0.624650001525879
Slovenia,SVN,Research and development expenditure (% of GDP),GB.XPD.RSDV.GD.ZS,2001,1.46766996383667
Sweden,SWE,Research and development expenditure (% of GDP),GB.XPD.RSDV.GD.ZS,2001,3.87380003929138
Seychelles,SYC,Research and development expenditure (% of GDP),GB.XPD.RSDV.GD.ZS,2001,0.399679988622665
East Asia & Pacific (IDA & IBRD countries),TEA,Research and development expenditure (% of GDP),GB.XPD.RSDV.GD.ZS,2001,0.797513104651583
Europe & Central Asia (IDA & IBRD countries),TEC,Research and development expenditure (% of GDP),GB.XPD.RSDV.GD.ZS,2001,0.77646146913994
Thailand,THA,Research and development expenditure (% of GDP),GB.XPD.RSDV.GD.ZS,2001,0.252310007810593
Tajikistan,TJK,Research and development expenditure (% of GDP),GB.XPD.RSDV.GD.ZS,2001,0.0895299986004829
Latin America & the Caribbean (IDA & IBRD countries),TLA,Research and development expenditure (% of GDP),GB.XPD.RSDV.GD.ZS,2001,0.53058251558574
South Asia (IDA & IBRD),TSA,Research and development expenditure (% of GDP),GB.XPD.RSDV.GD.ZS,2001,0.633887931120161
Trinidad and Tobago,TTO,Research and development expenditure (% of GDP),GB.XPD.RSDV.GD.ZS,2001,0.104170002043247
Turkiye,TUR,Research and development expenditure (% of GDP),GB.XPD.RSDV.GD.ZS,2001,0.522469997406006
Ukraine,UKR,Research and development expenditure (% of GDP),GB.XPD.RSDV.GD.ZS,2001,0.989440023899078
Upper middle income,UMC,Research and development expenditure (% of GDP),GB.XPD.RSDV.GD.ZS,2001,0.63965055974597
United States,USA,Research and development expenditure (% of GDP),GB.XPD.RSDV.GD.ZS,2001,2.63715004920959
Uzbekistan,UZB,Research and development expenditure (% of GDP),GB.XPD.RSDV.GD.ZS,2001,0.345440000295639
St. Vincent and the Grenadines,VCT,Research and development expenditure (% of GDP),GB.XPD.RSDV.GD.ZS,2001,0.0400799997150898
World,WLD,Research and development expenditure (% of GDP),GB.XPD.RSDV.GD.ZS,2001,2.06365090661568
South Africa,ZAF,Research and development expenditure (% of GDP),GB.XPD.RSDV.GD.ZS,2001,0.642239987850189
Argentina,ARG,Research and development expenditure (% of GDP),GB.XPD.RSDV.GD.ZS,2002,0.388859987258911
Armenia,ARM,Research and development expenditure (% of GDP),GB.XPD.RSDV.GD.ZS,2002,0.252550005912781
Australia,AUS,Research and development expenditure (% of GDP),GB.XPD.RSDV.GD.ZS,2002,1.74653995037079
Austria,AUT,Research and development expenditure (% of GDP),GB.XPD.RSDV.GD.ZS,2002,2.06597995758057
Azerbaijan,AZE,Research and development expenditure (% of GDP),GB.XPD.RSDV.GD.ZS,2002,0.301550000905991
Belgium,BEL,Research and development expenditure (% of GDP),GB.XPD.RSDV.GD.ZS,2002,1.90324997901917
Burkina Faso,BFA,Research and development expenditure (% of GDP),GB.XPD.RSDV.GD.ZS,2002,0.301109999418259
Bulgaria,BGR,Research and development expenditure (% of GDP),GB.XPD.RSDV.GD.ZS,2002,0.464729994535446
Belarus,BLR,Research and development expenditure (% of GDP),GB.XPD.RSDV.GD.ZS,2002,0.620899975299835
Bolivia,BOL,Research and development expenditure (% of GDP),GB.XPD.RSDV.GD.ZS,2002,0.276630014181137
Brazil,BRA,Research and development expenditure (% of GDP),GB.XPD.RSDV.GD.ZS,2002,1.0096800327301
Brunei Darussalam,BRN,Research and development expenditure (% of GDP),GB.XPD.RSDV.GD.ZS,2002,0.0159200001507998
Canada,CAN,Research and development expenditure (% of GDP),GB.XPD.RSDV.GD.ZS,2002,1.97170996665955
Central Europe and the Baltics,CEB,Research and development expenditure (% of GDP),GB.XPD.RSDV.GD.ZS,2002,0.738582685500012
China,CHN,Research and development expenditure (% of GDP),GB.XPD.RSDV.GD.ZS,2002,1.05786001682281
Colombia,COL,Research and development expenditure (% of GDP),GB.XPD.RSDV.GD.ZS,2002,0.155589997768402
Cuba,CUB,Research and development expenditure (% of GDP),GB.XPD.RSDV.GD.ZS,2002,0.564450025558472
Cyprus,CYP,Research and development expenditure (% of GDP),GB.XPD.RSDV.GD.ZS,2002,0.279670000076294
Czechia,CZE,Research and development expenditure (% of GDP),GB.XPD.RSDV.GD.ZS,2002,1.09818994998932
Germany,DEU,Research and development expenditure (% of GDP),GB.XPD.RSDV.GD.ZS,2002,2.4362199306488
Denmark,DNK,Research and development expenditure (% of GDP),GB.XPD.RSDV.GD.ZS,2002,2.44145011901855
Algeria,DZA,Research and development expenditure (% of GDP),GB.XPD.RSDV.GD.ZS,2002,0.338070005178452
East Asia & Pacific (excluding high income),EAP,Research and development expenditure (% of GDP),GB.XPD.RSDV.GD.ZS,2002,0.908988452147296
Early-demographic dividend,EAR,Research and development expenditure (% of GDP),GB.XPD.RSDV.GD.ZS,2002,0.622070820505075
East Asia & Pacific,EAS,Research and development expenditure (% of GDP),GB.XPD.RSDV.GD.ZS,2002,2.24601927639643
Europe & Central Asia (excluding high income),ECA,Research and development expenditure (% of GDP),GB.XPD.RSDV.GD.ZS,2002,0.537353383176565
Europe & Central Asia,ECS,Research and development expenditure (% of GDP),GB.XPD.RSDV.GD.ZS,2002,1.69571999809866
Ecuador,ECU,Research and development expenditure (% of GDP),GB.XPD.RSDV.GD.ZS,2002,0.0584000013768673
Euro area,EMU,Research and development expenditure (% of GDP),GB.XPD.RSDV.GD.ZS,2002,1.8372660465175
Spain,ESP,Research and development expenditure (% of GDP),GB.XPD.RSDV.GD.ZS,2002,0.959710001945496
Estonia,EST,Research and development expenditure (% of GDP),GB.XPD.RSDV.GD.ZS,2002,0.712029993534088
European Union,EUU,Research and development expenditure (% of GDP),GB.XPD.RSDV.GD.ZS,2002,1.79075483546462
Finland,FIN,Research and development expenditure (% of GDP),GB.XPD.RSDV.GD.ZS,2002,3.25307989120483
France,FRA,Research and development expenditure (% of GDP),GB.XPD.RSDV.GD.ZS,2002,2.17448997497559
United Kingdom,GBR,Research and development expenditure (% of GDP),GB.XPD.RSDV.GD.ZS,2002,1.6138299703598
Georgia,GEO,Research and development expenditure (% of GDP),GB.XPD.RSDV.GD.ZS,2002,0.185739994049072
Greenland,GRL,Research and development expenditure (% of GDP),GB.XPD.RSDV.GD.ZS,2002,0.556280016899109
High income,HIC,Research and development expenditure (% of GDP),GB.XPD.RSDV.GD.ZS,2002,2.26529243921587
Hong Kong SAR, China,Research and development expenditure (% of GDP),GB.XPD.RSDV.GD.ZS,2002,0.581470012664795
Honduras,HND,Research and development expenditure (% of GDP),GB.XPD.RSDV.GD.ZS,2002,0.0418099984526634
Croatia,HRV,Research and development expenditure (% of GDP),GB.XPD.RSDV.GD.ZS,2002,0.940869987010956
Hungary,HUN,Research and development expenditure (% of GDP),GB.XPD.RSDV.GD.ZS,2002,0.983550012111664
IBRD only,IBD,Research and development expenditure (% of GDP),GB.XPD.RSDV.GD.ZS,2002,0.724808329278568
IDA & IBRD total,IBT,Research and development expenditure (% of GDP),GB.XPD.RSDV.GD.ZS,2002,0.706854473102282
India,IND,Research and development expenditure (% of GDP),GB.XPD.RSDV.GD.ZS,2002,0.725669980049133
Ireland,IRL,Research and development expenditure (% of GDP),GB.XPD.RSDV.GD.ZS,2002,1.05575001239777
Iran, Islamic Rep.,Research and development expenditure (% of GDP),GB.XPD.RSDV.GD.ZS,2002,0.495579987764359
Iceland,ISL,Research and development expenditure (% of GDP),GB.XPD.RSDV.GD.ZS,2002,2.82119989395142
Israel,ISR,Research and development expenditure (% of GDP),GB.XPD.RSDV.GD.ZS,2002,4.00063991546631
Italy,ITA,Research and development expenditure (% of GDP),GB.XPD.RSDV.GD.ZS,2002,1.08124005794525
Jamaica,JAM,Research and development expenditure (% of GDP),GB.XPD.RSDV.GD.ZS,2002,0.0609599985182285
Jordan,JOR,Research and development expenditure (% of GDP),GB.XPD.RSDV.GD.ZS,2002,0.336890012025833
Japan,JPN,Research and development expenditure (% of GDP),GB.XPD.RSDV.GD.ZS,2002,2.96514010429382
Kazakhstan,KAZ,Research and development expenditure (% of GDP),GB.XPD.RSDV.GD.ZS,2002,0.255089998245239
Kyrgyz Republic,KGZ,Research and development expenditure (% of GDP),GB.XPD.RSDV.GD.ZS,2002,0.198100000619888
Cambodia,KHM,Research and development expenditure (% of GDP),GB.XPD.RSDV.GD.ZS,2002,0.0498000010848045
Korea, Rep.,Research and development expenditure (% of GDP),GB.XPD.RSDV.GD.ZS,2002,2.20774006843567
Kuwait,KWT,Research and development expenditure (% of GDP),GB.XPD.RSDV.GD.ZS,2002,0.180010005831718
Latin America & Caribbean (excluding high income),LAC,Research and development expenditure (% of GDP),GB.XPD.RSDV.GD.ZS,2002,0.522034943637181
Lao PDR,LAO,Research and development expenditure (% of GDP),GB.XPD.RSDV.GD.ZS,2002,0.0370999984443188
Latin America & Caribbean,LCN,Research and development expenditure (% of GDP),GB.XPD.RSDV.GD.ZS,2002,0.515499335492238
Lower middle income,LMC,Research and development expenditure (% of GDP),GB.XPD.RSDV.GD.ZS,2002,0.5244685340613
Low & middle income,LMY,Research and development expenditure (% of GDP),GB.XPD.RSDV.GD.ZS,2002,0.679442701517176
Lesotho,LSO,Research and development expenditure (% of GDP),GB.XPD.RSDV.GD.ZS,2002,0.0418500006198883
Late-demographic dividend,LTE,Research and development expenditure (% of GDP),GB.XPD.RSDV.GD.ZS,2002,0.897324742017502
Lithuania,LTU,Research and development expenditure (% of GDP),GB.XPD.RSDV.GD.ZS,2002,0.657549977302551
Latvia,LVA,Research and development expenditure (% of GDP),GB.XPD.RSDV.GD.ZS,2002,0.408430010080338
Macao SAR, China,Research and development expenditure (% of GDP),GB.XPD.RSDV.GD.ZS,2002,0.0695699974894524
Morocco,MAR,Research and development expenditure (% of GDP),GB.XPD.RSDV.GD.ZS,2002,0.471789985895157
Madagascar,MDG,Research and development expenditure (% of GDP),GB.XPD.RSDV.GD.ZS,2002,0.201729997992516
Mexico,MEX,Research and development expenditure (% of GDP),GB.XPD.RSDV.GD.ZS,2002,0.337449997663498
Middle income,MIC,Research and development expenditure (% of GDP),GB.XPD.RSDV.GD.ZS,2002,0.682429540428372
North Macedonia,MKD,Research and development expenditure (% of GDP),GB.XPD.RSDV.GD.ZS,2002,0.244609996676445
Malta,MLT,Research and development expenditure (% of GDP),GB.XPD.RSDV.GD.ZS,2002,0.250200003385544
Myanmar,MMR,Research and development expenditure (% of GDP),GB.XPD.RSDV.GD.ZS,2002,0.162159994244576
Mongolia,MNG,Research and development expenditure (% of GDP),GB.XPD.RSDV.GD.ZS,2002,0.251729995012283
Mozambique,MOZ,Research and development expenditure (% of GDP),GB.XPD.RSDV.GD.ZS,2002,0.355980008840561
Mauritius,MUS,Research and development expenditure (% of GDP),GB.XPD.RSDV.GD.ZS,2002,0.363169997930527
Malaysia,MYS,Research and development expenditure (% of GDP),GB.XPD.RSDV.GD.ZS,2002,0.652540028095245
North America,NAC,Research and development expenditure (% of GDP),GB.XPD.RSDV.GD.ZS,2002,2.50998681377908
Nicaragua,NIC,Research and development expenditure (% of GDP),GB.XPD.RSDV.GD.ZS,2002,0.0349299982190132
Netherlands,NLD,Research and development expenditure (% of GDP),GB.XPD.RSDV.GD.ZS,2002,1.74542999267578
Norway,NOR,Research and development expenditure (% of GDP),GB.XPD.RSDV.GD.ZS,2002,1.62644994258881
OECD members,OED,Research and development expenditure (% of GDP),GB.XPD.RSDV.GD.ZS,2002,2.22335433610423
Other small states,OSS,Research and development expenditure (% of GDP),GB.XPD.RSDV.GD.ZS,2002,0.853328687602928
Pakistan,PAK,Research and development expenditure (% of GDP),GB.XPD.RSDV.GD.ZS,2002,0.16227999329567
Panama,PAN,Research and development expenditure (% of GDP),GB.XPD.RSDV.GD.ZS,2002,0.342200011014938
Peru,PER,Research and development expenditure (% of GDP),GB.XPD.RSDV.GD.ZS,2002,0.106140002608299
Philippines,PHL,Research and development expenditure (% of GDP),GB.XPD.RSDV.GD.ZS,2002,0.132630005478859
Poland,POL,Research and development expenditure (% of GDP),GB.XPD.RSDV.GD.ZS,2002,0.556749999523163
Portugal,PRT,Research and development expenditure (% of GDP),GB.XPD.RSDV.GD.ZS,2002,0.721830010414124
Paraguay,PRY,Research and development expenditure (% of GDP),GB.XPD.RSDV.GD.ZS,2002,0.0749299973249435
Post-demographic dividend,PST,Research and development expenditure (% of GDP),GB.XPD.RSDV.GD.ZS,2002,2.29787796363282
Romania,ROU,Research and development expenditure (% of GDP),GB.XPD.RSDV.GD.ZS,2002,0.37720999121666
Russian Federation,RUS,Research and development expenditure (% of GDP),GB.XPD.RSDV.GD.ZS,2002,1.24652004241943
South Asia,SAS,Research and development expenditure (% of GDP),GB.XPD.RSDV.GD.ZS,2002,0.635651397753522
Sudan,SDN,Research and development expenditure (% of GDP),GB.XPD.RSDV.GD.ZS,2002,0.322470009326935
Singapore,SGP,Research and development expenditure (% of GDP),GB.XPD.RSDV.GD.ZS,2002,2.03281998634338
Serbia,SRB,Research and development expenditure (% of GDP),GB.XPD.RSDV.GD.ZS,2002,0.639680027961731
Slovak Republic,SVK,Research and development expenditure (% of GDP),GB.XPD.RSDV.GD.ZS,2002,0.563139975070953
Slovenia,SVN,Research and development expenditure (% of GDP),GB.XPD.RSDV.GD.ZS,2002,1.44324994087219
Seychelles,SYC,Research and development expenditure (% of GDP),GB.XPD.RSDV.GD.ZS,2002,0.382600009441376
East Asia & Pacific (IDA & IBRD countries),TEA,Research and development expenditure (% of GDP),GB.XPD.RSDV.GD.ZS,2002,0.908988452147296
Europe & Central Asia (IDA & IBRD countries),TEC,Research and development expenditure (% of GDP),GB.XPD.RSDV.GD.ZS,2002,0.787376781097214
Thailand,THA,Research and development expenditure (% of GDP),GB.XPD.RSDV.GD.ZS,2002,0.23055000603199
Tajikistan,TJK,Research and development expenditure (% of GDP),GB.XPD.RSDV.GD.ZS,2002,0.0706799998879433
Latin America & the Caribbean (IDA & IBRD countries),TLA,Research and development expenditure (% of GDP),GB.XPD.RSDV.GD.ZS,2002,0.515392522979599
South Asia (IDA & IBRD),TSA,Research and development expenditure (% of GDP),GB.XPD.RSDV.GD.ZS,2002,0.635651397753522
Trinidad and Tobago,TTO,Research and development expenditure (% of GDP),GB.XPD.RSDV.GD.ZS,2002,0.131779998540878
Tunisia,TUN,Research and development expenditure (% of GDP),GB.XPD.RSDV.GD.ZS,2002,0.543020009994507
Turkiye,TUR,Research and development expenditure (% of GDP),GB.XPD.RSDV.GD.ZS,2002,0.509039998054504
Uganda,UGA,Research and development expenditure (% of GDP),GB.XPD.RSDV.GD.ZS,2002,0.367559999227524
Ukraine,UKR,Research and development expenditure (% of GDP),GB.XPD.RSDV.GD.ZS,2002,0.962689995765686
Upper middle income,UMC,Research and development expenditure (% of GDP),GB.XPD.RSDV.GD.ZS,2002,0.717329436232441
Uruguay,URY,Research and development expenditure (% of GDP),GB.XPD.RSDV.GD.ZS,2002,0.238179996609688
United States,USA,Research and development expenditure (% of GDP),GB.XPD.RSDV.GD.ZS,2002,2.54745006561279
Uzbekistan,UZB,Research and development expenditure (% of GDP),GB.XPD.RSDV.GD.ZS,2002,0.293559998273849
St. Vincent and the Grenadines,VCT,Research and development expenditure (% of GDP),GB.XPD.RSDV.GD.ZS,2002,0.113899998366833
Virgin Islands (U.S.),VIR,Research and development expenditure (% of GDP),GB.XPD.RSDV.GD.ZS,2002,0.0661699995398521
Viet Nam,VNM,Research and development expenditure (% of GDP),GB.XPD.RSDV.GD.ZS,2002,0.192729994654655
World,WLD,Research and development expenditure (% of GDP),GB.XPD.RSDV.GD.ZS,2002,2.02818100515659
Zambia,ZMB,Research and development expenditure (% of GDP),GB.XPD.RSDV.GD.ZS,2002,0.0054399999789893
Africa Eastern and Southern,AFE,Research and development expenditure (% of GDP),GB.XPD.RSDV.GD.ZS,2003,0.594539939871898
Argentina,ARG,Research and development expenditure (% of GDP),GB.XPD.RSDV.GD.ZS,2003,0.410129994153976
Armenia,ARM,Research and development expenditure (% of GDP),GB.XPD.RSDV.GD.ZS,2003,0.321090012788773
American Samoa,ASM,Research and development expenditure (% of GDP),GB.XPD.RSDV.GD.ZS,2003,0.187869995832443
Austria,AUT,Research and development expenditure (% of GDP),GB.XPD.RSDV.GD.ZS,2003,2.17456007003784
Azerbaijan,AZE,Research and development expenditure (% of GDP),GB.XPD.RSDV.GD.ZS,2003,0.324959993362427
Belgium,BEL,Research and development expenditure (% of GDP),GB.XPD.RSDV.GD.ZS,2003,1.8411899805069
Burkina Faso,BFA,Research and development expenditure (% of GDP),GB.XPD.RSDV.GD.ZS,2003,0.241119995713234
Bulgaria,BGR,Research and development expenditure (% of GDP),GB.XPD.RSDV.GD.ZS,2003,0.472220003604889
Bosnia and Herzegovina,BIH,Research and development expenditure (% of GDP),GB.XPD.RSDV.GD.ZS,2003,0.0182600002735853
Belarus,BLR,Research and development expenditure (% of GDP),GB.XPD.RSDV.GD.ZS,2003,0.611469984054565
Brazil,BRA,Research and development expenditure (% of GDP),GB.XPD.RSDV.GD.ZS,2003,0.999390006065369
Brunei Darussalam,BRN,Research and development expenditure (% of GDP),GB.XPD.RSDV.GD.ZS,2003,0.0184199996292591
Canada,CAN,Research and development expenditure (% of GDP),GB.XPD.RSDV.GD.ZS,2003,1.96781003475189
Central Europe and the Baltics,CEB,Research and development expenditure (% of GDP),GB.XPD.RSDV.GD.ZS,2003,0.73087932247079
China,CHN,Research and development expenditure (% of GDP),GB.XPD.RSDV.GD.ZS,2003,1.12037003040314
Colombia,COL,Research and development expenditure (% of GDP),GB.XPD.RSDV.GD.ZS,2003,0.173979997634888
Costa Rica,CRI,Research and development expenditure (% of GDP),GB.XPD.RSDV.GD.ZS,2003,0.361900001764297
Cuba,CUB,Research and development expenditure (% of GDP),GB.XPD.RSDV.GD.ZS,2003,0.582430005073547
Cyprus,CYP,Research and development expenditure (% of GDP),GB.XPD.RSDV.GD.ZS,2003,0.318340003490448
Czechia,CZE,Research and development expenditure (% of GDP),GB.XPD.RSDV.GD.ZS,2003,1.14209997653961
Germany,DEU,Research and development expenditure (% of GDP),GB.XPD.RSDV.GD.ZS,2003,2.47461009025574
Denmark,DNK,Research and development expenditure (% of GDP),GB.XPD.RSDV.GD.ZS,2003,2.51084995269775
Algeria,DZA,Research and development expenditure (% of GDP),GB.XPD.RSDV.GD.ZS,2003,0.18121999502182
East Asia & Pacific (excluding high income),EAP,Research and development expenditure (% of GDP),GB.XPD.RSDV.GD.ZS,2003,1.00399676053754
Early-demographic dividend,EAR,Research and development expenditure (% of GDP),GB.XPD.RSDV.GD.ZS,2003,0.6042942441688
East Asia & Pacific,EAS,Research and development expenditure (% of GDP),GB.XPD.RSDV.GD.ZS,2003,2.32900178777982
Europe & Central Asia (excluding high income),ECA,Research and development expenditure (% of GDP),GB.XPD.RSDV.GD.ZS,2003,0.502384049328531
Europe & Central Asia,ECS,Research and development expenditure (% of GDP),GB.XPD.RSDV.GD.ZS,2003,1.72119028339865
Ecuador,ECU,Research and development expenditure (% of GDP),GB.XPD.RSDV.GD.ZS,2003,0.0600700005888939
Euro area,EMU,Research and development expenditure (% of GDP),GB.XPD.RSDV.GD.ZS,2003,1.80563273673588
Spain,ESP,Research and development expenditure (% of GDP),GB.XPD.RSDV.GD.ZS,2003,1.02373003959656
Estonia,EST,Research and development expenditure (% of GDP),GB.XPD.RSDV.GD.ZS,2003,0.764649987220764
European Union,EUU,Research and development expenditure (% of GDP),GB.XPD.RSDV.GD.ZS,2003,1.82749650548768
Finland,FIN,Research and development expenditure (% of GDP),GB.XPD.RSDV.GD.ZS,2003,3.29821991920471
France,FRA,Research and development expenditure (% of GDP),GB.XPD.RSDV.GD.ZS,2003,2.11994004249573
Faroe Islands,FRO,Research and development expenditure (% of GDP),GB.XPD.RSDV.GD.ZS,2003,0.852530002593994
United Kingdom,GBR,Research and development expenditure (% of GDP),GB.XPD.RSDV.GD.ZS,2003,1.58131003379822
Georgia,GEO,Research and development expenditure (% of GDP),GB.XPD.RSDV.GD.ZS,2003,0.217600002884865
Greece,GRC,Research and development expenditure (% of GDP),GB.XPD.RSDV.GD.ZS,2003,0.546540021896362
Greenland,GRL,Research and development expenditure (% of GDP),GB.XPD.RSDV.GD.ZS,2003,0.508040010929108
Guam,GUM,Research and development expenditure (% of GDP),GB.XPD.RSDV.GD.ZS,2003,0.26570001244545
High income,HIC,Research and development expenditure (% of GDP),GB.XPD.RSDV.GD.ZS,2003,2.23667668932336
Hong Kong SAR, China,Research and development expenditure (% of GDP),GB.XPD.RSDV.GD.ZS,2003,0.68027001619339
Honduras,HND,Research and development expenditure (% of GDP),GB.XPD.RSDV.GD.ZS,2003,0.0421499982476234
Croatia,HRV,Research and development expenditure (% of GDP),GB.XPD.RSDV.GD.ZS,2003,0.940689980983734
Hungary,HUN,Research and development expenditure (% of GDP),GB.XPD.RSDV.GD.ZS,2003,0.91882997751236
IBRD only,IBD,Research and development expenditure (% of GDP),GB.XPD.RSDV.GD.ZS,2003,0.765144918698141
IDA & IBRD total,IBT,Research and development expenditure (% of GDP),GB.XPD.RSDV.GD.ZS,2003,0.759009369752028
India,IND,Research and development expenditure (% of GDP),GB.XPD.RSDV.GD.ZS,2003,0.719290018081665
Ireland,IRL,Research and development expenditure (% of GDP),GB.XPD.RSDV.GD.ZS,2003,1.12434995174408
Iran, Islamic Rep.,Research and development expenditure (% of GDP),GB.XPD.RSDV.GD.ZS,2003,0.594839990139008
Iceland,ISL,Research and development expenditure (% of GDP),GB.XPD.RSDV.GD.ZS,2003,2.70549988746643
Israel,ISR,Research and development expenditure (% of GDP),GB.XPD.RSDV.GD.ZS,2003,3.76453995704651
Italy,ITA,Research and development expenditure (% of GDP),GB.XPD.RSDV.GD.ZS,2003,1.05894005298615
Japan,JPN,Research and development expenditure (% of GDP),GB.XPD.RSDV.GD.ZS,2003,2.99320006370544
Kazakhstan,KAZ,Research and development expenditure (% of GDP),GB.XPD.RSDV.GD.ZS,2003,0.25246000289917
Kyrgyz Republic,KGZ,Research and development expenditure (% of GDP),GB.XPD.RSDV.GD.ZS,2003,0.222719997167587
Korea, Rep.,Research and development expenditure (% of GDP),GB.XPD.RSDV.GD.ZS,2003,2.27722001075745
Kuwait,KWT,Research and development expenditure (% of GDP),GB.XPD.RSDV.GD.ZS,2003,0.143470004200935
Latin America & Caribbean (excluding high income),LAC,Research and development expenditure (% of GDP),GB.XPD.RSDV.GD.ZS,2003,0.557016795896915
Latin America & Caribbean,LCN,Research and development expenditure (% of GDP),GB.XPD.RSDV.GD.ZS,2003,0.551250265804549
Low & middle income,LMY,Research and development expenditure (% of GDP),GB.XPD.RSDV.GD.ZS,2003,0.730329397213876
Lesotho,LSO,Research and development expenditure (% of GDP),GB.XPD.RSDV.GD.ZS,2003,0.0429500006139278
Late-demographic dividend,LTE,Research and development expenditure (% of GDP),GB.XPD.RSDV.GD.ZS,2003,0.95296486681717
Lithuania,LTU,Research and development expenditure (% of GDP),GB.XPD.RSDV.GD.ZS,2003,0.664129972457886
Luxembourg,LUX,Research and development expenditure (% of GDP),GB.XPD.RSDV.GD.ZS,2003,1.62349998950958
Latvia,LVA,Research and development expenditure (% of GDP),GB.XPD.RSDV.GD.ZS,2003,0.35929998755455
Macao SAR, China,Research and development expenditure (% of GDP),GB.XPD.RSDV.GD.ZS,2003,0.062440000474453
Morocco,MAR,Research and development expenditure (% of GDP),GB.XPD.RSDV.GD.ZS,2003,0.565880000591278
Moldova,MDA,Research and development expenditure (% of GDP),GB.XPD.RSDV.GD.ZS,2003,0.324050009250641
Madagascar,MDG,Research and development expenditure (% of GDP),GB.XPD.RSDV.GD.ZS,2003,0.290699988603592
Mexico,MEX,Research and development expenditure (% of GDP),GB.XPD.RSDV.GD.ZS,2003,0.374540001153946
Middle income,MIC,Research and development expenditure (% of GDP),GB.XPD.RSDV.GD.ZS,2003,0.733751452887403
North Macedonia,MKD,Research and development expenditure (% of GDP),GB.XPD.RSDV.GD.ZS,2003,0.210639998316765
Malta,MLT,Research and development expenditure (% of GDP),GB.XPD.RSDV.GD.ZS,2003,0.23743000626564
Montenegro,MNE,Research and development expenditure (% of GDP),GB.XPD.RSDV.GD.ZS,2003,0.797720015048981
Mongolia,MNG,Research and development expenditure (% of GDP),GB.XPD.RSDV.GD.ZS,2003,0.251800000667572
Mauritius,MUS,Research and development expenditure (% of GDP),GB.XPD.RSDV.GD.ZS,2003,0.321709990501404
North America,NAC,Research and development expenditure (% of GDP),GB.XPD.RSDV.GD.ZS,2003,2.50792927073123
Netherlands,NLD,Research and development expenditure (% of GDP),GB.XPD.RSDV.GD.ZS,2003,1.78390002250671
Norway,NOR,Research and development expenditure (% of GDP),GB.XPD.RSDV.GD.ZS,2003,1.67571997642517
New Zealand,NZL,Research and development expenditure (% of GDP),GB.XPD.RSDV.GD.ZS,2003,1.14891004562378
OECD members,OED,Research and development expenditure (% of GDP),GB.XPD.RSDV.GD.ZS,2003,2.21663176681618
Other small states,OSS,Research and development expenditure (% of GDP),GB.XPD.RSDV.GD.ZS,2003,0.84646469644847
Panama,PAN,Research and development expenditure (% of GDP),GB.XPD.RSDV.GD.ZS,2003,0.321090012788773
Peru,PER,Research and development expenditure (% of GDP),GB.XPD.RSDV.GD.ZS,2003,0.108130000531673
Philippines,PHL,Research and development expenditure (% of GDP),GB.XPD.RSDV.GD.ZS,2003,0.125269994139671
Poland,POL,Research and development expenditure (% of GDP),GB.XPD.RSDV.GD.ZS,2003,0.538060009479523
Portugal,PRT,Research and development expenditure (% of GDP),GB.XPD.RSDV.GD.ZS,2003,0.698019981384277
Paraguay,PRY,Research and development expenditure (% of GDP),GB.XPD.RSDV.GD.ZS,2003,0.0613499991595745
Post-demographic dividend,PST,Research and development expenditure (% of GDP),GB.XPD.RSDV.GD.ZS,2003,2.28690800720118
Romania,ROU,Research and development expenditure (% of GDP),GB.XPD.RSDV.GD.ZS,2003,0.39708000421524
Russian Federation,RUS,Research and development expenditure (% of GDP),GB.XPD.RSDV.GD.ZS,2003,1.28603005409241
South Asia,SAS,Research and development expenditure (% of GDP),GB.XPD.RSDV.GD.ZS,2003,0.719290018081665
Saudi Arabia,SAU,Research and development expenditure (% of GDP),GB.XPD.RSDV.GD.ZS,2003,0.06233000010252
Sudan,SDN,Research and development expenditure (% of GDP),GB.XPD.RSDV.GD.ZS,2003,0.280800014734268
Singapore,SGP,Research and development expenditure (% of GDP),GB.XPD.RSDV.GD.ZS,2003,1.99679005146027
Serbia,SRB,Research and development expenditure (% of GDP),GB.XPD.RSDV.GD.ZS,2003,0.491380006074905
Slovak Republic,SVK,Research and development expenditure (% of GDP),GB.XPD.RSDV.GD.ZS,2003,0.561450004577637
Slovenia,SVN,Research and development expenditure (% of GDP),GB.XPD.RSDV.GD.ZS,2003,1.24792003631592
Sweden,SWE,Research and development expenditure (% of GDP),GB.XPD.RSDV.GD.ZS,2003,3.57947993278503
Seychelles,SYC,Research and development expenditure (% of GDP),GB.XPD.RSDV.GD.ZS,2003,0.387070000171661
East Asia & Pacific (IDA & IBRD countries),TEA,Research and development expenditure (% of GDP),GB.XPD.RSDV.GD.ZS,2003,1.00399676053754
Europe & Central Asia (IDA & IBRD countries),TEC,Research and development expenditure (% of GDP),GB.XPD.RSDV.GD.ZS,2003,0.786123236101282
Thailand,THA,Research and development expenditure (% of GDP),GB.XPD.RSDV.GD.ZS,2003,0.245340004563332
Tajikistan,TJK,Research and development expenditure (% of GDP),GB.XPD.RSDV.GD.ZS,2003,0.068850003182888
Latin America & the Caribbean (IDA & IBRD countries),TLA,Research and development expenditure (% of GDP),GB.XPD.RSDV.GD.ZS,2003,0.551633163101019
South Asia (IDA & IBRD),TSA,Research and development expenditure (% of GDP),GB.XPD.RSDV.GD.ZS,2003,0.719290018081665
Trinidad and Tobago,TTO,Research and development expenditure (% of GDP),GB.XPD.RSDV.GD.ZS,2003,0.115010000765324
Tunisia,TUN,Research and development expenditure (% of GDP),GB.XPD.RSDV.GD.ZS,2003,0.650439977645874
Turkiye,TUR,Research and development expenditure (% of GDP),GB.XPD.RSDV.GD.ZS,2003,0.465319991111755
Uganda,UGA,Research and development expenditure (% of GDP),GB.XPD.RSDV.GD.ZS,2003,0.25611999630928
Ukraine,UKR,Research and development expenditure (% of GDP),GB.XPD.RSDV.GD.ZS,2003,1.07166004180908
Upper middle income,UMC,Research and development expenditure (% of GDP),GB.XPD.RSDV.GD.ZS,2003,0.754290356680799
United States,USA,Research and development expenditure (% of GDP),GB.XPD.RSDV.GD.ZS,2003,2.55014991760254
Uzbekistan,UZB,Research and development expenditure (% of GDP),GB.XPD.RSDV.GD.ZS,2003,0.268249988555908
Virgin Islands (U.S.),VIR,Research and development expenditure (% of GDP),GB.XPD.RSDV.GD.ZS,2003,0.0377600006759167
World,WLD,Research and development expenditure (% of GDP),GB.XPD.RSDV.GD.ZS,2003,2.01859737836616
South Africa,ZAF,Research and development expenditure (% of GDP),GB.XPD.RSDV.GD.ZS,2003,0.676500022411346
Zambia,ZMB,Research and development expenditure (% of GDP),GB.XPD.RSDV.GD.ZS,2003,0.0084699997678399
Africa Eastern and Southern,AFE,Research and development expenditure (% of GDP),GB.XPD.RSDV.GD.ZS,2004,0.626100561775394
Argentina,ARG,Research and development expenditure (% of GDP),GB.XPD.RSDV.GD.ZS,2004,0.403759986162186
Armenia,ARM,Research and development expenditure (% of GDP),GB.XPD.RSDV.GD.ZS,2004,0.256590008735657
American Samoa,ASM,Research and development expenditure (% of GDP),GB.XPD.RSDV.GD.ZS,2004,0.325280010700226
Australia,AUS,Research and development expenditure (% of GDP),GB.XPD.RSDV.GD.ZS,2004,1.84801995754242
Austria,AUT,Research and development expenditure (% of GDP),GB.XPD.RSDV.GD.ZS,2004,2.16612005233765
Azerbaijan,AZE,Research and development expenditure (% of GDP),GB.XPD.RSDV.GD.ZS,2004,0.29831001162529
Belgium,BEL,Research and development expenditure (% of GDP),GB.XPD.RSDV.GD.ZS,2004,1.82050001621246
Burkina Faso,BFA,Research and development expenditure (% of GDP),GB.XPD.RSDV.GD.ZS,2004,0.215139999985695
Bulgaria,BGR,Research and development expenditure (% of GDP),GB.XPD.RSDV.GD.ZS,2004,0.470860004425049
Bosnia and Herzegovina,BIH,Research and development expenditure (% of GDP),GB.XPD.RSDV.GD.ZS,2004,0.0159000009298325
Belarus,BLR,Research and development expenditure (% of GDP),GB.XPD.RSDV.GD.ZS,2004,0.627590000629425
Brazil,BRA,Research and development expenditure (% of GDP),GB.XPD.RSDV.GD.ZS,2004,0.963429987430573
Brunei Darussalam,BRN,Research and development expenditure (% of GDP),GB.XPD.RSDV.GD.ZS,2004,0.0370099991559982
Canada,CAN,Research and development expenditure (% of GDP),GB.XPD.RSDV.GD.ZS,2004,1.99733996391296
Central Europe and the Baltics,CEB,Research and development expenditure (% of GDP),GB.XPD.RSDV.GD.ZS,2004,0.73405765629793
Switzerland,CHE,Research and development expenditure (% of GDP),GB.XPD.RSDV.GD.ZS,2004,2.60818004608154
China,CHN,Research and development expenditure (% of GDP),GB.XPD.RSDV.GD.ZS,2004,1.21498000621796
Congo, Dem. Rep.,Research and development expenditure (% of GDP),GB.XPD.RSDV.GD.ZS,2004,0.267769992351532
Colombia,COL,Research and development expenditure (% of GDP),GB.XPD.RSDV.GD.ZS,2004,0.169640004634857
Costa Rica,CRI,Research and development expenditure (% of GDP),GB.XPD.RSDV.GD.ZS,2004,0.372880011796951
Cuba,CUB,Research and development expenditure (% of GDP),GB.XPD.RSDV.GD.ZS,2004,0.602310001850128
Cyprus,CYP,Research and development expenditure (% of GDP),GB.XPD.RSDV.GD.ZS,2004,0.335640013217926
Czechia,CZE,Research and development expenditure (% of GDP),GB.XPD.RSDV.GD.ZS,2004,1.13935005664825
Germany,DEU,Research and development expenditure (% of GDP),GB.XPD.RSDV.GD.ZS,2004,2.43518996238708
Denmark,DNK,Research and development expenditure (% of GDP),GB.XPD.RSDV.GD.ZS,2004,2.41915988922119
Algeria,DZA,Research and development expenditure (% of GDP),GB.XPD.RSDV.GD.ZS,2004,0.151859998703003
East Asia & Pacific (excluding high income),EAP,Research and development expenditure (% of GDP),GB.XPD.RSDV.GD.ZS,2004,1.10522976876559
Early-demographic dividend,EAR,Research and development expenditure (% of GDP),GB.XPD.RSDV.GD.ZS,2004,0.613583287160414
East Asia & Pacific,EAS,Research and development expenditure (% of GDP),GB.XPD.RSDV.GD.ZS,2004,2.31460943555706
Europe & Central Asia (excluding high income),ECA,Research and development expenditure (% of GDP),GB.XPD.RSDV.GD.ZS,2004,0.51254365520692
Europe & Central Asia,ECS,Research and development expenditure (% of GDP),GB.XPD.RSDV.GD.ZS,2004,1.69636212312203
Egypt, Arab Rep.,Research and development expenditure (% of GDP),GB.XPD.RSDV.GD.ZS,2004,0.269939988851547
Euro area,EMU,Research and development expenditure (% of GDP),GB.XPD.RSDV.GD.ZS,2004,1.7833695419418
Spain,ESP,Research and development expenditure (% of GDP),GB.XPD.RSDV.GD.ZS,2004,1.04088997840881
Estonia,EST,Research and development expenditure (% of GDP),GB.XPD.RSDV.GD.ZS,2004,0.845839977264404
European Union,EUU,Research and development expenditure (% of GDP),GB.XPD.RSDV.GD.ZS,2004,1.79552673184176
Finland,FIN,Research and development expenditure (% of GDP),GB.XPD.RSDV.GD.ZS,2004,3.30907011032104
France,FRA,Research and development expenditure (% of GDP),GB.XPD.RSDV.GD.ZS,2004,2.09460997581482
United Kingdom,GBR,Research and development expenditure (% of GDP),GB.XPD.RSDV.GD.ZS,2004,1.53088998794556
Georgia,GEO,Research and development expenditure (% of GDP),GB.XPD.RSDV.GD.ZS,2004,0.244200006127357
Greece,GRC,Research and development expenditure (% of GDP),GB.XPD.RSDV.GD.ZS,2004,0.527300000190735
Greenland,GRL,Research and development expenditure (% of GDP),GB.XPD.RSDV.GD.ZS,2004,0.646080017089844
Guam,GUM,Research and development expenditure (% of GDP),GB.XPD.RSDV.GD.ZS,2004,0.25518000125885
High income,HIC,Research and development expenditure (% of GDP),GB.XPD.RSDV.GD.ZS,2004,2.18193696416308
Hong Kong SAR, China,Research and development expenditure (% of GDP),GB.XPD.RSDV.GD.ZS,2004,0.721759974956512
Honduras,HND,Research and development expenditure (% of GDP),GB.XPD.RSDV.GD.ZS,2004,0.0415499992668629
Croatia,HRV,Research and development expenditure (% of GDP),GB.XPD.RSDV.GD.ZS,2004,1.02002000808716
Hungary,HUN,Research and development expenditure (% of GDP),GB.XPD.RSDV.GD.ZS,2004,0.859899997711182
IBRD only,IBD,Research and development expenditure (% of GDP),GB.XPD.RSDV.GD.ZS,2004,0.794836253817711
IDA & IBRD total,IBT,Research and development expenditure (% of GDP),GB.XPD.RSDV.GD.ZS,2004,0.78581446047887
India,IND,Research and development expenditure (% of GDP),GB.XPD.RSDV.GD.ZS,2004,0.756900012493134
Ireland,IRL,Research and development expenditure (% of GDP),GB.XPD.RSDV.GD.ZS,2004,1.1777800321579
Iran, Islamic Rep.,Research and development expenditure (% of GDP),GB.XPD.RSDV.GD.ZS,2004,0.504530012607574
Israel,ISR,Research and development expenditure (% of GDP),GB.XPD.RSDV.GD.ZS,2004,3.74903011322021
Italy,ITA,Research and development expenditure (% of GDP),GB.XPD.RSDV.GD.ZS,2004,1.05025005340576
Japan,JPN,Research and development expenditure (% of GDP),GB.XPD.RSDV.GD.ZS,2004,2.98125004768372
Kazakhstan,KAZ,Research and development expenditure (% of GDP),GB.XPD.RSDV.GD.ZS,2004,0.248370006680489
Kyrgyz Republic,KGZ,Research and development expenditure (% of GDP),GB.XPD.RSDV.GD.ZS,2004,0.199259996414185
Korea, Rep.,Research and development expenditure (% of GDP),GB.XPD.RSDV.GD.ZS,2004,2.44214010238647
Kuwait,KWT,Research and development expenditure (% of GDP),GB.XPD.RSDV.GD.ZS,2004,0.1300999969244
Latin America & Caribbean (excluding high income),LAC,Research and development expenditure (% of GDP),GB.XPD.RSDV.GD.ZS,2004,0.56264287279718
Latin America & Caribbean,LCN,Research and development expenditure (% of GDP),GB.XPD.RSDV.GD.ZS,2004,0.555939994781692
Sri Lanka,LKA,Research and development expenditure (% of GDP),GB.XPD.RSDV.GD.ZS,2004,0.182099997997284
Low & middle income,LMY,Research and development expenditure (% of GDP),GB.XPD.RSDV.GD.ZS,2004,0.767002552099541
Lesotho,LSO,Research and development expenditure (% of GDP),GB.XPD.RSDV.GD.ZS,2004,0.0553199984133244
Late-demographic dividend,LTE,Research and development expenditure (% of GDP),GB.XPD.RSDV.GD.ZS,2004,0.963941034954318
Lithuania,LTU,Research and development expenditure (% of GDP),GB.XPD.RSDV.GD.ZS,2004,0.751399993896484
Luxembourg,LUX,Research and development expenditure (% of GDP),GB.XPD.RSDV.GD.ZS,2004,1.58818995952606
Latvia,LVA,Research and development expenditure (% of GDP),GB.XPD.RSDV.GD.ZS,2004,0.398400008678436
Macao SAR, China,Research and development expenditure (% of GDP),GB.XPD.RSDV.GD.ZS,2004,0.0534400008618832
Monaco,MCO,Research and development expenditure (% of GDP),GB.XPD.RSDV.GD.ZS,2004,0.0378700010478497
Moldova,MDA,Research and development expenditure (% of GDP),GB.XPD.RSDV.GD.ZS,2004,0.349029988050461
Madagascar,MDG,Research and development expenditure (% of GDP),GB.XPD.RSDV.GD.ZS,2004,0.1925999969244
Mexico,MEX,Research and development expenditure (% of GDP),GB.XPD.RSDV.GD.ZS,2004,0.370530009269714
Middle income,MIC,Research and development expenditure (% of GDP),GB.XPD.RSDV.GD.ZS,2004,0.771721902222692
North Macedonia,MKD,Research and development expenditure (% of GDP),GB.XPD.RSDV.GD.ZS,2004,0.232370004057884
Malta,MLT,Research and development expenditure (% of GDP),GB.XPD.RSDV.GD.ZS,2004,0.489710003137589
Montenegro,MNE,Research and development expenditure (% of GDP),GB.XPD.RSDV.GD.ZS,2004,1.01874005794525
Mongolia,MNG,Research and development expenditure (% of GDP),GB.XPD.RSDV.GD.ZS,2004,0.267769992351532
Mauritius,MUS,Research and development expenditure (% of GDP),GB.XPD.RSDV.GD.ZS,2004,0.363290011882782
Malaysia,MYS,Research and development expenditure (% of GDP),GB.XPD.RSDV.GD.ZS,2004,0.599900007247925
North America,NAC,Research and development expenditure (% of GDP),GB.XPD.RSDV.GD.ZS,2004,2.44891154716324
Netherlands,NLD,Research and development expenditure (% of GDP),GB.XPD.RSDV.GD.ZS,2004,1.7890100479126
Norway,NOR,Research and development expenditure (% of GDP),GB.XPD.RSDV.GD.ZS,2004,1.53974997997284
OECD members,OED,Research and development expenditure (% of GDP),GB.XPD.RSDV.GD.ZS,2004,2.16770938090485
Panama,PAN,Research and development expenditure (% of GDP),GB.XPD.RSDV.GD.ZS,2004,0.226459994912148
Peru,PER,Research and development expenditure (% of GDP),GB.XPD.RSDV.GD.ZS,2004,0.155780002474785
Poland,POL,Research and development expenditure (% of GDP),GB.XPD.RSDV.GD.ZS,2004,0.552500009536743
Portugal,PRT,Research and development expenditure (% of GDP),GB.XPD.RSDV.GD.ZS,2004,0.729300022125244
Paraguay,PRY,Research and development expenditure (% of GDP),GB.XPD.RSDV.GD.ZS,2004,0.0606600008904934
Post-demographic dividend,PST,Research and development expenditure (% of GDP),GB.XPD.RSDV.GD.ZS,2004,2.23767815369264
Romania,ROU,Research and development expenditure (% of GDP),GB.XPD.RSDV.GD.ZS,2004,0.389420002698898
Russian Federation,RUS,Research and development expenditure (% of GDP),GB.XPD.RSDV.GD.ZS,2004,1.15132999420166
South Asia,SAS,Research and development expenditure (% of GDP),GB.XPD.RSDV.GD.ZS,2004,0.74062627728012
Saudi Arabia,SAU,Research and development expenditure (% of GDP),GB.XPD.RSDV.GD.ZS,2004,0.0531499981880188
Sudan,SDN,Research and development expenditure (% of GDP),GB.XPD.RSDV.GD.ZS,2004,0.238250002264977
Singapore,SGP,Research and development expenditure (% of GDP),GB.XPD.RSDV.GD.ZS,2004,2.07858991622925
Serbia,SRB,Research and development expenditure (% of GDP),GB.XPD.RSDV.GD.ZS,2004,0.289530009031296
Slovak Republic,SVK,Research and development expenditure (% of GDP),GB.XPD.RSDV.GD.ZS,2004,0.50068998336792
Slovenia,SVN,Research and development expenditure (% of GDP),GB.XPD.RSDV.GD.ZS,2004,1.37026000022888
Sweden,SWE,Research and development expenditure (% of GDP),GB.XPD.RSDV.GD.ZS,2004,3.36128997802734
Seychelles,SYC,Research and development expenditure (% of GDP),GB.XPD.RSDV.GD.ZS,2004,0.32574000954628
East Asia & Pacific (IDA & IBRD countries),TEA,Research and development expenditure (% of GDP),GB.XPD.RSDV.GD.ZS,2004,1.10522976876559
Europe & Central Asia (IDA & IBRD countries),TEC,Research and development expenditure (% of GDP),GB.XPD.RSDV.GD.ZS,2004,0.759606531489036
Thailand,THA,Research and development expenditure (% of GDP),GB.XPD.RSDV.GD.ZS,2004,0.23827999830246
Tajikistan,TJK,Research and development expenditure (% of GDP),GB.XPD.RSDV.GD.ZS,2004,0.0669699981808662
Latin America & the Caribbean (IDA & IBRD countries),TLA,Research and development expenditure (% of GDP),GB.XPD.RSDV.GD.ZS,2004,0.556050057176406
South Asia (IDA & IBRD),TSA,Research and development expenditure (% of GDP),GB.XPD.RSDV.GD.ZS,2004,0.74062627728012
Trinidad and Tobago,TTO,Research and development expenditure (% of GDP),GB.XPD.RSDV.GD.ZS,2004,0.114409998059273
Tunisia,TUN,Research and development expenditure (% of GDP),GB.XPD.RSDV.GD.ZS,2004,0.730949997901917
Turkiye,TUR,Research and development expenditure (% of GDP),GB.XPD.RSDV.GD.ZS,2004,0.497130006551743
Uganda,UGA,Research and development expenditure (% of GDP),GB.XPD.RSDV.GD.ZS,2004,0.260560005903244
Ukraine,UKR,Research and development expenditure (% of GDP),GB.XPD.RSDV.GD.ZS,2004,1.04392004013062
Upper middle income,UMC,Research and development expenditure (% of GDP),GB.XPD.RSDV.GD.ZS,2004,0.787637377431153
United States,USA,Research and development expenditure (% of GDP),GB.XPD.RSDV.GD.ZS,2004,2.48686003684998
Uzbekistan,UZB,Research and development expenditure (% of GDP),GB.XPD.RSDV.GD.ZS,2004,0.270410001277924
Virgin Islands (U.S.),VIR,Research and development expenditure (% of GDP),GB.XPD.RSDV.GD.ZS,2004,0.0342399999499321
World,WLD,Research and development expenditure (% of GDP),GB.XPD.RSDV.GD.ZS,2004,1.97042404666446
South Africa,ZAF,Research and development expenditure (% of GDP),GB.XPD.RSDV.GD.ZS,2004,0.726809978485107
Zambia,ZMB,Research and development expenditure (% of GDP),GB.XPD.RSDV.GD.ZS,2004,0.0222299993038177
Africa Eastern and Southern,AFE,Research and development expenditure (% of GDP),GB.XPD.RSDV.GD.ZS,2005,0.627535313989628
Argentina,ARG,Research and development expenditure (% of GDP),GB.XPD.RSDV.GD.ZS,2005,0.420740008354187
Armenia,ARM,Research and development expenditure (% of GDP),GB.XPD.RSDV.GD.ZS,2005,0.257609993219376
American Samoa,ASM,Research and development expenditure (% of GDP),GB.XPD.RSDV.GD.ZS,2005,0.366919994354248
Austria,AUT,Research and development expenditure (% of GDP),GB.XPD.RSDV.GD.ZS,2005,2.37323999404907
Azerbaijan,AZE,Research and development expenditure (% of GDP),GB.XPD.RSDV.GD.ZS,2005,0.219940006732941
Belgium,BEL,Research and development expenditure (% of GDP),GB.XPD.RSDV.GD.ZS,2005,1.79060995578766
Burkina Faso,BFA,Research and development expenditure (% of GDP),GB.XPD.RSDV.GD.ZS,2005,0.151659995317459
Bulgaria,BGR,Research and development expenditure (% of GDP),GB.XPD.RSDV.GD.ZS,2005,0.442690014839172
Bosnia and Herzegovina,BIH,Research and development expenditure (% of GDP),GB.XPD.RSDV.GD.ZS,2005,0.0269699990749359
Belarus,BLR,Research and development expenditure (% of GDP),GB.XPD.RSDV.GD.ZS,2005,0.678520023822784
Brazil,BRA,Research and development expenditure (% of GDP),GB.XPD.RSDV.GD.ZS,2005,1.00246000289917
Botswana,BWA,Research and development expenditure (% of GDP),GB.XPD.RSDV.GD.ZS,2005,0.532859981060028
Canada,CAN,Research and development expenditure (% of GDP),GB.XPD.RSDV.GD.ZS,2005,1.97126996517181
Central Europe and the Baltics,CEB,Research and development expenditure (% of GDP),GB.XPD.RSDV.GD.ZS,2005,0.73505355803555
China,CHN,Research and development expenditure (% of GDP),GB.XPD.RSDV.GD.ZS,2005,1.30791997909546
Congo, Dem. Rep.,Research and development expenditure (% of GDP),GB.XPD.RSDV.GD.ZS,2005,0.0579899996519089
Colombia,COL,Research and development expenditure (% of GDP),GB.XPD.RSDV.GD.ZS,2005,0.165570005774498
Cuba,CUB,Research and development expenditure (% of GDP),GB.XPD.RSDV.GD.ZS,2005,0.549199998378754
Cyprus,CYP,Research and development expenditure (% of GDP),GB.XPD.RSDV.GD.ZS,2005,0.367269992828369
Czechia,CZE,Research and development expenditure (% of GDP),GB.XPD.RSDV.GD.ZS,2005,1.16100001335144
Germany,DEU,Research and development expenditure (% of GDP),GB.XPD.RSDV.GD.ZS,2005,2.44193005561829
Denmark,DNK,Research and development expenditure (% of GDP),GB.XPD.RSDV.GD.ZS,2005,2.3933699131012
Algeria,DZA,Research and development expenditure (% of GDP),GB.XPD.RSDV.GD.ZS,2005,0.0636700019240379
East Asia & Pacific (excluding high income),EAP,Research and development expenditure (% of GDP),GB.XPD.RSDV.GD.ZS,2005,1.17722126129046
Early-demographic dividend,EAR,Research and development expenditure (% of GDP),GB.XPD.RSDV.GD.ZS,2005,0.6019568363527
East Asia & Pacific,EAS,Research and development expenditure (% of GDP),GB.XPD.RSDV.GD.ZS,2005,2.39689101259065
Europe & Central Asia (excluding high income),ECA,Research and development expenditure (% of GDP),GB.XPD.RSDV.GD.ZS,2005,0.561477830097077
Europe & Central Asia,ECS,Research and development expenditure (% of GDP),GB.XPD.RSDV.GD.ZS,2005,1.65147134748517
Egypt, Arab Rep.,Research and development expenditure (% of GDP),GB.XPD.RSDV.GD.ZS,2005,0.241410002112389
Euro area,EMU,Research and development expenditure (% of GDP),GB.XPD.RSDV.GD.ZS,2005,1.78004151366323
Spain,ESP,Research and development expenditure (% of GDP),GB.XPD.RSDV.GD.ZS,2005,1.09956002235413
Estonia,EST,Research and development expenditure (% of GDP),GB.XPD.RSDV.GD.ZS,2005,0.917050004005432
Ethiopia,ETH,Research and development expenditure (% of GDP),GB.XPD.RSDV.GD.ZS,2005,0.179169997572899
European Union,EUU,Research and development expenditure (% of GDP),GB.XPD.RSDV.GD.ZS,2005,1.78427820253675
Finland,FIN,Research and development expenditure (% of GDP),GB.XPD.RSDV.GD.ZS,2005,3.32369995117188
France,FRA,Research and development expenditure (% of GDP),GB.XPD.RSDV.GD.ZS,2005,2.05151009559631
United Kingdom,GBR,Research and development expenditure (% of GDP),GB.XPD.RSDV.GD.ZS,2005,1.55004000663757
Georgia,GEO,Research and development expenditure (% of GDP),GB.XPD.RSDV.GD.ZS,2005,0.176579996943474
Greece,GRC,Research and development expenditure (% of GDP),GB.XPD.RSDV.GD.ZS,2005,0.578960001468658
Guatemala,GTM,Research and development expenditure (% of GDP),GB.XPD.RSDV.GD.ZS,2005,0.0355600006878376
Guam,GUM,Research and development expenditure (% of GDP),GB.XPD.RSDV.GD.ZS,2005,0.256099998950958
High income,HIC,Research and development expenditure (% of GDP),GB.XPD.RSDV.GD.ZS,2005,2.18903969428106
Hong Kong SAR, China,Research and development expenditure (% of GDP),GB.XPD.RSDV.GD.ZS,2005,0.773429989814758
Croatia,HRV,Research and development expenditure (% of GDP),GB.XPD.RSDV.GD.ZS,2005,0.847760021686554
Hungary,HUN,Research and development expenditure (% of GDP),GB.XPD.RSDV.GD.ZS,2005,0.919510006904602
IBRD only,IBD,Research and development expenditure (% of GDP),GB.XPD.RSDV.GD.ZS,2005,0.823891531461416
IDA & IBRD total,IBT,Research and development expenditure (% of GDP),GB.XPD.RSDV.GD.ZS,2005,0.807771659422172
India,IND,Research and development expenditure (% of GDP),GB.XPD.RSDV.GD.ZS,2005,0.824109971523285
Ireland,IRL,Research and development expenditure (% of GDP),GB.XPD.RSDV.GD.ZS,2005,1.19196999073029
Iran, Islamic Rep.,Research and development expenditure (% of GDP),GB.XPD.RSDV.GD.ZS,2005,0.622839987277985
Iceland,ISL,Research and development expenditure (% of GDP),GB.XPD.RSDV.GD.ZS,2005,2.67968988418579
Israel,ISR,Research and development expenditure (% of GDP),GB.XPD.RSDV.GD.ZS,2005,3.92282009124756
Italy,ITA,Research and development expenditure (% of GDP),GB.XPD.RSDV.GD.ZS,2005,1.04435002803802
Japan,JPN,Research and development expenditure (% of GDP),GB.XPD.RSDV.GD.ZS,2005,3.13091993331909
Kazakhstan,KAZ,Research and development expenditure (% of GDP),GB.XPD.RSDV.GD.ZS,2005,0.283609986305237
Kyrgyz Republic,KGZ,Research and development expenditure (% of GDP),GB.XPD.RSDV.GD.ZS,2005,0.198609992861748
Korea, Rep.,Research and development expenditure (% of GDP),GB.XPD.RSDV.GD.ZS,2005,2.52290010452271
Kuwait,KWT,Research and development expenditure (% of GDP),GB.XPD.RSDV.GD.ZS,2005,0.100830003619194
Latin America & Caribbean (excluding high income),LAC,Research and development expenditure (% of GDP),GB.XPD.RSDV.GD.ZS,2005,0.616105503845997
Latin America & Caribbean,LCN,Research and development expenditure (% of GDP),GB.XPD.RSDV.GD.ZS,2005,0.582472198103944
Low & middle income,LMY,Research and development expenditure (% of GDP),GB.XPD.RSDV.GD.ZS,2005,0.811905169550127
Late-demographic dividend,LTE,Research and development expenditure (% of GDP),GB.XPD.RSDV.GD.ZS,2005,1.02023849317559
Lithuania,LTU,Research and development expenditure (% of GDP),GB.XPD.RSDV.GD.ZS,2005,0.74821001291275
Luxembourg,LUX,Research and development expenditure (% of GDP),GB.XPD.RSDV.GD.ZS,2005,1.55873000621796
Latvia,LVA,Research and development expenditure (% of GDP),GB.XPD.RSDV.GD.ZS,2005,0.527069985866547
Macao SAR, China,Research and development expenditure (% of GDP),GB.XPD.RSDV.GD.ZS,2005,0.0876000002026558
Monaco,MCO,Research and development expenditure (% of GDP),GB.XPD.RSDV.GD.ZS,2005,0.0382100008428097
Moldova,MDA,Research and development expenditure (% of GDP),GB.XPD.RSDV.GD.ZS,2005,0.398649990558624
Madagascar,MDG,Research and development expenditure (% of GDP),GB.XPD.RSDV.GD.ZS,2005,0.150959998369217
Mexico,MEX,Research and development expenditure (% of GDP),GB.XPD.RSDV.GD.ZS,2005,0.38102999329567
Middle income,MIC,Research and development expenditure (% of GDP),GB.XPD.RSDV.GD.ZS,2005,0.818857733965072
North Macedonia,MKD,Research and development expenditure (% of GDP),GB.XPD.RSDV.GD.ZS,2005,0.228249996900558
Malta,MLT,Research and development expenditure (% of GDP),GB.XPD.RSDV.GD.ZS,2005,0.528199970722198
Montenegro,MNE,Research and development expenditure (% of GDP),GB.XPD.RSDV.GD.ZS,2005,0.924430012702942
Mongolia,MNG,Research and development expenditure (% of GDP),GB.XPD.RSDV.GD.ZS,2005,0.237760007381439
Mauritius,MUS,Research and development expenditure (% of GDP),GB.XPD.RSDV.GD.ZS,2005,0.355740010738373
North America,NAC,Research and development expenditure (% of GDP),GB.XPD.RSDV.GD.ZS,2005,2.45812838973701
Netherlands,NLD,Research and development expenditure (% of GDP),GB.XPD.RSDV.GD.ZS,2005,1.77388000488281
Norway,NOR,Research and development expenditure (% of GDP),GB.XPD.RSDV.GD.ZS,2005,1.47714996337891
New Zealand,NZL,Research and development expenditure (% of GDP),GB.XPD.RSDV.GD.ZS,2005,1.12042999267578
OECD members,OED,Research and development expenditure (% of GDP),GB.XPD.RSDV.GD.ZS,2005,2.18076695688045
Pakistan,PAK,Research and development expenditure (% of GDP),GB.XPD.RSDV.GD.ZS,2005,0.329459995031357
Panama,PAN,Research and development expenditure (% of GDP),GB.XPD.RSDV.GD.ZS,2005,0.23183000087738
Philippines,PHL,Research and development expenditure (% of GDP),GB.XPD.RSDV.GD.ZS,2005,0.106919996440411
Poland,POL,Research and development expenditure (% of GDP),GB.XPD.RSDV.GD.ZS,2005,0.562780022621155
Portugal,PRT,Research and development expenditure (% of GDP),GB.XPD.RSDV.GD.ZS,2005,0.757550001144409
Paraguay,PRY,Research and development expenditure (% of GDP),GB.XPD.RSDV.GD.ZS,2005,0.0609100013971329
Post-demographic dividend,PST,Research and development expenditure (% of GDP),GB.XPD.RSDV.GD.ZS,2005,2.25873165681943
Romania,ROU,Research and development expenditure (% of GDP),GB.XPD.RSDV.GD.ZS,2005,0.412620007991791
Russian Federation,RUS,Research and development expenditure (% of GDP),GB.XPD.RSDV.GD.ZS,2005,1.06797003746033
South Asia,SAS,Research and development expenditure (% of GDP),GB.XPD.RSDV.GD.ZS,2005,0.7497230793683
Saudi Arabia,SAU,Research and development expenditure (% of GDP),GB.XPD.RSDV.GD.ZS,2005,0.0423000007867813
Sudan,SDN,Research and development expenditure (% of GDP),GB.XPD.RSDV.GD.ZS,2005,0.224999994039536
Singapore,SGP,Research and development expenditure (% of GDP),GB.XPD.RSDV.GD.ZS,2005,2.14806008338928
Serbia,SRB,Research and development expenditure (% of GDP),GB.XPD.RSDV.GD.ZS,2005,0.395300000905991
Slovak Republic,SVK,Research and development expenditure (% of GDP),GB.XPD.RSDV.GD.ZS,2005,0.493319988250732
Slovenia,SVN,Research and development expenditure (% of GDP),GB.XPD.RSDV.GD.ZS,2005,1.41778004169464
Sweden,SWE,Research and development expenditure (% of GDP),GB.XPD.RSDV.GD.ZS,2005,3.35958003997803
Seychelles,SYC,Research and development expenditure (% of GDP),GB.XPD.RSDV.GD.ZS,2005,0.283930003643036
East Asia & Pacific (IDA & IBRD countries),TEA,Research and development expenditure (% of GDP),GB.XPD.RSDV.GD.ZS,2005,1.17722126129046
Europe & Central Asia (IDA & IBRD countries),TEC,Research and development expenditure (% of GDP),GB.XPD.RSDV.GD.ZS,2005,0.750430570621176
Thailand,THA,Research and development expenditure (% of GDP),GB.XPD.RSDV.GD.ZS,2005,0.218889996409416
Tajikistan,TJK,Research and development expenditure (% of GDP),GB.XPD.RSDV.GD.ZS,2005,0.0957000032067299
Latin America & the Caribbean (IDA & IBRD countries),TLA,Research and development expenditure (% of GDP),GB.XPD.RSDV.GD.ZS,2005,0.584092964544756
South Asia (IDA & IBRD),TSA,Research and development expenditure (% of GDP),GB.XPD.RSDV.GD.ZS,2005,0.7497230793683
Trinidad and Tobago,TTO,Research and development expenditure (% of GDP),GB.XPD.RSDV.GD.ZS,2005,0.114309996366501
Tunisia,TUN,Research and development expenditure (% of GDP),GB.XPD.RSDV.GD.ZS,2005,0.7119500041008
Turkiye,TUR,Research and development expenditure (% of GDP),GB.XPD.RSDV.GD.ZS,2005,0.563809990882874
Uganda,UGA,Research and development expenditure (% of GDP),GB.XPD.RSDV.GD.ZS,2005,0.215139999985695
Ukraine,UKR,Research and development expenditure (% of GDP),GB.XPD.RSDV.GD.ZS,2005,0.995180010795593
Upper middle income,UMC,Research and development expenditure (% of GDP),GB.XPD.RSDV.GD.ZS,2005,0.854315434467784
Uruguay,URY,Research and development expenditure (% of GDP),GB.XPD.RSDV.GD.ZS,2005,0.460310012102127
United States,USA,Research and development expenditure (% of GDP),GB.XPD.RSDV.GD.ZS,2005,2.50192999839783
Uzbekistan,UZB,Research and development expenditure (% of GDP),GB.XPD.RSDV.GD.ZS,2005,0.237409994006157
Venezuela, RB,Research and development expenditure (% of GDP),GB.XPD.RSDV.GD.ZS,2005,0.189070001244545
Virgin Islands (U.S.),VIR,Research and development expenditure (% of GDP),GB.XPD.RSDV.GD.ZS,2005,0.0293600000441074
World,WLD,Research and development expenditure (% of GDP),GB.XPD.RSDV.GD.ZS,2005,1.95146068926945
South Africa,ZAF,Research and development expenditure (% of GDP),GB.XPD.RSDV.GD.ZS,2005,0.770240008831024
Zambia,ZMB,Research and development expenditure (% of GDP),GB.XPD.RSDV.GD.ZS,2005,0.0249300003051758
Argentina,ARG,Research and development expenditure (% of GDP),GB.XPD.RSDV.GD.ZS,2006,0.452160000801086
Armenia,ARM,Research and development expenditure (% of GDP),GB.XPD.RSDV.GD.ZS,2006,0.240569993853569
American Samoa,ASM,Research and development expenditure (% of GDP),GB.XPD.RSDV.GD.ZS,2006,0.395520001649857
Australia,AUS,Research and development expenditure (% of GDP),GB.XPD.RSDV.GD.ZS,2006,2.17862010002136
Austria,AUT,Research and development expenditure (% of GDP),GB.XPD.RSDV.GD.ZS,2006,2.35923004150391
Azerbaijan,AZE,Research and development expenditure (% of GDP),GB.XPD.RSDV.GD.ZS,2006,0.171650007367134
Belgium,BEL,Research and development expenditure (% of GDP),GB.XPD.RSDV.GD.ZS,2006,1.8226900100708
Bulgaria,BGR,Research and development expenditure (% of GDP),GB.XPD.RSDV.GD.ZS,2006,0.44216001033783
Bosnia and Herzegovina,BIH,Research and development expenditure (% of GDP),GB.XPD.RSDV.GD.ZS,2006,0.0196899995207787
Belarus,BLR,Research and development expenditure (% of GDP),GB.XPD.RSDV.GD.ZS,2006,0.660650014877319
Brazil,BRA,Research and development expenditure (% of GDP),GB.XPD.RSDV.GD.ZS,2006,0.988070011138916
Canada,CAN,Research and development expenditure (% of GDP),GB.XPD.RSDV.GD.ZS,2006,1.94304001331329
Central Europe and the Baltics,CEB,Research and development expenditure (% of GDP),GB.XPD.RSDV.GD.ZS,2006,0.751287724430768
China,CHN,Research and development expenditure (% of GDP),GB.XPD.RSDV.GD.ZS,2006,1.36854004859924
Congo, Dem. Rep.,Research and development expenditure (% of GDP),GB.XPD.RSDV.GD.ZS,2006,0.0604400001466274
Colombia,COL,Research and development expenditure (% of GDP),GB.XPD.RSDV.GD.ZS,2006,0.164269998669624
Costa Rica,CRI,Research and development expenditure (% of GDP),GB.XPD.RSDV.GD.ZS,2006,0.426930010318756
Cuba,CUB,Research and development expenditure (% of GDP),GB.XPD.RSDV.GD.ZS,2006,0.441390007734299
Cyprus,CYP,Research and development expenditure (% of GDP),GB.XPD.RSDV.GD.ZS,2006,0.383459985256195
Czechia,CZE,Research and development expenditure (% of GDP),GB.XPD.RSDV.GD.ZS,2006,1.22541999816895
Germany,DEU,Research and development expenditure (% of GDP),GB.XPD.RSDV.GD.ZS,2006,2.47232007980347
Denmark,DNK,Research and development expenditure (% of GDP),GB.XPD.RSDV.GD.ZS,2006,2.40300011634827
East Asia & Pacific (excluding high income),EAP,Research and development expenditure (% of GDP),GB.XPD.RSDV.GD.ZS,2006,1.2477956658167
Early-demographic dividend,EAR,Research and development expenditure (% of GDP),GB.XPD.RSDV.GD.ZS,2006,0.628737477957602
East Asia & Pacific,EAS,Research and development expenditure (% of GDP),GB.XPD.RSDV.GD.ZS,2006,2.39728238923694
Europe & Central Asia (excluding high income),ECA,Research and development expenditure (% of GDP),GB.XPD.RSDV.GD.ZS,2006,0.541370506906857
Europe & Central Asia,ECS,Research and development expenditure (% of GDP),GB.XPD.RSDV.GD.ZS,2006,1.65965887985771
Ecuador,ECU,Research and development expenditure (% of GDP),GB.XPD.RSDV.GD.ZS,2006,0.131760001182556
Egypt, Arab Rep.,Research and development expenditure (% of GDP),GB.XPD.RSDV.GD.ZS,2006,0.259030014276505
Euro area,EMU,Research and development expenditure (% of GDP),GB.XPD.RSDV.GD.ZS,2006,1.80096280886056
Spain,ESP,Research and development expenditure (% of GDP),GB.XPD.RSDV.GD.ZS,2006,1.17701995372772
Estonia,EST,Research and development expenditure (% of GDP),GB.XPD.RSDV.GD.ZS,2006,1.11276996135712
European Union,EUU,Research and development expenditure (% of GDP),GB.XPD.RSDV.GD.ZS,2006,1.80485011409783
Finland,FIN,Research and development expenditure (% of GDP),GB.XPD.RSDV.GD.ZS,2006,3.33215999603271
France,FRA,Research and development expenditure (% of GDP),GB.XPD.RSDV.GD.ZS,2006,2.05094003677368
United Kingdom,GBR,Research and development expenditure (% of GDP),GB.XPD.RSDV.GD.ZS,2006,1.57625997066498
Greece,GRC,Research and development expenditure (% of GDP),GB.XPD.RSDV.GD.ZS,2006,0.561179995536804
Guatemala,GTM,Research and development expenditure (% of GDP),GB.XPD.RSDV.GD.ZS,2006,0.0500999987125397
High income,HIC,Research and development expenditure (% of GDP),GB.XPD.RSDV.GD.ZS,2006,2.21056408410603
Hong Kong SAR, China,Research and development expenditure (% of GDP),GB.XPD.RSDV.GD.ZS,2006,0.794679999351501
Croatia,HRV,Research and development expenditure (% of GDP),GB.XPD.RSDV.GD.ZS,2006,0.732110023498535
Hungary,HUN,Research and development expenditure (% of GDP),GB.XPD.RSDV.GD.ZS,2006,0.977400004863739
IBRD only,IBD,Research and development expenditure (% of GDP),GB.XPD.RSDV.GD.ZS,2006,0.855256920059187
IDA & IBRD total,IBT,Research and development expenditure (% of GDP),GB.XPD.RSDV.GD.ZS,2006,0.849391557066632
India,IND,Research and development expenditure (% of GDP),GB.XPD.RSDV.GD.ZS,2006,0.804729998111725
Ireland,IRL,Research and development expenditure (% of GDP),GB.XPD.RSDV.GD.ZS,2006,1.19886994361877
Iran, Islamic Rep.,Research and development expenditure (% of GDP),GB.XPD.RSDV.GD.ZS,2006,0.559210002422333
Iceland,ISL,Research and development expenditure (% of GDP),GB.XPD.RSDV.GD.ZS,2006,2.8526599407196
Israel,ISR,Research and development expenditure (% of GDP),GB.XPD.RSDV.GD.ZS,2006,4.01997995376587
Italy,ITA,Research and development expenditure (% of GDP),GB.XPD.RSDV.GD.ZS,2006,1.08401000499725
Japan,JPN,Research and development expenditure (% of GDP),GB.XPD.RSDV.GD.ZS,2006,3.2276599407196
Kazakhstan,KAZ,Research and development expenditure (% of GDP),GB.XPD.RSDV.GD.ZS,2006,0.242809996008873
Kyrgyz Republic,KGZ,Research and development expenditure (% of GDP),GB.XPD.RSDV.GD.ZS,2006,0.230140000581741
Korea, Rep.,Research and development expenditure (% of GDP),GB.XPD.RSDV.GD.ZS,2006,2.71934008598328
Kuwait,KWT,Research and development expenditure (% of GDP),GB.XPD.RSDV.GD.ZS,2006,0.0847899988293648
Latin America & Caribbean (excluding high income),LAC,Research and development expenditure (% of GDP),GB.XPD.RSDV.GD.ZS,2006,0.608805390725243
Latin America & Caribbean,LCN,Research and development expenditure (% of GDP),GB.XPD.RSDV.GD.ZS,2006,0.582136791658943
Sri Lanka,LKA,Research and development expenditure (% of GDP),GB.XPD.RSDV.GD.ZS,2006,0.174199998378754
Low & middle income,LMY,Research and development expenditure (% of GDP),GB.XPD.RSDV.GD.ZS,2006,0.856757716706246
Late-demographic dividend,LTE,Research and development expenditure (% of GDP),GB.XPD.RSDV.GD.ZS,2006,1.02744979477157
Lithuania,LTU,Research and development expenditure (% of GDP),GB.XPD.RSDV.GD.ZS,2006,0.79203999042511
Luxembourg,LUX,Research and development expenditure (% of GDP),GB.XPD.RSDV.GD.ZS,2006,1.64885997772217
Latvia,LVA,Research and development expenditure (% of GDP),GB.XPD.RSDV.GD.ZS,2006,0.646910011768341
Macao SAR, China,Research and development expenditure (% of GDP),GB.XPD.RSDV.GD.ZS,2006,0.0829000025987625
Morocco,MAR,Research and development expenditure (% of GDP),GB.XPD.RSDV.GD.ZS,2006,0.549870014190674
Moldova,MDA,Research and development expenditure (% of GDP),GB.XPD.RSDV.GD.ZS,2006,0.406219989061356
Madagascar,MDG,Research and development expenditure (% of GDP),GB.XPD.RSDV.GD.ZS,2006,0.141190007328987
Mexico,MEX,Research and development expenditure (% of GDP),GB.XPD.RSDV.GD.ZS,2006,0.352979987859726
Middle income,MIC,Research and development expenditure (% of GDP),GB.XPD.RSDV.GD.ZS,2006,0.859830784298604
North Macedonia,MKD,Research and development expenditure (% of GDP),GB.XPD.RSDV.GD.ZS,2006,0.193729996681213
Malta,MLT,Research and development expenditure (% of GDP),GB.XPD.RSDV.GD.ZS,2006,0.578440010547638
Montenegro,MNE,Research and development expenditure (% of GDP),GB.XPD.RSDV.GD.ZS,2006,1.22991001605988
Mongolia,MNG,Research and development expenditure (% of GDP),GB.XPD.RSDV.GD.ZS,2006,0.191210001707077
Mozambique,MOZ,Research and development expenditure (% of GDP),GB.XPD.RSDV.GD.ZS,2006,0.397700011730194
Malaysia,MYS,Research and development expenditure (% of GDP),GB.XPD.RSDV.GD.ZS,2006,0.6110600233078
North America,NAC,Research and development expenditure (% of GDP),GB.XPD.RSDV.GD.ZS,2006,2.49293948313806
Netherlands,NLD,Research and development expenditure (% of GDP),GB.XPD.RSDV.GD.ZS,2006,1.74066996574402
Norway,NOR,Research and development expenditure (% of GDP),GB.XPD.RSDV.GD.ZS,2006,1.44972002506256
OECD members,OED,Research and development expenditure (% of GDP),GB.XPD.RSDV.GD.ZS,2006,2.20564110279071
Panama,PAN,Research and development expenditure (% of GDP),GB.XPD.RSDV.GD.ZS,2006,0.235369995236397
Poland,POL,Research and development expenditure (% of GDP),GB.XPD.RSDV.GD.ZS,2006,0.55102002620697
Portugal,PRT,Research and development expenditure (% of GDP),GB.XPD.RSDV.GD.ZS,2006,0.954479992389679
Post-demographic dividend,PST,Research and development expenditure (% of GDP),GB.XPD.RSDV.GD.ZS,2006,2.28873364718406
Romania,ROU,Research and development expenditure (% of GDP),GB.XPD.RSDV.GD.ZS,2006,0.456820011138916
Russian Federation,RUS,Research and development expenditure (% of GDP),GB.XPD.RSDV.GD.ZS,2006,1.07293999195099
South Asia,SAS,Research and development expenditure (% of GDP),GB.XPD.RSDV.GD.ZS,2006,0.786319535468244
Saudi Arabia,SAU,Research and development expenditure (% of GDP),GB.XPD.RSDV.GD.ZS,2006,0.0424499996006489
Singapore,SGP,Research and development expenditure (% of GDP),GB.XPD.RSDV.GD.ZS,2006,2.1165599822998
Serbia,SRB,Research and development expenditure (% of GDP),GB.XPD.RSDV.GD.ZS,2006,0.439850002527237
Slovak Republic,SVK,Research and development expenditure (% of GDP),GB.XPD.RSDV.GD.ZS,2006,0.474880009889603
Slovenia,SVN,Research and development expenditure (% of GDP),GB.XPD.RSDV.GD.ZS,2006,1.5370500087738
Sweden,SWE,Research and development expenditure (% of GDP),GB.XPD.RSDV.GD.ZS,2006,3.47499990463257
East Asia & Pacific (IDA & IBRD countries),TEA,Research and development expenditure (% of GDP),GB.XPD.RSDV.GD.ZS,2006,1.2477956658167
Europe & Central Asia (IDA & IBRD countries),TEC,Research and development expenditure (% of GDP),GB.XPD.RSDV.GD.ZS,2006,0.756804755696907
Thailand,THA,Research and development expenditure (% of GDP),GB.XPD.RSDV.GD.ZS,2006,0.232710003852844
Tajikistan,TJK,Research and development expenditure (% of GDP),GB.XPD.RSDV.GD.ZS,2006,0.107320003211498
Latin America & the Caribbean (IDA & IBRD countries),TLA,Research and development expenditure (% of GDP),GB.XPD.RSDV.GD.ZS,2006,0.585403126856696
South Asia (IDA & IBRD),TSA,Research and development expenditure (% of GDP),GB.XPD.RSDV.GD.ZS,2006,0.786319535468244
Trinidad and Tobago,TTO,Research and development expenditure (% of GDP),GB.XPD.RSDV.GD.ZS,2006,0.0723299980163574
Tunisia,TUN,Research and development expenditure (% of GDP),GB.XPD.RSDV.GD.ZS,2006,0.677290022373199
Turkiye,TUR,Research and development expenditure (% of GDP),GB.XPD.RSDV.GD.ZS,2006,0.552919983863831
Uganda,UGA,Research and development expenditure (% of GDP),GB.XPD.RSDV.GD.ZS,2006,0.300330013036728
Ukraine,UKR,Research and development expenditure (% of GDP),GB.XPD.RSDV.GD.ZS,2006,0.914030015468597
Upper middle income,UMC,Research and development expenditure (% of GDP),GB.XPD.RSDV.GD.ZS,2006,0.884716080673731
Uruguay,URY,Research and development expenditure (% of GDP),GB.XPD.RSDV.GD.ZS,2006,0.363849997520447
United States,USA,Research and development expenditure (% of GDP),GB.XPD.RSDV.GD.ZS,2006,2.54544997215271
Uzbekistan,UZB,Research and development expenditure (% of GDP),GB.XPD.RSDV.GD.ZS,2006,0.223949998617172
Venezuela, RB,Research and development expenditure (% of GDP),GB.XPD.RSDV.GD.ZS,2006,0.31742000579834
Virgin Islands (U.S.),VIR,Research and development expenditure (% of GDP),GB.XPD.RSDV.GD.ZS,2006,0.0312200002372265
World,WLD,Research and development expenditure (% of GDP),GB.XPD.RSDV.GD.ZS,2006,1.96411114560538
South Africa,ZAF,Research and development expenditure (% of GDP),GB.XPD.RSDV.GD.ZS,2006,0.802909970283508
Africa Eastern and Southern,AFE,Research and development expenditure (% of GDP),GB.XPD.RSDV.GD.ZS,2007,0.661791789518898
Africa Western and Central,AFW,Research and development expenditure (% of GDP),GB.XPD.RSDV.GD.ZS,2007,0.151699395451419
Albania,ALB,Research and development expenditure (% of GDP),GB.XPD.RSDV.GD.ZS,2007,0.087569996714592
Argentina,ARG,Research and development expenditure (% of GDP),GB.XPD.RSDV.GD.ZS,2007,0.460070013999939
Armenia,ARM,Research and development expenditure (% of GDP),GB.XPD.RSDV.GD.ZS,2007,0.211070001125336
Austria,AUT,Research and development expenditure (% of GDP),GB.XPD.RSDV.GD.ZS,2007,2.41843008995056
Azerbaijan,AZE,Research and development expenditure (% of GDP),GB.XPD.RSDV.GD.ZS,2007,0.170059993863106
Burundi,BDI,Research and development expenditure (% of GDP),GB.XPD.RSDV.GD.ZS,2007,0.200680002570152
Belgium,BEL,Research and development expenditure (% of GDP),GB.XPD.RSDV.GD.ZS,2007,1.84999001026154
Burkina Faso,BFA,Research and development expenditure (% of GDP),GB.XPD.RSDV.GD.ZS,2007,0.098360002040863
Bulgaria,BGR,Research and development expenditure (% of GDP),GB.XPD.RSDV.GD.ZS,2007,0.430029988288879
Bosnia and Herzegovina,BIH,Research and development expenditure (% of GDP),GB.XPD.RSDV.GD.ZS,2007,0.0252100005745888
Belarus,BLR,Research and development expenditure (% of GDP),GB.XPD.RSDV.GD.ZS,2007,0.962029993534088
Bermuda,BMU,Research and development expenditure (% of GDP),GB.XPD.RSDV.GD.ZS,2007,0.160260006785393
Brazil,BRA,Research and development expenditure (% of GDP),GB.XPD.RSDV.GD.ZS,2007,1.08138000965118
Canada,CAN,Research and development expenditure (% of GDP),GB.XPD.RSDV.GD.ZS,2007,1.90357995033264
Central Europe and the Baltics,CEB,Research and development expenditure (% of GDP),GB.XPD.RSDV.GD.ZS,2007,0.755539847537638
Chile,CHL,Research and development expenditure (% of GDP),GB.XPD.RSDV.GD.ZS,2007,0.311430007219315
China,CHN,Research and development expenditure (% of GDP),GB.XPD.RSDV.GD.ZS,2007,1.37369000911713
Congo, Dem. Rep.,Research and development expenditure (% of GDP),GB.XPD.RSDV.GD.ZS,2007,0.136089995503426
Colombia,COL,Research and development expenditure (% of GDP),GB.XPD.RSDV.GD.ZS,2007,0.183070003986359
Costa Rica,CRI,Research and development expenditure (% of GDP),GB.XPD.RSDV.GD.ZS,2007,0.356550008058548
Cuba,CUB,Research and development expenditure (% of GDP),GB.XPD.RSDV.GD.ZS,2007,0.436150014400482
Cyprus,CYP,Research and development expenditure (% of GDP),GB.XPD.RSDV.GD.ZS,2007,0.400070011615753
Czechia,CZE,Research and development expenditure (% of GDP),GB.XPD.RSDV.GD.ZS,2007,1.29571998119354
Germany,DEU,Research and development expenditure (% of GDP),GB.XPD.RSDV.GD.ZS,2007,2.4604799747467
Denmark,DNK,Research and development expenditure (% of GDP),GB.XPD.RSDV.GD.ZS,2007,2.51540994644165
East Asia & Pacific (excluding high income),EAP,Research and development expenditure (% of GDP),GB.XPD.RSDV.GD.ZS,2007,1.24506109134426
Early-demographic dividend,EAR,Research and development expenditure (% of GDP),GB.XPD.RSDV.GD.ZS,2007,0.643091120664367
East Asia & Pacific,EAS,Research and development expenditure (% of GDP),GB.XPD.RSDV.GD.ZS,2007,2.34898087623511
Europe & Central Asia (excluding high income),ECA,Research and development expenditure (% of GDP),GB.XPD.RSDV.GD.ZS,2007,0.617195074388639
Europe & Central Asia,ECS,Research and development expenditure (% of GDP),GB.XPD.RSDV.GD.ZS,2007,1.66070457785227
Ecuador,ECU,Research and development expenditure (% of GDP),GB.XPD.RSDV.GD.ZS,2007,0.135010004043579
Egypt, Arab Rep.,Research and development expenditure (% of GDP),GB.XPD.RSDV.GD.ZS,2007,0.255100011825562
Euro area,EMU,Research and development expenditure (% of GDP),GB.XPD.RSDV.GD.ZS,2007,1.80634902580104
Spain,ESP,Research and development expenditure (% of GDP),GB.XPD.RSDV.GD.ZS,2007,1.24053001403809
Estonia,EST,Research and development expenditure (% of GDP),GB.XPD.RSDV.GD.ZS,2007,1.05874001979828
Ethiopia,ETH,Research and development expenditure (% of GDP),GB.XPD.RSDV.GD.ZS,2007,0.170890003442764
European Union,EUU,Research and development expenditure (% of GDP),GB.XPD.RSDV.GD.ZS,2007,1.79878649845686
Fragile and conflict affected situations,FCS,Research and development expenditure (% of GDP),GB.XPD.RSDV.GD.ZS,2007,0.271266279572721
Finland,FIN,Research and development expenditure (% of GDP),GB.XPD.RSDV.GD.ZS,2007,3.33703994750977
France,FRA,Research and development expenditure (% of GDP),GB.XPD.RSDV.GD.ZS,2007,2.0245099067688
Gabon,GAB,Research and development expenditure (% of GDP),GB.XPD.RSDV.GD.ZS,2007,0.416330009698868
United Kingdom,GBR,Research and development expenditure (% of GDP),GB.XPD.RSDV.GD.ZS,2007,1.61829996109009
Ghana,GHA,Research and development expenditure (% of GDP),GB.XPD.RSDV.GD.ZS,2007,0.23157000541687
Greece,GRC,Research and development expenditure (% of GDP),GB.XPD.RSDV.GD.ZS,2007,0.576550006866455
Guatemala,GTM,Research and development expenditure (% of GDP),GB.XPD.RSDV.GD.ZS,2007,0.0678199976682663
High income,HIC,Research and development expenditure (% of GDP),GB.XPD.RSDV.GD.ZS,2007,2.20636866356686
Hong Kong SAR, China,Research and development expenditure (% of GDP),GB.XPD.RSDV.GD.ZS,2007,0.751609981060028
Croatia,HRV,Research and development expenditure (% of GDP),GB.XPD.RSDV.GD.ZS,2007,0.782989978790283
Hungary,HUN,Research and development expenditure (% of GDP),GB.XPD.RSDV.GD.ZS,2007,0.954450011253357
IBRD only,IBD,Research and development expenditure (% of GDP),GB.XPD.RSDV.GD.ZS,2007,0.883024255084737
IDA & IBRD total,IBT,Research and development expenditure (% of GDP),GB.XPD.RSDV.GD.ZS,2007,0.85322592144442
IDA blend,IDB,Research and development expenditure (% of GDP),GB.XPD.RSDV.GD.ZS,2007,0.289114978673981
India,IND,Research and development expenditure (% of GDP),GB.XPD.RSDV.GD.ZS,2007,0.805069983005524
Ireland,IRL,Research and development expenditure (% of GDP),GB.XPD.RSDV.GD.ZS,2007,1.23407995700836
Iraq,IRQ,Research and development expenditure (% of GDP),GB.XPD.RSDV.GD.ZS,2007,0.0455400012433529
Iceland,ISL,Research and development expenditure (% of GDP),GB.XPD.RSDV.GD.ZS,2007,2.53293991088867
Israel,ISR,Research and development expenditure (% of GDP),GB.XPD.RSDV.GD.ZS,2007,4.29998016357422
Italy,ITA,Research and development expenditure (% of GDP),GB.XPD.RSDV.GD.ZS,2007,1.12899005413055
Japan,JPN,Research and development expenditure (% of GDP),GB.XPD.RSDV.GD.ZS,2007,3.29257011413574
Kazakhstan,KAZ,Research and development expenditure (% of GDP),GB.XPD.RSDV.GD.ZS,2007,0.208839997649193
Kenya,KEN,Research and development expenditure (% of GDP),GB.XPD.RSDV.GD.ZS,2007,0.35521000623703
Kyrgyz Republic,KGZ,Research and development expenditure (% of GDP),GB.XPD.RSDV.GD.ZS,2007,0.234249994158745
Korea, Rep.,Research and development expenditure (% of GDP),GB.XPD.RSDV.GD.ZS,2007,2.87258005142212
Kuwait,KWT,Research and development expenditure (% of GDP),GB.XPD.RSDV.GD.ZS,2007,0.0858500003814697
Latin America & Caribbean (excluding high income),LAC,Research and development expenditure (% of GDP),GB.XPD.RSDV.GD.ZS,2007,0.67538957994511
Latin America & Caribbean,LCN,Research and development expenditure (% of GDP),GB.XPD.RSDV.GD.ZS,2007,0.619154372789587
Lower middle income,LMC,Research and development expenditure (% of GDP),GB.XPD.RSDV.GD.ZS,2007,0.575727931693261
Low & middle income,LMY,Research and development expenditure (% of GDP),GB.XPD.RSDV.GD.ZS,2007,0.864914090557007
Late-demographic dividend,LTE,Research and development expenditure (% of GDP),GB.XPD.RSDV.GD.ZS,2007,1.06043974905066
Lithuania,LTU,Research and development expenditure (% of GDP),GB.XPD.RSDV.GD.ZS,2007,0.801739990711212
Luxembourg,LUX,Research and development expenditure (% of GDP),GB.XPD.RSDV.GD.ZS,2007,1.57165002822876
Latvia,LVA,Research and development expenditure (% of GDP),GB.XPD.RSDV.GD.ZS,2007,0.551069974899292
Macao SAR, China,Research and development expenditure (% of GDP),GB.XPD.RSDV.GD.ZS,2007,0.0568399988114834
Moldova,MDA,Research and development expenditure (% of GDP),GB.XPD.RSDV.GD.ZS,2007,0.545570015907288
Madagascar,MDG,Research and development expenditure (% of GDP),GB.XPD.RSDV.GD.ZS,2007,0.120909996330738
Mexico,MEX,Research and development expenditure (% of GDP),GB.XPD.RSDV.GD.ZS,2007,0.380389988422394
Middle income,MIC,Research and development expenditure (% of GDP),GB.XPD.RSDV.GD.ZS,2007,0.869598058499694
North Macedonia,MKD,Research and development expenditure (% of GDP),GB.XPD.RSDV.GD.ZS,2007,0.170929998159409
Mali,MLI,Research and development expenditure (% of GDP),GB.XPD.RSDV.GD.ZS,2007,0.218549996614456
Malta,MLT,Research and development expenditure (% of GDP),GB.XPD.RSDV.GD.ZS,2007,0.545400023460388
Montenegro,MNE,Research and development expenditure (% of GDP),GB.XPD.RSDV.GD.ZS,2007,1.1452100276947
Mongolia,MNG,Research and development expenditure (% of GDP),GB.XPD.RSDV.GD.ZS,2007,0.238269999623299
North America,NAC,Research and development expenditure (% of GDP),GB.XPD.RSDV.GD.ZS,2007,2.54858896154699
Nigeria,NGA,Research and development expenditure (% of GDP),GB.XPD.RSDV.GD.ZS,2007,0.132229998707771
Netherlands,NLD,Research and development expenditure (% of GDP),GB.XPD.RSDV.GD.ZS,2007,1.67030000686646
Norway,NOR,Research and development expenditure (% of GDP),GB.XPD.RSDV.GD.ZS,2007,1.5579400062561
New Zealand,NZL,Research and development expenditure (% of GDP),GB.XPD.RSDV.GD.ZS,2007,1.15763998031616
OECD members,OED,Research and development expenditure (% of GDP),GB.XPD.RSDV.GD.ZS,2007,2.20739273961673
Pakistan,PAK,Research and development expenditure (% of GDP),GB.XPD.RSDV.GD.ZS,2007,0.523429989814758
Panama,PAN,Research and development expenditure (% of GDP),GB.XPD.RSDV.GD.ZS,2007,0.18172000348568
Philippines,PHL,Research and development expenditure (% of GDP),GB.XPD.RSDV.GD.ZS,2007,0.104979999363422
Poland,POL,Research and development expenditure (% of GDP),GB.XPD.RSDV.GD.ZS,2007,0.561930000782013
Portugal,PRT,Research and development expenditure (% of GDP),GB.XPD.RSDV.GD.ZS,2007,1.12416994571686
West Bank and Gaza,PSE,Research and development expenditure (% of GDP),GB.XPD.RSDV.GD.ZS,2007,0.197229996323586
Post-demographic dividend,PST,Research and development expenditure (% of GDP),GB.XPD.RSDV.GD.ZS,2007,2.30177310108636
Romania,ROU,Research and development expenditure (% of GDP),GB.XPD.RSDV.GD.ZS,2007,0.51147997379303
Russian Federation,RUS,Research and development expenditure (% of GDP),GB.XPD.RSDV.GD.ZS,2007,1.11610996723175
South Asia,SAS,Research and development expenditure (% of GDP),GB.XPD.RSDV.GD.ZS,2007,0.768049301004863
Saudi Arabia,SAU,Research and development expenditure (% of GDP),GB.XPD.RSDV.GD.ZS,2007,0.0452100001275539
Singapore,SGP,Research and development expenditure (% of GDP),GB.XPD.RSDV.GD.ZS,2007,2.31985998153687
El Salvador,SLV,Research and development expenditure (% of GDP),GB.XPD.RSDV.GD.ZS,2007,0.105599999427795
Serbia,SRB,Research and development expenditure (% of GDP),GB.XPD.RSDV.GD.ZS,2007,0.578769981861115
Sub-Saharan Africa (excluding high income),SSA,Research and development expenditure (% of GDP),GB.XPD.RSDV.GD.ZS,2007,0.44412568175914
Sub-Saharan Africa,SSF,Research and development expenditure (% of GDP),GB.XPD.RSDV.GD.ZS,2007,0.44412568175914
Slovak Republic,SVK,Research and development expenditure (% of GDP),GB.XPD.RSDV.GD.ZS,2007,0.447459995746613
Slovenia,SVN,Research and development expenditure (% of GDP),GB.XPD.RSDV.GD.ZS,2007,1.42702996730804
Sweden,SWE,Research and development expenditure (% of GDP),GB.XPD.RSDV.GD.ZS,2007,3.23382997512817
East Asia & Pacific (IDA & IBRD countries),TEA,Research and development expenditure (% of GDP),GB.XPD.RSDV.GD.ZS,2007,1.24506109134426
Europe & Central Asia (IDA & IBRD countries),TEC,Research and development expenditure (% of GDP),GB.XPD.RSDV.GD.ZS,2007,0.810268726098543
Thailand,THA,Research and development expenditure (% of GDP),GB.XPD.RSDV.GD.ZS,2007,0.200800001621246
Tajikistan,TJK,Research and development expenditure (% of GDP),GB.XPD.RSDV.GD.ZS,2007,0.067780002951622
Latin America & the Caribbean (IDA & IBRD countries),TLA,Research and development expenditure (% of GDP),GB.XPD.RSDV.GD.ZS,2007,0.622708807938582
South Asia (IDA & IBRD),TSA,Research and development expenditure (% of GDP),GB.XPD.RSDV.GD.ZS,2007,0.768049301004863
Sub-Saharan Africa (IDA & IBRD countries),TSS,Research and development expenditure (% of GDP),GB.XPD.RSDV.GD.ZS,2007,0.44412568175914
Trinidad and Tobago,TTO,Research and development expenditure (% of GDP),GB.XPD.RSDV.GD.ZS,2007,0.0592200011014938
Tunisia,TUN,Research and development expenditure (% of GDP),GB.XPD.RSDV.GD.ZS,2007,0.66540002822876
Turkiye,TUR,Research and development expenditure (% of GDP),GB.XPD.RSDV.GD.ZS,2007,0.686160027980804
Tanzania,TZA,Research and development expenditure (% of GDP),GB.XPD.RSDV.GD.ZS,2007,0.334619998931885
Uganda,UGA,Research and development expenditure (% of GDP),GB.XPD.RSDV.GD.ZS,2007,0.388209998607635
Ukraine,UKR,Research and development expenditure (% of GDP),GB.XPD.RSDV.GD.ZS,2007,0.818690001964569
Upper middle income,UMC,Research and development expenditure (% of GDP),GB.XPD.RSDV.GD.ZS,2007,0.942533640960299
Uruguay,URY,Research and development expenditure (% of GDP),GB.XPD.RSDV.GD.ZS,2007,0.421590000391006
United States,USA,Research and development expenditure (% of GDP),GB.XPD.RSDV.GD.ZS,2007,2.61515998840332
Uzbekistan,UZB,Research and development expenditure (% of GDP),GB.XPD.RSDV.GD.ZS,2007,0.217209994792938
Venezuela, RB,Research and development expenditure (% of GDP),GB.XPD.RSDV.GD.ZS,2007,0.201100006699562
Virgin Islands (U.S.),VIR,Research and development expenditure (% of GDP),GB.XPD.RSDV.GD.ZS,2007,0.0271700005978346
World,WLD,Research and development expenditure (% of GDP),GB.XPD.RSDV.GD.ZS,2007,1.93011209711242
South Africa,ZAF,Research and development expenditure (% of GDP),GB.XPD.RSDV.GD.ZS,2007,0.79364001750946
Albania,ALB,Research and development expenditure (% of GDP),GB.XPD.RSDV.GD.ZS,2008,0.154119998216629
Argentina,ARG,Research and development expenditure (% of GDP),GB.XPD.RSDV.GD.ZS,2008,0.470550000667572
Armenia,ARM,Research and development expenditure (% of GDP),GB.XPD.RSDV.GD.ZS,2008,0.224380001425743
Australia,AUS,Research and development expenditure (% of GDP),GB.XPD.RSDV.GD.ZS,2008,2.39897990226746
Austria,AUT,Research and development expenditure (% of GDP),GB.XPD.RSDV.GD.ZS,2008,2.56944990158081
Azerbaijan,AZE,Research and development expenditure (% of GDP),GB.XPD.RSDV.GD.ZS,2008,0.165539994835854
Burundi,BDI,Research and development expenditure (% of GDP),GB.XPD.RSDV.GD.ZS,2008,0.154170006513596
Belgium,BEL,Research and development expenditure (% of GDP),GB.XPD.RSDV.GD.ZS,2008,1.93684005737305
Burkina Faso,BFA,Research and development expenditure (% of GDP),GB.XPD.RSDV.GD.ZS,2008,0.165680006146431
Bulgaria,BGR,Research and development expenditure (% of GDP),GB.XPD.RSDV.GD.ZS,2008,0.447310000658035
Bosnia and Herzegovina,BIH,Research and development expenditure (% of GDP),GB.XPD.RSDV.GD.ZS,2008,0.0184199996292591
Belarus,BLR,Research and development expenditure (% of GDP),GB.XPD.RSDV.GD.ZS,2008,0.741469979286194
Bermuda,BMU,Research and development expenditure (% of GDP),GB.XPD.RSDV.GD.ZS,2008,0.1684799939394
Brazil,BRA,Research and development expenditure (% of GDP),GB.XPD.RSDV.GD.ZS,2008,1.12904000282288
Canada,CAN,Research and development expenditure (% of GDP),GB.XPD.RSDV.GD.ZS,2008,1.85578000545502
Central Europe and the Baltics,CEB,Research and development expenditure (% of GDP),GB.XPD.RSDV.GD.ZS,2008,0.780865031629565
Switzerland,CHE,Research and development expenditure (% of GDP),GB.XPD.RSDV.GD.ZS,2008,2.65296006202698
Chile,CHL,Research and development expenditure (% of GDP),GB.XPD.RSDV.GD.ZS,2008,0.374920010566711
China,CHN,Research and development expenditure (% of GDP),GB.XPD.RSDV.GD.ZS,2008,1.44591999053955
Congo, Dem. Rep.,Research and development expenditure (% of GDP),GB.XPD.RSDV.GD.ZS,2008,0.0825299993157387
Colombia,COL,Research and development expenditure (% of GDP),GB.XPD.RSDV.GD.ZS,2008,0.195409998297691
Costa Rica,CRI,Research and development expenditure (% of GDP),GB.XPD.RSDV.GD.ZS,2008,0.385930001735687
Cuba,CUB,Research and development expenditure (% of GDP),GB.XPD.RSDV.GD.ZS,2008,0.500609993934631
Cyprus,CYP,Research and development expenditure (% of GDP),GB.XPD.RSDV.GD.ZS,2008,0.385939985513687
Czechia,CZE,Research and development expenditure (% of GDP),GB.XPD.RSDV.GD.ZS,2008,1.23357999324799
Germany,DEU,Research and development expenditure (% of GDP),GB.XPD.RSDV.GD.ZS,2008,2.61512994766235
Denmark,DNK,Research and development expenditure (% of GDP),GB.XPD.RSDV.GD.ZS,2008,2.77345991134644
East Asia & Pacific (excluding high income),EAP,Research and development expenditure (% of GDP),GB.XPD.RSDV.GD.ZS,2008,1.34438848674662
Early-demographic dividend,EAR,Research and development expenditure (% of GDP),GB.XPD.RSDV.GD.ZS,2008,0.680044717379862
East Asia & Pacific,EAS,Research and development expenditure (% of GDP),GB.XPD.RSDV.GD.ZS,2008,2.35193576358469
Europe & Central Asia (excluding high income),ECA,Research and development expenditure (% of GDP),GB.XPD.RSDV.GD.ZS,2008,0.603386857167287
Europe & Central Asia,ECS,Research and development expenditure (% of GDP),GB.XPD.RSDV.GD.ZS,2008,1.72281689510144
Ecuador,ECU,Research and development expenditure (% of GDP),GB.XPD.RSDV.GD.ZS,2008,0.230110004544258
Egypt, Arab Rep.,Research and development expenditure (% of GDP),GB.XPD.RSDV.GD.ZS,2008,0.270240008831024
Euro area,EMU,Research and development expenditure (% of GDP),GB.XPD.RSDV.GD.ZS,2008,1.89009891588354
Spain,ESP,Research and development expenditure (% of GDP),GB.XPD.RSDV.GD.ZS,2008,1.32500004768372
Estonia,EST,Research and development expenditure (% of GDP),GB.XPD.RSDV.GD.ZS,2008,1.25188004970551
European Union,EUU,Research and development expenditure (% of GDP),GB.XPD.RSDV.GD.ZS,2008,1.87605842090125
Finland,FIN,Research and development expenditure (% of GDP),GB.XPD.RSDV.GD.ZS,2008,3.53696990013123
France,FRA,Research and development expenditure (% of GDP),GB.XPD.RSDV.GD.ZS,2008,2.06117010116577
Gabon,GAB,Research and development expenditure (% of GDP),GB.XPD.RSDV.GD.ZS,2008,0.510900020599365
United Kingdom,GBR,Research and development expenditure (% of GDP),GB.XPD.RSDV.GD.ZS,2008,1.6090099811554
Gambia, The,Research and development expenditure (% of GDP),GB.XPD.RSDV.GD.ZS,2008,0.0126099996268749
Greece,GRC,Research and development expenditure (% of GDP),GB.XPD.RSDV.GD.ZS,2008,0.661830008029938
Guatemala,GTM,Research and development expenditure (% of GDP),GB.XPD.RSDV.GD.ZS,2008,0.062899999320507
High income,HIC,Research and development expenditure (% of GDP),GB.XPD.RSDV.GD.ZS,2008,2.27111989103135
Hong Kong SAR, China,Research and development expenditure (% of GDP),GB.XPD.RSDV.GD.ZS,2008,0.71995997428894
Croatia,HRV,Research and development expenditure (% of GDP),GB.XPD.RSDV.GD.ZS,2008,0.875680029392242
Hungary,HUN,Research and development expenditure (% of GDP),GB.XPD.RSDV.GD.ZS,2008,0.977569997310638
IBRD only,IBD,Research and development expenditure (% of GDP),GB.XPD.RSDV.GD.ZS,2008,0.930792809329926
IDA & IBRD total,IBT,Research and development expenditure (% of GDP),GB.XPD.RSDV.GD.ZS,2008,0.92115751338325
India,IND,Research and development expenditure (% of GDP),GB.XPD.RSDV.GD.ZS,2008,0.858759999275208
Ireland,IRL,Research and development expenditure (% of GDP),GB.XPD.RSDV.GD.ZS,2008,1.39126002788544
Iran, Islamic Rep.,Research and development expenditure (% of GDP),GB.XPD.RSDV.GD.ZS,2008,0.646470010280609
Iraq,IRQ,Research and development expenditure (% of GDP),GB.XPD.RSDV.GD.ZS,2008,0.0343500003218651
Iceland,ISL,Research and development expenditure (% of GDP),GB.XPD.RSDV.GD.ZS,2008,2.46413993835449
Israel,ISR,Research and development expenditure (% of GDP),GB.XPD.RSDV.GD.ZS,2008,4.25511980056763
Italy,ITA,Research and development expenditure (% of GDP),GB.XPD.RSDV.GD.ZS,2008,1.15971994400024
Jordan,JOR,Research and development expenditure (% of GDP),GB.XPD.RSDV.GD.ZS,2008,0.42153999209404
Japan,JPN,Research and development expenditure (% of GDP),GB.XPD.RSDV.GD.ZS,2008,3.29223990440369
Kazakhstan,KAZ,Research and development expenditure (% of GDP),GB.XPD.RSDV.GD.ZS,2008,0.216539993882179
Kyrgyz Republic,KGZ,Research and development expenditure (% of GDP),GB.XPD.RSDV.GD.ZS,2008,0.190170004963875
Korea, Rep.,Research and development expenditure (% of GDP),GB.XPD.RSDV.GD.ZS,2008,2.9888699054718
Kuwait,KWT,Research and development expenditure (% of GDP),GB.XPD.RSDV.GD.ZS,2008,0.0855100005865097
Latin America & Caribbean (excluding high income),LAC,Research and development expenditure (% of GDP),GB.XPD.RSDV.GD.ZS,2008,0.72744744291379
Latin America & Caribbean,LCN,Research and development expenditure (% of GDP),GB.XPD.RSDV.GD.ZS,2008,0.666047314573119
Sri Lanka,LKA,Research and development expenditure (% of GDP),GB.XPD.RSDV.GD.ZS,2008,0.114440001547337
Low & middle income,LMY,Research and development expenditure (% of GDP),GB.XPD.RSDV.GD.ZS,2008,0.954493785854266
Late-demographic dividend,LTE,Research and development expenditure (% of GDP),GB.XPD.RSDV.GD.ZS,2008,1.09711408147586
Lithuania,LTU,Research and development expenditure (% of GDP),GB.XPD.RSDV.GD.ZS,2008,0.78931999206543
Luxembourg,LUX,Research and development expenditure (% of GDP),GB.XPD.RSDV.GD.ZS,2008,1.54663002490997
Latvia,LVA,Research and development expenditure (% of GDP),GB.XPD.RSDV.GD.ZS,2008,0.577199995517731
Macao SAR, China,Research and development expenditure (% of GDP),GB.XPD.RSDV.GD.ZS,2008,0.101060003042221
Moldova,MDA,Research and development expenditure (% of GDP),GB.XPD.RSDV.GD.ZS,2008,0.534630000591278
Madagascar,MDG,Research and development expenditure (% of GDP),GB.XPD.RSDV.GD.ZS,2008,0.117640003561974
Mexico,MEX,Research and development expenditure (% of GDP),GB.XPD.RSDV.GD.ZS,2008,0.424160003662109
Middle income,MIC,Research and development expenditure (% of GDP),GB.XPD.RSDV.GD.ZS,2008,0.958958922807795
North Macedonia,MKD,Research and development expenditure (% of GDP),GB.XPD.RSDV.GD.ZS,2008,0.223580002784729
Malta,MLT,Research and development expenditure (% of GDP),GB.XPD.RSDV.GD.ZS,2008,0.526669979095459
Mongolia,MNG,Research and development expenditure (% of GDP),GB.XPD.RSDV.GD.ZS,2008,0.336670011281967
Mozambique,MOZ,Research and development expenditure (% of GDP),GB.XPD.RSDV.GD.ZS,2008,0.136069998145103
Malaysia,MYS,Research and development expenditure (% of GDP),GB.XPD.RSDV.GD.ZS,2008,0.788469970226288
North America,NAC,Research and development expenditure (% of GDP),GB.XPD.RSDV.GD.ZS,2008,2.65916088342182
Netherlands,NLD,Research and development expenditure (% of GDP),GB.XPD.RSDV.GD.ZS,2008,1.62268996238708
Norway,NOR,Research and development expenditure (% of GDP),GB.XPD.RSDV.GD.ZS,2008,1.54556000232697
Nepal,NPL,Research and development expenditure (% of GDP),GB.XPD.RSDV.GD.ZS,2008,0.0543899983167648
OECD members,OED,Research and development expenditure (% of GDP),GB.XPD.RSDV.GD.ZS,2008,2.28699123799422
Panama,PAN,Research and development expenditure (% of GDP),GB.XPD.RSDV.GD.ZS,2008,0.190650001168251
Poland,POL,Research and development expenditure (% of GDP),GB.XPD.RSDV.GD.ZS,2008,0.599439978599548
Portugal,PRT,Research and development expenditure (% of GDP),GB.XPD.RSDV.GD.ZS,2008,1.44334995746613
Paraguay,PRY,Research and development expenditure (% of GDP),GB.XPD.RSDV.GD.ZS,2008,0.0411299988627434
West Bank and Gaza,PSE,Research and development expenditure (% of GDP),GB.XPD.RSDV.GD.ZS,2008,0.149140000343323
Post-demographic dividend,PST,Research and development expenditure (% of GDP),GB.XPD.RSDV.GD.ZS,2008,2.38441310715514
Romania,ROU,Research and development expenditure (% of GDP),GB.XPD.RSDV.GD.ZS,2008,0.552150011062622
Russian Federation,RUS,Research and development expenditure (% of GDP),GB.XPD.RSDV.GD.ZS,2008,1.04435002803802
South Asia,SAS,Research and development expenditure (% of GDP),GB.XPD.RSDV.GD.ZS,2008,0.826499369615275
Saudi Arabia,SAU,Research and development expenditure (% of GDP),GB.XPD.RSDV.GD.ZS,2008,0.0490199998021126
Senegal,SEN,Research and development expenditure (% of GDP),GB.XPD.RSDV.GD.ZS,2008,0.293740004301071
Singapore,SGP,Research and development expenditure (% of GDP),GB.XPD.RSDV.GD.ZS,2008,2.59674000740051
El Salvador,SLV,Research and development expenditure (% of GDP),GB.XPD.RSDV.GD.ZS,2008,0.133990004658699
Serbia,SRB,Research and development expenditure (% of GDP),GB.XPD.RSDV.GD.ZS,2008,0.669659972190857
Slovak Republic,SVK,Research and development expenditure (% of GDP),GB.XPD.RSDV.GD.ZS,2008,0.46136999130249
Slovenia,SVN,Research and development expenditure (% of GDP),GB.XPD.RSDV.GD.ZS,2008,1.62672996520996
Sweden,SWE,Research and development expenditure (% of GDP),GB.XPD.RSDV.GD.ZS,2008,3.46999001502991
East Asia & Pacific (IDA & IBRD countries),TEA,Research and development expenditure (% of GDP),GB.XPD.RSDV.GD.ZS,2008,1.34438848674662
Europe & Central Asia (IDA & IBRD countries),TEC,Research and development expenditure (% of GDP),GB.XPD.RSDV.GD.ZS,2008,0.790945379418645
Thailand,THA,Research and development expenditure (% of GDP),GB.XPD.RSDV.GD.ZS,2008,0.203309997916222
Tajikistan,TJK,Research and development expenditure (% of GDP),GB.XPD.RSDV.GD.ZS,2008,0.0698300004005432
Latin America & the Caribbean (IDA & IBRD countries),TLA,Research and development expenditure (% of GDP),GB.XPD.RSDV.GD.ZS,2008,0.668257113021452
South Asia (IDA & IBRD),TSA,Research and development expenditure (% of GDP),GB.XPD.RSDV.GD.ZS,2008,0.826499369615275
Trinidad and Tobago,TTO,Research and development expenditure (% of GDP),GB.XPD.RSDV.GD.ZS,2008,0.0307199992239475
Tunisia,TUN,Research and development expenditure (% of GDP),GB.XPD.RSDV.GD.ZS,2008,0.63933002948761
Turkiye,TUR,Research and development expenditure (% of GDP),GB.XPD.RSDV.GD.ZS,2008,0.687409996986389
Uganda,UGA,Research and development expenditure (% of GDP),GB.XPD.RSDV.GD.ZS,2008,0.326319992542267
Ukraine,UKR,Research and development expenditure (% of GDP),GB.XPD.RSDV.GD.ZS,2008,0.809909999370575
Upper middle income,UMC,Research and development expenditure (% of GDP),GB.XPD.RSDV.GD.ZS,2008,0.992146855668975
Uruguay,URY,Research and development expenditure (% of GDP),GB.XPD.RSDV.GD.ZS,2008,0.374410003423691
United States,USA,Research and development expenditure (% of GDP),GB.XPD.RSDV.GD.ZS,2008,2.74481010437012
Uzbekistan,UZB,Research and development expenditure (% of GDP),GB.XPD.RSDV.GD.ZS,2008,0.193540006875992
Venezuela, RB,Research and development expenditure (% of GDP),GB.XPD.RSDV.GD.ZS,2008,0.238030001521111
World,WLD,Research and development expenditure (% of GDP),GB.XPD.RSDV.GD.ZS,2008,1.98359038036684
South Africa,ZAF,Research and development expenditure (% of GDP),GB.XPD.RSDV.GD.ZS,2008,0.805670022964478
Zambia,ZMB,Research and development expenditure (% of GDP),GB.XPD.RSDV.GD.ZS,2008,0.278189986944199
Argentina,ARG,Research and development expenditure (% of GDP),GB.XPD.RSDV.GD.ZS,2009,0.583980023860931
Armenia,ARM,Research and development expenditure (% of GDP),GB.XPD.RSDV.GD.ZS,2009,0.29093000292778
Austria,AUT,Research and development expenditure (% of GDP),GB.XPD.RSDV.GD.ZS,2009,2.59674000740051
Azerbaijan,AZE,Research and development expenditure (% of GDP),GB.XPD.RSDV.GD.ZS,2009,0.249760001897812
Burundi,BDI,Research and development expenditure (% of GDP),GB.XPD.RSDV.GD.ZS,2009,0.140959993004799
Belgium,BEL,Research and development expenditure (% of GDP),GB.XPD.RSDV.GD.ZS,2009,1.99860000610352
Burkina Faso,BFA,Research and development expenditure (% of GDP),GB.XPD.RSDV.GD.ZS,2009,0.177870005369186
Bulgaria,BGR,Research and development expenditure (% of GDP),GB.XPD.RSDV.GD.ZS,2009,0.493380010128021
Bosnia and Herzegovina,BIH,Research and development expenditure (% of GDP),GB.XPD.RSDV.GD.ZS,2009,0.021059999242425
Belarus,BLR,Research and development expenditure (% of GDP),GB.XPD.RSDV.GD.ZS,2009,0.621670007705688
Bermuda,BMU,Research and development expenditure (% of GDP),GB.XPD.RSDV.GD.ZS,2009,0.182349994778633
Bolivia,BOL,Research and development expenditure (% of GDP),GB.XPD.RSDV.GD.ZS,2009,0.157000005245209
Brazil,BRA,Research and development expenditure (% of GDP),GB.XPD.RSDV.GD.ZS,2009,1.11865997314453
Canada,CAN,Research and development expenditure (% of GDP),GB.XPD.RSDV.GD.ZS,2009,1.9174200296402
Central Europe and the Baltics,CEB,Research and development expenditure (% of GDP),GB.XPD.RSDV.GD.ZS,2009,0.824604287879731
Chile,CHL,Research and development expenditure (% of GDP),GB.XPD.RSDV.GD.ZS,2009,0.354030013084412
China,CHN,Research and development expenditure (% of GDP),GB.XPD.RSDV.GD.ZS,2009,1.66480004787445
Congo, Dem. Rep.,Research and development expenditure (% of GDP),GB.XPD.RSDV.GD.ZS,2009,0.0782200023531914
Colombia,COL,Research and development expenditure (% of GDP),GB.XPD.RSDV.GD.ZS,2009,0.193509995937347
Costa Rica,CRI,Research and development expenditure (% of GDP),GB.XPD.RSDV.GD.ZS,2009,0.517180025577545
Cuba,CUB,Research and development expenditure (% of GDP),GB.XPD.RSDV.GD.ZS,2009,0.614849984645844
Cyprus,CYP,Research and development expenditure (% of GDP),GB.XPD.RSDV.GD.ZS,2009,0.444370001554489
Czechia,CZE,Research and development expenditure (% of GDP),GB.XPD.RSDV.GD.ZS,2009,1.28656005859375
Germany,DEU,Research and development expenditure (% of GDP),GB.XPD.RSDV.GD.ZS,2009,2.74266004562378
Denmark,DNK,Research and development expenditure (% of GDP),GB.XPD.RSDV.GD.ZS,2009,3.05514001846313
East Asia & Pacific (excluding high income),EAP,Research and development expenditure (% of GDP),GB.XPD.RSDV.GD.ZS,2009,1.40017027740934
Early-demographic dividend,EAR,Research and development expenditure (% of GDP),GB.XPD.RSDV.GD.ZS,2009,0.613927614653657
East Asia & Pacific,EAS,Research and development expenditure (% of GDP),GB.XPD.RSDV.GD.ZS,2009,2.2486720343445
Europe & Central Asia (excluding high income),ECA,Research and development expenditure (% of GDP),GB.XPD.RSDV.GD.ZS,2009,0.669787984944231
Europe & Central Asia,ECS,Research and development expenditure (% of GDP),GB.XPD.RSDV.GD.ZS,2009,1.81442423705286
Ecuador,ECU,Research and development expenditure (% of GDP),GB.XPD.RSDV.GD.ZS,2009,0.410549998283386
Egypt, Arab Rep.,Research and development expenditure (% of GDP),GB.XPD.RSDV.GD.ZS,2009,0.433120012283325
Euro area,EMU,Research and development expenditure (% of GDP),GB.XPD.RSDV.GD.ZS,2009,1.9867280342435
Spain,ESP,Research and development expenditure (% of GDP),GB.XPD.RSDV.GD.ZS,2009,1.36363995075226
Estonia,EST,Research and development expenditure (% of GDP),GB.XPD.RSDV.GD.ZS,2009,1.39679002761841
European Union,EUU,Research and development expenditure (% of GDP),GB.XPD.RSDV.GD.ZS,2009,1.97111469569102
Finland,FIN,Research and development expenditure (% of GDP),GB.XPD.RSDV.GD.ZS,2009,3.73401999473572
France,FRA,Research and development expenditure (% of GDP),GB.XPD.RSDV.GD.ZS,2009,2.21206998825073
Gabon,GAB,Research and development expenditure (% of GDP),GB.XPD.RSDV.GD.ZS,2009,0.579240024089813
United Kingdom,GBR,Research and development expenditure (% of GDP),GB.XPD.RSDV.GD.ZS,2009,1.66990995407104
Gambia, The,Research and development expenditure (% of GDP),GB.XPD.RSDV.GD.ZS,2009,0.0108599998056889
Greece,GRC,Research and development expenditure (% of GDP),GB.XPD.RSDV.GD.ZS,2009,0.625569999217987
Guatemala,GTM,Research and development expenditure (% of GDP),GB.XPD.RSDV.GD.ZS,2009,0.0562000013887882
High income,HIC,Research and development expenditure (% of GDP),GB.XPD.RSDV.GD.ZS,2009,2.35118331134821
Hong Kong SAR, China,Research and development expenditure (% of GDP),GB.XPD.RSDV.GD.ZS,2009,0.773419976234436
Croatia,HRV,Research and development expenditure (% of GDP),GB.XPD.RSDV.GD.ZS,2009,0.833039999008179
Hungary,HUN,Research and development expenditure (% of GDP),GB.XPD.RSDV.GD.ZS,2009,1.12802004814148
IBRD only,IBD,Research and development expenditure (% of GDP),GB.XPD.RSDV.GD.ZS,2009,1.0126081797351
IDA & IBRD total,IBT,Research and development expenditure (% of GDP),GB.XPD.RSDV.GD.ZS,2009,0.999017204615763
Indonesia,IDN,Research and development expenditure (% of GDP),GB.XPD.RSDV.GD.ZS,2009,0.0833199992775917
India,IND,Research and development expenditure (% of GDP),GB.XPD.RSDV.GD.ZS,2009,0.833140015602112
Ireland,IRL,Research and development expenditure (% of GDP),GB.XPD.RSDV.GD.ZS,2009,1.61371004581451
Iran, Islamic Rep.,Research and development expenditure (% of GDP),GB.XPD.RSDV.GD.ZS,2009,0.272579997777939
Iraq,IRQ,Research and development expenditure (% of GDP),GB.XPD.RSDV.GD.ZS,2009,0.0456200018525124
Iceland,ISL,Research and development expenditure (% of GDP),GB.XPD.RSDV.GD.ZS,2009,2.59713006019592
Israel,ISR,Research and development expenditure (% of GDP),GB.XPD.RSDV.GD.ZS,2009,4.04515981674194
Italy,ITA,Research and development expenditure (% of GDP),GB.XPD.RSDV.GD.ZS,2009,1.21786999702454
Japan,JPN,Research and development expenditure (% of GDP),GB.XPD.RSDV.GD.ZS,2009,3.19589996337891
Kazakhstan,KAZ,Research and development expenditure (% of GDP),GB.XPD.RSDV.GD.ZS,2009,0.229240000247955
Kyrgyz Republic,KGZ,Research and development expenditure (% of GDP),GB.XPD.RSDV.GD.ZS,2009,0.159970000386238
Korea, Rep.,Research and development expenditure (% of GDP),GB.XPD.RSDV.GD.ZS,2009,3.14668989181519
Kuwait,KWT,Research and development expenditure (% of GDP),GB.XPD.RSDV.GD.ZS,2009,0.112130001187325
Latin America & Caribbean (excluding high income),LAC,Research and development expenditure (% of GDP),GB.XPD.RSDV.GD.ZS,2009,0.770895071539058
Latin America & Caribbean,LCN,Research and development expenditure (% of GDP),GB.XPD.RSDV.GD.ZS,2009,0.69211346096502
Low & middle income,LMY,Research and development expenditure (% of GDP),GB.XPD.RSDV.GD.ZS,2009,1.02625021407115
Lesotho,LSO,Research and development expenditure (% of GDP),GB.XPD.RSDV.GD.ZS,2009,0.0291000008583069
Late-demographic dividend,LTE,Research and development expenditure (% of GDP),GB.XPD.RSDV.GD.ZS,2009,1.27414232307671
Lithuania,LTU,Research and development expenditure (% of GDP),GB.XPD.RSDV.GD.ZS,2009,0.830839991569519
Luxembourg,LUX,Research and development expenditure (% of GDP),GB.XPD.RSDV.GD.ZS,2009,1.58838999271393
Latvia,LVA,Research and development expenditure (% of GDP),GB.XPD.RSDV.GD.ZS,2009,0.448579996824265
Macao SAR, China,Research and development expenditure (% of GDP),GB.XPD.RSDV.GD.ZS,2009,0.0540699996054173
Moldova,MDA,Research and development expenditure (% of GDP),GB.XPD.RSDV.GD.ZS,2009,0.525569975376129
Madagascar,MDG,Research and development expenditure (% of GDP),GB.XPD.RSDV.GD.ZS,2009,0.130539998412132
Mexico,MEX,Research and development expenditure (% of GDP),GB.XPD.RSDV.GD.ZS,2009,0.457480013370514
Middle income,MIC,Research and development expenditure (% of GDP),GB.XPD.RSDV.GD.ZS,2009,1.03046265669951
North Macedonia,MKD,Research and development expenditure (% of GDP),GB.XPD.RSDV.GD.ZS,2009,0.196789994835854
Malta,MLT,Research and development expenditure (% of GDP),GB.XPD.RSDV.GD.ZS,2009,0.507390022277832
Mongolia,MNG,Research and development expenditure (% of GDP),GB.XPD.RSDV.GD.ZS,2009,0.304780006408691
Malaysia,MYS,Research and development expenditure (% of GDP),GB.XPD.RSDV.GD.ZS,2009,1.01001000404358
North America,NAC,Research and development expenditure (% of GDP),GB.XPD.RSDV.GD.ZS,2009,2.71492622929112
Netherlands,NLD,Research and development expenditure (% of GDP),GB.XPD.RSDV.GD.ZS,2009,1.66569995880127
Norway,NOR,Research and development expenditure (% of GDP),GB.XPD.RSDV.GD.ZS,2009,1.71677994728088
Nepal,NPL,Research and development expenditure (% of GDP),GB.XPD.RSDV.GD.ZS,2009,0.259240001440048
New Zealand,NZL,Research and development expenditure (% of GDP),GB.XPD.RSDV.GD.ZS,2009,1.25214004516602
OECD members,OED,Research and development expenditure (% of GDP),GB.XPD.RSDV.GD.ZS,2009,2.3654473095267
Pakistan,PAK,Research and development expenditure (% of GDP),GB.XPD.RSDV.GD.ZS,2009,0.40217998623848
Panama,PAN,Research and development expenditure (% of GDP),GB.XPD.RSDV.GD.ZS,2009,0.132100000977516
Philippines,PHL,Research and development expenditure (% of GDP),GB.XPD.RSDV.GD.ZS,2009,0.109010003507137
Poland,POL,Research and development expenditure (% of GDP),GB.XPD.RSDV.GD.ZS,2009,0.661059975624084
Puerto Rico,PRI,Research and development expenditure (% of GDP),GB.XPD.RSDV.GD.ZS,2009,0.451310008764267
Portugal,PRT,Research and development expenditure (% of GDP),GB.XPD.RSDV.GD.ZS,2009,1.58001005649567
West Bank and Gaza,PSE,Research and development expenditure (% of GDP),GB.XPD.RSDV.GD.ZS,2009,0.356460005044937
Post-demographic dividend,PST,Research and development expenditure (% of GDP),GB.XPD.RSDV.GD.ZS,2009,2.45310860097127
Romania,ROU,Research and development expenditure (% of GDP),GB.XPD.RSDV.GD.ZS,2009,0.443949997425079
Russian Federation,RUS,Research and development expenditure (% of GDP),GB.XPD.RSDV.GD.ZS,2009,1.2519199848175
South Asia,SAS,Research and development expenditure (% of GDP),GB.XPD.RSDV.GD.ZS,2009,0.776001262591566
Saudi Arabia,SAU,Research and development expenditure (% of GDP),GB.XPD.RSDV.GD.ZS,2009,0.0733800008893013
Singapore,SGP,Research and development expenditure (% of GDP),GB.XPD.RSDV.GD.ZS,2009,2.12789988517761
El Salvador,SLV,Research and development expenditure (% of GDP),GB.XPD.RSDV.GD.ZS,2009,0.0908999964594841
Serbia,SRB,Research and development expenditure (% of GDP),GB.XPD.RSDV.GD.ZS,2009,0.817300021648407
Slovak Republic,SVK,Research and development expenditure (% of GDP),GB.XPD.RSDV.GD.ZS,2009,0.472719997167587
Slovenia,SVN,Research and development expenditure (% of GDP),GB.XPD.RSDV.GD.ZS,2009,1.81184005737305
Sweden,SWE,Research and development expenditure (% of GDP),GB.XPD.RSDV.GD.ZS,2009,3.39527988433838
East Asia & Pacific (IDA & IBRD countries),TEA,Research and development expenditure (% of GDP),GB.XPD.RSDV.GD.ZS,2009,1.40017027740934
Europe & Central Asia (IDA & IBRD countries),TEC,Research and development expenditure (% of GDP),GB.XPD.RSDV.GD.ZS,2009,0.888263942596195
Thailand,THA,Research and development expenditure (% of GDP),GB.XPD.RSDV.GD.ZS,2009,0.234549999237061
Tajikistan,TJK,Research and development expenditure (% of GDP),GB.XPD.RSDV.GD.ZS,2009,0.0857700034976006
Latin America & the Caribbean (IDA & IBRD countries),TLA,Research and development expenditure (% of GDP),GB.XPD.RSDV.GD.ZS,2009,0.69916729519773
South Asia (IDA & IBRD),TSA,Research and development expenditure (% of GDP),GB.XPD.RSDV.GD.ZS,2009,0.776001262591566
Trinidad and Tobago,TTO,Research and development expenditure (% of GDP),GB.XPD.RSDV.GD.ZS,2009,0.0566500015556812
Tunisia,TUN,Research and development expenditure (% of GDP),GB.XPD.RSDV.GD.ZS,2009,0.706439971923828
Turkiye,TUR,Research and development expenditure (% of GDP),GB.XPD.RSDV.GD.ZS,2009,0.803619980812073
Uganda,UGA,Research and development expenditure (% of GDP),GB.XPD.RSDV.GD.ZS,2009,0.255470007658005
Ukraine,UKR,Research and development expenditure (% of GDP),GB.XPD.RSDV.GD.ZS,2009,0.825959980487823
Upper middle income,UMC,Research and development expenditure (% of GDP),GB.XPD.RSDV.GD.ZS,2009,1.09516949505829
Uruguay,URY,Research and development expenditure (% of GDP),GB.XPD.RSDV.GD.ZS,2009,0.402390003204346
United States,USA,Research and development expenditure (% of GDP),GB.XPD.RSDV.GD.ZS,2009,2.79181003570557
Uzbekistan,UZB,Research and development expenditure (% of GDP),GB.XPD.RSDV.GD.ZS,2009,0.203150004148483
Venezuela, RB,Research and development expenditure (% of GDP),GB.XPD.RSDV.GD.ZS,2009,0.240140005946159
World,WLD,Research and development expenditure (% of GDP),GB.XPD.RSDV.GD.ZS,2009,2.02142368327508
South Africa,ZAF,Research and development expenditure (% of GDP),GB.XPD.RSDV.GD.ZS,2009,0.749930024147034
Africa Eastern and Southern,AFE,Research and development expenditure (% of GDP),GB.XPD.RSDV.GD.ZS,2010,0.586779089135084
Argentina,ARG,Research and development expenditure (% of GDP),GB.XPD.RSDV.GD.ZS,2010,0.561039984226227
Armenia,ARM,Research and development expenditure (% of GDP),GB.XPD.RSDV.GD.ZS,2010,0.241390004754066
Australia,AUS,Research and development expenditure (% of GDP),GB.XPD.RSDV.GD.ZS,2010,2.37009000778198
Austria,AUT,Research and development expenditure (% of GDP),GB.XPD.RSDV.GD.ZS,2010,2.72609996795654
Azerbaijan,AZE,Research and development expenditure (% of GDP),GB.XPD.RSDV.GD.ZS,2010,0.218480005860329
Burundi,BDI,Research and development expenditure (% of GDP),GB.XPD.RSDV.GD.ZS,2010,0.137189999222755
Belgium,BEL,Research and development expenditure (% of GDP),GB.XPD.RSDV.GD.ZS,2010,2.06188011169434
Bulgaria,BGR,Research and development expenditure (% of GDP),GB.XPD.RSDV.GD.ZS,2010,0.562990009784698
Belarus,BLR,Research and development expenditure (% of GDP),GB.XPD.RSDV.GD.ZS,2010,0.669130027294159
Bermuda,BMU,Research and development expenditure (% of GDP),GB.XPD.RSDV.GD.ZS,2010,0.180500000715256
Brazil,BRA,Research and development expenditure (% of GDP),GB.XPD.RSDV.GD.ZS,2010,1.15991997718811
Canada,CAN,Research and development expenditure (% of GDP),GB.XPD.RSDV.GD.ZS,2010,1.82503998279572
Central Europe and the Baltics,CEB,Research and development expenditure (% of GDP),GB.XPD.RSDV.GD.ZS,2010,0.872189993466828
Chile,CHL,Research and development expenditure (% of GDP),GB.XPD.RSDV.GD.ZS,2010,0.331649988889694
China,CHN,Research and development expenditure (% of GDP),GB.XPD.RSDV.GD.ZS,2010,1.7137199640274
Colombia,COL,Research and development expenditure (% of GDP),GB.XPD.RSDV.GD.ZS,2010,0.193580001592636
Costa Rica,CRI,Research and development expenditure (% of GDP),GB.XPD.RSDV.GD.ZS,2010,0.479900002479553
Cuba,CUB,Research and development expenditure (% of GDP),GB.XPD.RSDV.GD.ZS,2010,0.6076700091362
Cyprus,CYP,Research and development expenditure (% of GDP),GB.XPD.RSDV.GD.ZS,2010,0.442919999361038
Czechia,CZE,Research and development expenditure (% of GDP),GB.XPD.RSDV.GD.ZS,2010,1.32669997215271
Germany,DEU,Research and development expenditure (% of GDP),GB.XPD.RSDV.GD.ZS,2010,2.73024010658264
Denmark,DNK,Research and development expenditure (% of GDP),GB.XPD.RSDV.GD.ZS,2010,2.91706991195679
East Asia & Pacific (excluding high income),EAP,Research and development expenditure (% of GDP),GB.XPD.RSDV.GD.ZS,2010,1.68483944482899
Early-demographic dividend,EAR,Research and development expenditure (% of GDP),GB.XPD.RSDV.GD.ZS,2010,0.720086895244819
East Asia & Pacific,EAS,Research and development expenditure (% of GDP),GB.XPD.RSDV.GD.ZS,2010,2.39834602200759
Europe & Central Asia (excluding high income),ECA,Research and development expenditure (% of GDP),GB.XPD.RSDV.GD.ZS,2010,0.650148130826648
Europe & Central Asia,ECS,Research and development expenditure (% of GDP),GB.XPD.RSDV.GD.ZS,2010,1.77694450958099
Ecuador,ECU,Research and development expenditure (% of GDP),GB.XPD.RSDV.GD.ZS,2010,0.411269992589951
Egypt, Arab Rep.,Research and development expenditure (% of GDP),GB.XPD.RSDV.GD.ZS,2010,0.433450013399124
Euro area,EMU,Research and development expenditure (% of GDP),GB.XPD.RSDV.GD.ZS,2010,1.99331540562018
Spain,ESP,Research and development expenditure (% of GDP),GB.XPD.RSDV.GD.ZS,2010,1.35995995998383
Estonia,EST,Research and development expenditure (% of GDP),GB.XPD.RSDV.GD.ZS,2010,1.57898998260498
Ethiopia,ETH,Research and development expenditure (% of GDP),GB.XPD.RSDV.GD.ZS,2010,0.241370007395744
European Union,EUU,Research and development expenditure (% of GDP),GB.XPD.RSDV.GD.ZS,2010,1.97146432615282
Finland,FIN,Research and development expenditure (% of GDP),GB.XPD.RSDV.GD.ZS,2010,3.70531988143921
France,FRA,Research and development expenditure (% of GDP),GB.XPD.RSDV.GD.ZS,2010,2.17857003211975
United Kingdom,GBR,Research and development expenditure (% of GDP),GB.XPD.RSDV.GD.ZS,2010,1.63885998725891
Ghana,GHA,Research and development expenditure (% of GDP),GB.XPD.RSDV.GD.ZS,2010,0.376549988985062
Greece,GRC,Research and development expenditure (% of GDP),GB.XPD.RSDV.GD.ZS,2010,0.603470027446747
Guatemala,GTM,Research and development expenditure (% of GDP),GB.XPD.RSDV.GD.ZS,2010,0.0442100018262863
High income,HIC,Research and development expenditure (% of GDP),GB.XPD.RSDV.GD.ZS,2010,2.32308830974486
Hong Kong SAR, China,Research and development expenditure (% of GDP),GB.XPD.RSDV.GD.ZS,2010,0.749459981918335
Croatia,HRV,Research and development expenditure (% of GDP),GB.XPD.RSDV.GD.ZS,2010,0.730549991130829
Hungary,HUN,Research and development expenditure (% of GDP),GB.XPD.RSDV.GD.ZS,2010,1.12864995002747
IBRD only,IBD,Research and development expenditure (% of GDP),GB.XPD.RSDV.GD.ZS,2010,1.0787318749083
IDA & IBRD total,IBT,Research and development expenditure (% of GDP),GB.XPD.RSDV.GD.ZS,2010,1.06388160298368
India,IND,Research and development expenditure (% of GDP),GB.XPD.RSDV.GD.ZS,2010,0.788489997386932
Ireland,IRL,Research and development expenditure (% of GDP),GB.XPD.RSDV.GD.ZS,2010,1.5947699546814
Iran, Islamic Rep.,Research and development expenditure (% of GDP),GB.XPD.RSDV.GD.ZS,2010,0.264420002698898
Iraq,IRQ,Research and development expenditure (% of GDP),GB.XPD.RSDV.GD.ZS,2010,0.0368399992585182
Israel,ISR,Research and development expenditure (% of GDP),GB.XPD.RSDV.GD.ZS,2010,3.86329007148743
Italy,ITA,Research and development expenditure (% of GDP),GB.XPD.RSDV.GD.ZS,2010,1.21797001361847
Japan,JPN,Research and development expenditure (% of GDP),GB.XPD.RSDV.GD.ZS,2010,3.10494995117188
Kazakhstan,KAZ,Research and development expenditure (% of GDP),GB.XPD.RSDV.GD.ZS,2010,0.153410002589226
Kenya,KEN,Research and development expenditure (% of GDP),GB.XPD.RSDV.GD.ZS,2010,0.692219972610474
Kyrgyz Republic,KGZ,Research and development expenditure (% of GDP),GB.XPD.RSDV.GD.ZS,2010,0.155469998717308
Korea, Rep.,Research and development expenditure (% of GDP),GB.XPD.RSDV.GD.ZS,2010,3.3157799243927
Kuwait,KWT,Research and development expenditure (% of GDP),GB.XPD.RSDV.GD.ZS,2010,0.101400002837181
Latin America & Caribbean (excluding high income),LAC,Research and development expenditure (% of GDP),GB.XPD.RSDV.GD.ZS,2010,0.815318027143932
Latin America & Caribbean,LCN,Research and development expenditure (% of GDP),GB.XPD.RSDV.GD.ZS,2010,0.732700575732171
Sri Lanka,LKA,Research and development expenditure (% of GDP),GB.XPD.RSDV.GD.ZS,2010,0.132410004734993
Low & middle income,LMY,Research and development expenditure (% of GDP),GB.XPD.RSDV.GD.ZS,2010,1.11358766000058
Late-demographic dividend,LTE,Research and development expenditure (% of GDP),GB.XPD.RSDV.GD.ZS,2010,1.3172454993457
Lithuania,LTU,Research and development expenditure (% of GDP),GB.XPD.RSDV.GD.ZS,2010,0.78329998254776
Luxembourg,LUX,Research and development expenditure (% of GDP),GB.XPD.RSDV.GD.ZS,2010,1.4237300157547
Latvia,LVA,Research and development expenditure (% of GDP),GB.XPD.RSDV.GD.ZS,2010,0.605710029602051
Macao SAR, China,Research and development expenditure (% of GDP),GB.XPD.RSDV.GD.ZS,2010,0.0501199997961521
Morocco,MAR,Research and development expenditure (% of GDP),GB.XPD.RSDV.GD.ZS,2010,0.660359978675842
Moldova,MDA,Research and development expenditure (% of GDP),GB.XPD.RSDV.GD.ZS,2010,0.366499990224838
Madagascar,MDG,Research and development expenditure (% of GDP),GB.XPD.RSDV.GD.ZS,2010,0.099030002951622
Middle East & North Africa,MEA,Research and development expenditure (% of GDP),GB.XPD.RSDV.GD.ZS,2010,0.917241291266213
Mexico,MEX,Research and development expenditure (% of GDP),GB.XPD.RSDV.GD.ZS,2010,0.473529994487762
Middle income,MIC,Research and development expenditure (% of GDP),GB.XPD.RSDV.GD.ZS,2010,1.1186426982007
North Macedonia,MKD,Research and development expenditure (% of GDP),GB.XPD.RSDV.GD.ZS,2010,0.216340005397797
Mali,MLI,Research and development expenditure (% of GDP),GB.XPD.RSDV.GD.ZS,2010,0.583599984645844
Malta,MLT,Research and development expenditure (% of GDP),GB.XPD.RSDV.GD.ZS,2010,0.587409973144531
Middle East & North Africa (excluding high income),MNA,Research and development expenditure (% of GDP),GB.XPD.RSDV.GD.ZS,2010,0.328891533214785
Mongolia,MNG,Research and development expenditure (% of GDP),GB.XPD.RSDV.GD.ZS,2010,0.244379997253418
Mozambique,MOZ,Research and development expenditure (% of GDP),GB.XPD.RSDV.GD.ZS,2010,0.375950008630753
Malaysia,MYS,Research and development expenditure (% of GDP),GB.XPD.RSDV.GD.ZS,2010,1.03608000278473
North America,NAC,Research and development expenditure (% of GDP),GB.XPD.RSDV.GD.ZS,2010,2.62715639447037
Namibia,NAM,Research and development expenditure (% of GDP),GB.XPD.RSDV.GD.ZS,2010,0.139630004763603
Netherlands,NLD,Research and development expenditure (% of GDP),GB.XPD.RSDV.GD.ZS,2010,1.70404005050659
Norway,NOR,Research and development expenditure (% of GDP),GB.XPD.RSDV.GD.ZS,2010,1.6411999464035
Nepal,NPL,Research and development expenditure (% of GDP),GB.XPD.RSDV.GD.ZS,2010,0.302199989557266
OECD members,OED,Research and development expenditure (% of GDP),GB.XPD.RSDV.GD.ZS,2010,2.3280752540677
Panama,PAN,Research and development expenditure (% of GDP),GB.XPD.RSDV.GD.ZS,2010,0.14452999830246
Poland,POL,Research and development expenditure (% of GDP),GB.XPD.RSDV.GD.ZS,2010,0.726189970970154
Portugal,PRT,Research and development expenditure (% of GDP),GB.XPD.RSDV.GD.ZS,2010,1.53529000282288
West Bank and Gaza,PSE,Research and development expenditure (% of GDP),GB.XPD.RSDV.GD.ZS,2010,0.361559987068176
Post-demographic dividend,PST,Research and development expenditure (% of GDP),GB.XPD.RSDV.GD.ZS,2010,2.42324041150413
Romania,ROU,Research and development expenditure (% of GDP),GB.XPD.RSDV.GD.ZS,2010,0.44666001200676
Russian Federation,RUS,Research and development expenditure (% of GDP),GB.XPD.RSDV.GD.ZS,2010,1.13020002841949
South Asia,SAS,Research and development expenditure (% of GDP),GB.XPD.RSDV.GD.ZS,2010,0.762064155681154
Saudi Arabia,SAU,Research and development expenditure (% of GDP),GB.XPD.RSDV.GD.ZS,2010,0.88400000333786
Senegal,SEN,Research and development expenditure (% of GDP),GB.XPD.RSDV.GD.ZS,2010,0.434300005435944
Singapore,SGP,Research and development expenditure (% of GDP),GB.XPD.RSDV.GD.ZS,2010,1.92918002605438
El Salvador,SLV,Research and development expenditure (% of GDP),GB.XPD.RSDV.GD.ZS,2010,0.0780600011348724
Serbia,SRB,Research and development expenditure (% of GDP),GB.XPD.RSDV.GD.ZS,2010,0.702279984951019
Slovak Republic,SVK,Research and development expenditure (% of GDP),GB.XPD.RSDV.GD.ZS,2010,0.605499982833862
Slovenia,SVN,Research and development expenditure (% of GDP),GB.XPD.RSDV.GD.ZS,2010,2.05133008956909
Sweden,SWE,Research and development expenditure (% of GDP),GB.XPD.RSDV.GD.ZS,2010,3.1678900718689
East Asia & Pacific (IDA & IBRD countries),TEA,Research and development expenditure (% of GDP),GB.XPD.RSDV.GD.ZS,2010,1.68483944482899
Europe & Central Asia (IDA & IBRD countries),TEC,Research and development expenditure (% of GDP),GB.XPD.RSDV.GD.ZS,2010,0.854715744657523
Togo,TGO,Research and development expenditure (% of GDP),GB.XPD.RSDV.GD.ZS,2010,0.169620007276535
Tajikistan,TJK,Research and development expenditure (% of GDP),GB.XPD.RSDV.GD.ZS,2010,0.089139997959137
Latin America & the Caribbean (IDA & IBRD countries),TLA,Research and development expenditure (% of GDP),GB.XPD.RSDV.GD.ZS,2010,0.734222303400126
Middle East & North Africa (IDA & IBRD countries),TMN,Research and development expenditure (% of GDP),GB.XPD.RSDV.GD.ZS,2010,0.32857258763408
South Asia (IDA & IBRD),TSA,Research and development expenditure (% of GDP),GB.XPD.RSDV.GD.ZS,2010,0.762064155681154
Trinidad and Tobago,TTO,Research and development expenditure (% of GDP),GB.XPD.RSDV.GD.ZS,2010,0.0477100014686584
Tunisia,TUN,Research and development expenditure (% of GDP),GB.XPD.RSDV.GD.ZS,2010,0.658060014247894
Turkiye,TUR,Research and development expenditure (% of GDP),GB.XPD.RSDV.GD.ZS,2010,0.793690025806427
Tanzania,TZA,Research and development expenditure (% of GDP),GB.XPD.RSDV.GD.ZS,2010,0.373070001602173
Uganda,UGA,Research and development expenditure (% of GDP),GB.XPD.RSDV.GD.ZS,2010,0.359899997711182
Ukraine,UKR,Research and development expenditure (% of GDP),GB.XPD.RSDV.GD.ZS,2010,0.802789986133575
Upper middle income,UMC,Research and development expenditure (% of GDP),GB.XPD.RSDV.GD.ZS,2010,1.1950532345358
Uruguay,URY,Research and development expenditure (% of GDP),GB.XPD.RSDV.GD.ZS,2010,0.328819990158081
United States,USA,Research and development expenditure (% of GDP),GB.XPD.RSDV.GD.ZS,2010,2.71444010734558
Uzbekistan,UZB,Research and development expenditure (% of GDP),GB.XPD.RSDV.GD.ZS,2010,0.154300004243851
Venezuela, RB,Research and development expenditure (% of GDP),GB.XPD.RSDV.GD.ZS,2010,0.188229992985725
World,WLD,Research and development expenditure (% of GDP),GB.XPD.RSDV.GD.ZS,2010,2.00688045627101
South Africa,ZAF,Research and development expenditure (% of GDP),GB.XPD.RSDV.GD.ZS,2010,0.662840008735657
Arab World,ARB,Research and development expenditure (% of GDP),GB.XPD.RSDV.GD.ZS,2011,0.553257061329094
United Arab Emirates,ARE,Research and development expenditure (% of GDP),GB.XPD.RSDV.GD.ZS,2011,0.472519993782043
Argentina,ARG,Research and development expenditure (% of GDP),GB.XPD.RSDV.GD.ZS,2011,0.565970003604889
Armenia,ARM,Research and development expenditure (% of GDP),GB.XPD.RSDV.GD.ZS,2011,0.270139992237091
Australia,AUS,Research and development expenditure (% of GDP),GB.XPD.RSDV.GD.ZS,2011,2.23445010185242
Austria,AUT,Research and development expenditure (% of GDP),GB.XPD.RSDV.GD.ZS,2011,2.66867995262146
Azerbaijan,AZE,Research and development expenditure (% of GDP),GB.XPD.RSDV.GD.ZS,2011,0.210840001702309
Belgium,BEL,Research and development expenditure (% of GDP),GB.XPD.RSDV.GD.ZS,2011,2.17332005500793
Bulgaria,BGR,Research and development expenditure (% of GDP),GB.XPD.RSDV.GD.ZS,2011,0.529500007629395
Belarus,BLR,Research and development expenditure (% of GDP),GB.XPD.RSDV.GD.ZS,2011,0.677600026130676
Bermuda,BMU,Research and development expenditure (% of GDP),GB.XPD.RSDV.GD.ZS,2011,0.261949986219406
Brazil,BRA,Research and development expenditure (% of GDP),GB.XPD.RSDV.GD.ZS,2011,1.13966000080109
Canada,CAN,Research and development expenditure (% of GDP),GB.XPD.RSDV.GD.ZS,2011,1.78714001178741
Central Europe and the Baltics,CEB,Research and development expenditure (% of GDP),GB.XPD.RSDV.GD.ZS,2011,0.953465112588394
Chile,CHL,Research and development expenditure (% of GDP),GB.XPD.RSDV.GD.ZS,2011,0.352880001068115
China,CHN,Research and development expenditure (% of GDP),GB.XPD.RSDV.GD.ZS,2011,1.78033995628357
Colombia,COL,Research and development expenditure (% of GDP),GB.XPD.RSDV.GD.ZS,2011,0.198420003056526
Cabo Verde,CPV,Research and development expenditure (% of GDP),GB.XPD.RSDV.GD.ZS,2011,0.0662200003862381
Costa Rica,CRI,Research and development expenditure (% of GDP),GB.XPD.RSDV.GD.ZS,2011,0.462350010871887
Cuba,CUB,Research and development expenditure (% of GDP),GB.XPD.RSDV.GD.ZS,2011,0.271919995546341
Cyprus,CYP,Research and development expenditure (% of GDP),GB.XPD.RSDV.GD.ZS,2011,0.452630013227463
Czechia,CZE,Research and development expenditure (% of GDP),GB.XPD.RSDV.GD.ZS,2011,1.54477000236511
Germany,DEU,Research and development expenditure (% of GDP),GB.XPD.RSDV.GD.ZS,2011,2.80555009841919
Denmark,DNK,Research and development expenditure (% of GDP),GB.XPD.RSDV.GD.ZS,2011,2.94464993476868
East Asia & Pacific (excluding high income),EAP,Research and development expenditure (% of GDP),GB.XPD.RSDV.GD.ZS,2011,1.61397375750613
Early-demographic dividend,EAR,Research and development expenditure (% of GDP),GB.XPD.RSDV.GD.ZS,2011,0.71043568138334
East Asia & Pacific,EAS,Research and development expenditure (% of GDP),GB.XPD.RSDV.GD.ZS,2011,2.3287940829434
Europe & Central Asia (excluding high income),ECA,Research and development expenditure (% of GDP),GB.XPD.RSDV.GD.ZS,2011,0.623549537981914
Europe & Central Asia,ECS,Research and development expenditure (% of GDP),GB.XPD.RSDV.GD.ZS,2011,1.78341705688807
Ecuador,ECU,Research and development expenditure (% of GDP),GB.XPD.RSDV.GD.ZS,2011,0.341149985790253
Egypt, Arab Rep.,Research and development expenditure (% of GDP),GB.XPD.RSDV.GD.ZS,2011,0.531539976596832
Euro area,EMU,Research and development expenditure (% of GDP),GB.XPD.RSDV.GD.ZS,2011,2.03910118640986
Spain,ESP,Research and development expenditure (% of GDP),GB.XPD.RSDV.GD.ZS,2011,1.33341002464294
Estonia,EST,Research and development expenditure (% of GDP),GB.XPD.RSDV.GD.ZS,2011,2.30521988868713
European Union,EUU,Research and development expenditure (% of GDP),GB.XPD.RSDV.GD.ZS,2011,2.01784175490817
Finland,FIN,Research and development expenditure (% of GDP),GB.XPD.RSDV.GD.ZS,2011,3.61806011199951
France,FRA,Research and development expenditure (% of GDP),GB.XPD.RSDV.GD.ZS,2011,2.19161009788513
United Kingdom,GBR,Research and development expenditure (% of GDP),GB.XPD.RSDV.GD.ZS,2011,1.64681005477905
Gambia, The,Research and development expenditure (% of GDP),GB.XPD.RSDV.GD.ZS,2011,0.0847999975085258
Greece,GRC,Research and development expenditure (% of GDP),GB.XPD.RSDV.GD.ZS,2011,0.684260010719299
Guatemala,GTM,Research and development expenditure (% of GDP),GB.XPD.RSDV.GD.ZS,2011,0.0489399991929531
High income,HIC,Research and development expenditure (% of GDP),GB.XPD.RSDV.GD.ZS,2011,2.31514243427466
Hong Kong SAR, China,Research and development expenditure (% of GDP),GB.XPD.RSDV.GD.ZS,2011,0.720860004425049
Croatia,HRV,Research and development expenditure (% of GDP),GB.XPD.RSDV.GD.ZS,2011,0.736459970474243
Hungary,HUN,Research and development expenditure (% of GDP),GB.XPD.RSDV.GD.ZS,2011,1.17925000190735
IBRD only,IBD,Research and development expenditure (% of GDP),GB.XPD.RSDV.GD.ZS,2011,1.09332496458416
IDA & IBRD total,IBT,Research and development expenditure (% of GDP),GB.XPD.RSDV.GD.ZS,2011,1.08054964105526
India,IND,Research and development expenditure (% of GDP),GB.XPD.RSDV.GD.ZS,2011,0.755020022392273
Ireland,IRL,Research and development expenditure (% of GDP),GB.XPD.RSDV.GD.ZS,2011,1.55153000354767
Iraq,IRQ,Research and development expenditure (% of GDP),GB.XPD.RSDV.GD.ZS,2011,0.0347599983215332
Iceland,ISL,Research and development expenditure (% of GDP),GB.XPD.RSDV.GD.ZS,2011,2.40367007255554
Israel,ISR,Research and development expenditure (% of GDP),GB.XPD.RSDV.GD.ZS,2011,3.93520998954773
Italy,ITA,Research and development expenditure (% of GDP),GB.XPD.RSDV.GD.ZS,2011,1.20155000686646
Japan,JPN,Research and development expenditure (% of GDP),GB.XPD.RSDV.GD.ZS,2011,3.20536994934082
Kazakhstan,KAZ,Research and development expenditure (% of GDP),GB.XPD.RSDV.GD.ZS,2011,0.153490006923676
Kyrgyz Republic,KGZ,Research and development expenditure (% of GDP),GB.XPD.RSDV.GD.ZS,2011,0.15633000433445
Korea, Rep.,Research and development expenditure (% of GDP),GB.XPD.RSDV.GD.ZS,2011,3.59198999404907
Kuwait,KWT,Research and development expenditure (% of GDP),GB.XPD.RSDV.GD.ZS,2011,0.0989800021052361
Latin America & Caribbean (excluding high income),LAC,Research and development expenditure (% of GDP),GB.XPD.RSDV.GD.ZS,2011,0.769627241303255
Latin America & Caribbean,LCN,Research and development expenditure (% of GDP),GB.XPD.RSDV.GD.ZS,2011,0.707895859353389
Lower middle income,LMC,Research and development expenditure (% of GDP),GB.XPD.RSDV.GD.ZS,2011,0.58916785068575
Low & middle income,LMY,Research and development expenditure (% of GDP),GB.XPD.RSDV.GD.ZS,2011,1.13484919418587
Lesotho,LSO,Research and development expenditure (% of GDP),GB.XPD.RSDV.GD.ZS,2011,0.0125500001013279
Late-demographic dividend,LTE,Research and development expenditure (% of GDP),GB.XPD.RSDV.GD.ZS,2011,1.2901438870893
Lithuania,LTU,Research and development expenditure (% of GDP),GB.XPD.RSDV.GD.ZS,2011,0.9026899933815
Luxembourg,LUX,Research and development expenditure (% of GDP),GB.XPD.RSDV.GD.ZS,2011,1.42453002929688
Latvia,LVA,Research and development expenditure (% of GDP),GB.XPD.RSDV.GD.ZS,2011,0.71561998128891
Macao SAR, China,Research and development expenditure (% of GDP),GB.XPD.RSDV.GD.ZS,2011,0.0442700013518333
Moldova,MDA,Research and development expenditure (% of GDP),GB.XPD.RSDV.GD.ZS,2011,0.337639987468719
Madagascar,MDG,Research and development expenditure (% of GDP),GB.XPD.RSDV.GD.ZS,2011,0.0906699970364571
Mexico,MEX,Research and development expenditure (% of GDP),GB.XPD.RSDV.GD.ZS,2011,0.452679991722107
Middle income,MIC,Research and development expenditure (% of GDP),GB.XPD.RSDV.GD.ZS,2011,1.13558947763586
North Macedonia,MKD,Research and development expenditure (% of GDP),GB.XPD.RSDV.GD.ZS,2011,0.222760006785393
Malta,MLT,Research and development expenditure (% of GDP),GB.XPD.RSDV.GD.ZS,2011,0.665059983730316
Montenegro,MNE,Research and development expenditure (% of GDP),GB.XPD.RSDV.GD.ZS,2011,0.314850002527237
Mongolia,MNG,Research and development expenditure (% of GDP),GB.XPD.RSDV.GD.ZS,2011,0.230540007352829
Malaysia,MYS,Research and development expenditure (% of GDP),GB.XPD.RSDV.GD.ZS,2011,1.03341996669769
North America,NAC,Research and development expenditure (% of GDP),GB.XPD.RSDV.GD.ZS,2011,2.63912483221469
Nicaragua,NIC,Research and development expenditure (% of GDP),GB.XPD.RSDV.GD.ZS,2011,0.0834399983286858
Netherlands,NLD,Research and development expenditure (% of GDP),GB.XPD.RSDV.GD.ZS,2011,1.8813099861145
Norway,NOR,Research and development expenditure (% of GDP),GB.XPD.RSDV.GD.ZS,2011,1.61714005470276
New Zealand,NZL,Research and development expenditure (% of GDP),GB.XPD.RSDV.GD.ZS,2011,1.23222005367279
OECD members,OED,Research and development expenditure (% of GDP),GB.XPD.RSDV.GD.ZS,2011,2.35393047603537
Oman,OMN,Research and development expenditure (% of GDP),GB.XPD.RSDV.GD.ZS,2011,0.119620002806187
Pakistan,PAK,Research and development expenditure (% of GDP),GB.XPD.RSDV.GD.ZS,2011,0.304910004138947
Panama,PAN,Research and development expenditure (% of GDP),GB.XPD.RSDV.GD.ZS,2011,0.173040002584457
Peru,PER,Research and development expenditure (% of GDP),GB.XPD.RSDV.GD.ZS,2011,0.0828199982643127
Philippines,PHL,Research and development expenditure (% of GDP),GB.XPD.RSDV.GD.ZS,2011,0.112219996750355
Poland,POL,Research and development expenditure (% of GDP),GB.XPD.RSDV.GD.ZS,2011,0.752210021018982
Portugal,PRT,Research and development expenditure (% of GDP),GB.XPD.RSDV.GD.ZS,2011,1.4574099779129
Paraguay,PRY,Research and development expenditure (% of GDP),GB.XPD.RSDV.GD.ZS,2011,0.0421600006520748
Post-demographic dividend,PST,Research and development expenditure (% of GDP),GB.XPD.RSDV.GD.ZS,2011,2.45260664696325
Romania,ROU,Research and development expenditure (% of GDP),GB.XPD.RSDV.GD.ZS,2011,0.474590003490448
Russian Federation,RUS,Research and development expenditure (% of GDP),GB.XPD.RSDV.GD.ZS,2011,1.01545000076294
South Asia,SAS,Research and development expenditure (% of GDP),GB.XPD.RSDV.GD.ZS,2011,0.704480779623867
Saudi Arabia,SAU,Research and development expenditure (% of GDP),GB.XPD.RSDV.GD.ZS,2011,0.890680015087128
Singapore,SGP,Research and development expenditure (% of GDP),GB.XPD.RSDV.GD.ZS,2011,2.06955003738403
El Salvador,SLV,Research and development expenditure (% of GDP),GB.XPD.RSDV.GD.ZS,2011,0.0355000011622906
Serbia,SRB,Research and development expenditure (% of GDP),GB.XPD.RSDV.GD.ZS,2011,0.683340013027191
Slovak Republic,SVK,Research and development expenditure (% of GDP),GB.XPD.RSDV.GD.ZS,2011,0.652549982070923
Slovenia,SVN,Research and development expenditure (% of GDP),GB.XPD.RSDV.GD.ZS,2011,2.41297006607056
Sweden,SWE,Research and development expenditure (% of GDP),GB.XPD.RSDV.GD.ZS,2011,3.18702006340027
East Asia & Pacific (IDA & IBRD countries),TEA,Research and development expenditure (% of GDP),GB.XPD.RSDV.GD.ZS,2011,1.61397375750613
Europe & Central Asia (IDA & IBRD countries),TEC,Research and development expenditure (% of GDP),GB.XPD.RSDV.GD.ZS,2011,0.816241898327476
Thailand,THA,Research and development expenditure (% of GDP),GB.XPD.RSDV.GD.ZS,2011,0.361460000276566
Tajikistan,TJK,Research and development expenditure (% of GDP),GB.XPD.RSDV.GD.ZS,2011,0.121480002999306
Latin America & the Caribbean (IDA & IBRD countries),TLA,Research and development expenditure (% of GDP),GB.XPD.RSDV.GD.ZS,2011,0.71308724551341
South Asia (IDA & IBRD),TSA,Research and development expenditure (% of GDP),GB.XPD.RSDV.GD.ZS,2011,0.704480779623867
Trinidad and Tobago,TTO,Research and development expenditure (% of GDP),GB.XPD.RSDV.GD.ZS,2011,0.0402400009334087
Tunisia,TUN,Research and development expenditure (% of GDP),GB.XPD.RSDV.GD.ZS,2011,0.674579977989197
Turkiye,TUR,Research and development expenditure (% of GDP),GB.XPD.RSDV.GD.ZS,2011,0.793929994106293
Ukraine,UKR,Research and development expenditure (% of GDP),GB.XPD.RSDV.GD.ZS,2011,0.710900008678436
Upper middle income,UMC,Research and development expenditure (% of GDP),GB.XPD.RSDV.GD.ZS,2011,1.2356685060827
Uruguay,URY,Research and development expenditure (% of GDP),GB.XPD.RSDV.GD.ZS,2011,0.329620003700256
United States,USA,Research and development expenditure (% of GDP),GB.XPD.RSDV.GD.ZS,2011,2.73802995681763
Uzbekistan,UZB,Research and development expenditure (% of GDP),GB.XPD.RSDV.GD.ZS,2011,0.14877000451088
Venezuela, RB,Research and development expenditure (% of GDP),GB.XPD.RSDV.GD.ZS,2011,0.152960002422333
Viet Nam,VNM,Research and development expenditure (% of GDP),GB.XPD.RSDV.GD.ZS,2011,0.149550005793571
World,WLD,Research and development expenditure (% of GDP),GB.XPD.RSDV.GD.ZS,2011,1.99039740597379
South Africa,ZAF,Research and development expenditure (% of GDP),GB.XPD.RSDV.GD.ZS,2011,0.667530000209808
Argentina,ARG,Research and development expenditure (% of GDP),GB.XPD.RSDV.GD.ZS,2012,0.634909987449646
Armenia,ARM,Research and development expenditure (% of GDP),GB.XPD.RSDV.GD.ZS,2012,0.238529995083809
Austria,AUT,Research and development expenditure (% of GDP),GB.XPD.RSDV.GD.ZS,2012,2.91472005844116
Azerbaijan,AZE,Research and development expenditure (% of GDP),GB.XPD.RSDV.GD.ZS,2012,0.214269995689392
Burundi,BDI,Research and development expenditure (% of GDP),GB.XPD.RSDV.GD.ZS,2012,0.107019998133183
Belgium,BEL,Research and development expenditure (% of GDP),GB.XPD.RSDV.GD.ZS,2012,2.28114008903503
Bulgaria,BGR,Research and development expenditure (% of GDP),GB.XPD.RSDV.GD.ZS,2012,0.600390017032623
Bosnia and Herzegovina,BIH,Research and development expenditure (% of GDP),GB.XPD.RSDV.GD.ZS,2012,0.265329986810684
Belarus,BLR,Research and development expenditure (% of GDP),GB.XPD.RSDV.GD.ZS,2012,0.646030008792877
Bermuda,BMU,Research and development expenditure (% of GDP),GB.XPD.RSDV.GD.ZS,2012,0.233549997210503
Brazil,BRA,Research and development expenditure (% of GDP),GB.XPD.RSDV.GD.ZS,2012,1.12683999538422
Botswana,BWA,Research and development expenditure (% of GDP),GB.XPD.RSDV.GD.ZS,2012,0.26758998632431
Canada,CAN,Research and development expenditure (% of GDP),GB.XPD.RSDV.GD.ZS,2012,1.77304005622864
Central Europe and the Baltics,CEB,Research and development expenditure (% of GDP),GB.XPD.RSDV.GD.ZS,2012,1.05268143305774
Switzerland,CHE,Research and development expenditure (% of GDP),GB.XPD.RSDV.GD.ZS,2012,2.8745698928833
Chile,CHL,Research and development expenditure (% of GDP),GB.XPD.RSDV.GD.ZS,2012,0.362129986286163
China,CHN,Research and development expenditure (% of GDP),GB.XPD.RSDV.GD.ZS,2012,1.91214001178741
Colombia,COL,Research and development expenditure (% of GDP),GB.XPD.RSDV.GD.ZS,2012,0.221159994602203
Costa Rica,CRI,Research and development expenditure (% of GDP),GB.XPD.RSDV.GD.ZS,2012,0.547129988670349
Cuba,CUB,Research and development expenditure (% of GDP),GB.XPD.RSDV.GD.ZS,2012,0.407160013914108
Cyprus,CYP,Research and development expenditure (% of GDP),GB.XPD.RSDV.GD.ZS,2012,0.437649995088577
Czechia,CZE,Research and development expenditure (% of GDP),GB.XPD.RSDV.GD.ZS,2012,1.76967000961304
Germany,DEU,Research and development expenditure (% of GDP),GB.XPD.RSDV.GD.ZS,2012,2.88165998458862
Denmark,DNK,Research and development expenditure (% of GDP),GB.XPD.RSDV.GD.ZS,2012,2.98125004768372
East Asia & Pacific (excluding high income),EAP,Research and development expenditure (% of GDP),GB.XPD.RSDV.GD.ZS,2012,1.8807325430988
Early-demographic dividend,EAR,Research and development expenditure (% of GDP),GB.XPD.RSDV.GD.ZS,2012,0.699288713768759
East Asia & Pacific,EAS,Research and development expenditure (% of GDP),GB.XPD.RSDV.GD.ZS,2012,2.48368511226115
Europe & Central Asia (excluding high income),ECA,Research and development expenditure (% of GDP),GB.XPD.RSDV.GD.ZS,2012,0.642800024619912
Europe & Central Asia,ECS,Research and development expenditure (% of GDP),GB.XPD.RSDV.GD.ZS,2012,1.82782981703352
Ecuador,ECU,Research and development expenditure (% of GDP),GB.XPD.RSDV.GD.ZS,2012,0.333079993724823
Egypt, Arab Rep.,Research and development expenditure (% of GDP),GB.XPD.RSDV.GD.ZS,2012,0.508989989757538
Euro area,EMU,Research and development expenditure (% of GDP),GB.XPD.RSDV.GD.ZS,2012,2.09535419122909
Spain,ESP,Research and development expenditure (% of GDP),GB.XPD.RSDV.GD.ZS,2012,1.29876005649567
Estonia,EST,Research and development expenditure (% of GDP),GB.XPD.RSDV.GD.ZS,2012,2.12480998039246
European Union,EUU,Research and development expenditure (% of GDP),GB.XPD.RSDV.GD.ZS,2012,2.07923049193143
Finland,FIN,Research and development expenditure (% of GDP),GB.XPD.RSDV.GD.ZS,2012,3.3983199596405
France,FRA,Research and development expenditure (% of GDP),GB.XPD.RSDV.GD.ZS,2012,2.22707009315491
United Kingdom,GBR,Research and development expenditure (% of GDP),GB.XPD.RSDV.GD.ZS,2012,1.57587003707886
Greece,GRC,Research and development expenditure (% of GDP),GB.XPD.RSDV.GD.ZS,2012,0.710049986839294
Guatemala,GTM,Research and development expenditure (% of GDP),GB.XPD.RSDV.GD.ZS,2012,0.0454300008714199
High income,HIC,Research and development expenditure (% of GDP),GB.XPD.RSDV.GD.ZS,2012,2.3338679786147
Hong Kong SAR, China,Research and development expenditure (% of GDP),GB.XPD.RSDV.GD.ZS,2012,0.727330029010773
Croatia,HRV,Research and development expenditure (% of GDP),GB.XPD.RSDV.GD.ZS,2012,0.737249970436096
Hungary,HUN,Research and development expenditure (% of GDP),GB.XPD.RSDV.GD.ZS,2012,1.25423002243042
IBRD only,IBD,Research and development expenditure (% of GDP),GB.XPD.RSDV.GD.ZS,2012,1.1824661301376
IDA & IBRD total,IBT,Research and development expenditure (% of GDP),GB.XPD.RSDV.GD.ZS,2012,1.17787114034658
India,IND,Research and development expenditure (% of GDP),GB.XPD.RSDV.GD.ZS,2012,0.743990004062653
Ireland,IRL,Research and development expenditure (% of GDP),GB.XPD.RSDV.GD.ZS,2012,1.5602799654007
Iran, Islamic Rep.,Research and development expenditure (% of GDP),GB.XPD.RSDV.GD.ZS,2012,0.294349998235703
Israel,ISR,Research and development expenditure (% of GDP),GB.XPD.RSDV.GD.ZS,2012,4.08052015304565
Italy,ITA,Research and development expenditure (% of GDP),GB.XPD.RSDV.GD.ZS,2012,1.26218998432159
Japan,JPN,Research and development expenditure (% of GDP),GB.XPD.RSDV.GD.ZS,2012,3.17371010780334
Kazakhstan,KAZ,Research and development expenditure (% of GDP),GB.XPD.RSDV.GD.ZS,2012,0.16525000333786
Kyrgyz Republic,KGZ,Research and development expenditure (% of GDP),GB.XPD.RSDV.GD.ZS,2012,0.16609999537468
Korea, Rep.,Research and development expenditure (% of GDP),GB.XPD.RSDV.GD.ZS,2012,3.8503999710083
Kuwait,KWT,Research and development expenditure (% of GDP),GB.XPD.RSDV.GD.ZS,2012,0.0972099974751472
Latin America & Caribbean (excluding high income),LAC,Research and development expenditure (% of GDP),GB.XPD.RSDV.GD.ZS,2012,0.740196941848612
Latin America & Caribbean,LCN,Research and development expenditure (% of GDP),GB.XPD.RSDV.GD.ZS,2012,0.679762490018477
Low & middle income,LMY,Research and development expenditure (% of GDP),GB.XPD.RSDV.GD.ZS,2012,1.24677350597905
Late-demographic dividend,LTE,Research and development expenditure (% of GDP),GB.XPD.RSDV.GD.ZS,2012,1.4297379345206
Lithuania,LTU,Research and development expenditure (% of GDP),GB.XPD.RSDV.GD.ZS,2012,0.893040001392365
Luxembourg,LUX,Research and development expenditure (% of GDP),GB.XPD.RSDV.GD.ZS,2012,1.20664000511169
Latvia,LVA,Research and development expenditure (% of GDP),GB.XPD.RSDV.GD.ZS,2012,0.663070023059845
Macao SAR, China,Research and development expenditure (% of GDP),GB.XPD.RSDV.GD.ZS,2012,0.0478900000452995
Moldova,MDA,Research and development expenditure (% of GDP),GB.XPD.RSDV.GD.ZS,2012,0.349070012569427
Mexico,MEX,Research and development expenditure (% of GDP),GB.XPD.RSDV.GD.ZS,2012,0.402839988470078
Middle income,MIC,Research and development expenditure (% of GDP),GB.XPD.RSDV.GD.ZS,2012,1.24722679784632
North Macedonia,MKD,Research and development expenditure (% of GDP),GB.XPD.RSDV.GD.ZS,2012,0.326759994029999
Malta,MLT,Research and development expenditure (% of GDP),GB.XPD.RSDV.GD.ZS,2012,0.804319977760315
Mongolia,MNG,Research and development expenditure (% of GDP),GB.XPD.RSDV.GD.ZS,2012,0.23913000524044
Mauritius,MUS,Research and development expenditure (% of GDP),GB.XPD.RSDV.GD.ZS,2012,0.177729994058609
Malaysia,MYS,Research and development expenditure (% of GDP),GB.XPD.RSDV.GD.ZS,2012,1.09268999099731
North America,NAC,Research and development expenditure (% of GDP),GB.XPD.RSDV.GD.ZS,2012,2.5809312724847
Nicaragua,NIC,Research and development expenditure (% of GDP),GB.XPD.RSDV.GD.ZS,2012,0.104489997029305
Netherlands,NLD,Research and development expenditure (% of GDP),GB.XPD.RSDV.GD.ZS,2012,1.9162700176239
Norway,NOR,Research and development expenditure (% of GDP),GB.XPD.RSDV.GD.ZS,2012,1.61053001880646
OECD members,OED,Research and development expenditure (% of GDP),GB.XPD.RSDV.GD.ZS,2012,2.37175804433967
Oman,OMN,Research and development expenditure (% of GDP),GB.XPD.RSDV.GD.ZS,2012,0.182809993624687
Panama,PAN,Research and development expenditure (% of GDP),GB.XPD.RSDV.GD.ZS,2012,0.0753400027751923
Peru,PER,Research and development expenditure (% of GDP),GB.XPD.RSDV.GD.ZS,2012,0.0553000010550022
Poland,POL,Research and development expenditure (% of GDP),GB.XPD.RSDV.GD.ZS,2012,0.889970004558563
Portugal,PRT,Research and development expenditure (% of GDP),GB.XPD.RSDV.GD.ZS,2012,1.37861001491547
Paraguay,PRY,Research and development expenditure (% of GDP),GB.XPD.RSDV.GD.ZS,2012,0.0651699975132942
Post-demographic dividend,PST,Research and development expenditure (% of GDP),GB.XPD.RSDV.GD.ZS,2012,2.47284020968885
Qatar,QAT,Research and development expenditure (% of GDP),GB.XPD.RSDV.GD.ZS,2012,0.47859999537468
Romania,ROU,Research and development expenditure (% of GDP),GB.XPD.RSDV.GD.ZS,2012,0.462399989366531
Russian Federation,RUS,Research and development expenditure (% of GDP),GB.XPD.RSDV.GD.ZS,2012,1.02766001224518
South Asia,SAS,Research and development expenditure (% of GDP),GB.XPD.RSDV.GD.ZS,2012,0.743990004062653
Saudi Arabia,SAU,Research and development expenditure (% of GDP),GB.XPD.RSDV.GD.ZS,2012,0.869899988174438
Singapore,SGP,Research and development expenditure (% of GDP),GB.XPD.RSDV.GD.ZS,2012,1.91832995414734
El Salvador,SLV,Research and development expenditure (% of GDP),GB.XPD.RSDV.GD.ZS,2012,0.0339699983596802
Serbia,SRB,Research and development expenditure (% of GDP),GB.XPD.RSDV.GD.ZS,2012,0.85316002368927
Slovak Republic,SVK,Research and development expenditure (% of GDP),GB.XPD.RSDV.GD.ZS,2012,0.794610023498535
Slovenia,SVN,Research and development expenditure (% of GDP),GB.XPD.RSDV.GD.ZS,2012,2.56061005592346
Sweden,SWE,Research and development expenditure (% of GDP),GB.XPD.RSDV.GD.ZS,2012,3.23024988174438
East Asia & Pacific (IDA & IBRD countries),TEA,Research and development expenditure (% of GDP),GB.XPD.RSDV.GD.ZS,2012,1.8807325430988
Europe & Central Asia (IDA & IBRD countries),TEC,Research and development expenditure (% of GDP),GB.XPD.RSDV.GD.ZS,2012,0.849008730020273
Togo,TGO,Research and development expenditure (% of GDP),GB.XPD.RSDV.GD.ZS,2012,0.15973000228405
Tajikistan,TJK,Research and development expenditure (% of GDP),GB.XPD.RSDV.GD.ZS,2012,0.114320002496243
Latin America & the Caribbean (IDA & IBRD countries),TLA,Research and development expenditure (% of GDP),GB.XPD.RSDV.GD.ZS,2012,0.683170250580529
South Asia (IDA & IBRD),TSA,Research and development expenditure (% of GDP),GB.XPD.RSDV.GD.ZS,2012,0.743990004062653
Trinidad and Tobago,TTO,Research and development expenditure (% of GDP),GB.XPD.RSDV.GD.ZS,2012,0.0412600003182888
Tunisia,TUN,Research and development expenditure (% of GDP),GB.XPD.RSDV.GD.ZS,2012,0.649370014667511
Turkiye,TUR,Research and development expenditure (% of GDP),GB.XPD.RSDV.GD.ZS,2012,0.825950026512146
Ukraine,UKR,Research and development expenditure (% of GDP),GB.XPD.RSDV.GD.ZS,2012,0.723630011081696
Upper middle income,UMC,Research and development expenditure (% of GDP),GB.XPD.RSDV.GD.ZS,2012,1.32285440017474
Uruguay,URY,Research and development expenditure (% of GDP),GB.XPD.RSDV.GD.ZS,2012,0.308079987764359
United States,USA,Research and development expenditure (% of GDP),GB.XPD.RSDV.GD.ZS,2012,2.67272996902466
Uzbekistan,UZB,Research and development expenditure (% of GDP),GB.XPD.RSDV.GD.ZS,2012,0.155120000243187
Venezuela, RB,Research and development expenditure (% of GDP),GB.XPD.RSDV.GD.ZS,2012,0.250099986791611
World,WLD,Research and development expenditure (% of GDP),GB.XPD.RSDV.GD.ZS,2012,2.02150509968757
South Africa,ZAF,Research and development expenditure (% of GDP),GB.XPD.RSDV.GD.ZS,2012,0.669340014457703
Argentina,ARG,Research and development expenditure (% of GDP),GB.XPD.RSDV.GD.ZS,2013,0.618489980697632
Armenia,ARM,Research and development expenditure (% of GDP),GB.XPD.RSDV.GD.ZS,2013,0.222159996628761
Australia,AUS,Research and development expenditure (% of GDP),GB.XPD.RSDV.GD.ZS,2013,2.17708992958069
Austria,AUT,Research and development expenditure (% of GDP),GB.XPD.RSDV.GD.ZS,2013,2.95492005348206
Azerbaijan,AZE,Research and development expenditure (% of GDP),GB.XPD.RSDV.GD.ZS,2013,0.209690004587173
Belgium,BEL,Research and development expenditure (% of GDP),GB.XPD.RSDV.GD.ZS,2013,2.33072996139526
Bulgaria,BGR,Research and development expenditure (% of GDP),GB.XPD.RSDV.GD.ZS,2013,0.634239971637726
Bosnia and Herzegovina,BIH,Research and development expenditure (% of GDP),GB.XPD.RSDV.GD.ZS,2013,0.321319997310638
Belarus,BLR,Research and development expenditure (% of GDP),GB.XPD.RSDV.GD.ZS,2013,0.651910006999969
Bermuda,BMU,Research and development expenditure (% of GDP),GB.XPD.RSDV.GD.ZS,2013,0.196299999952316
Brazil,BRA,Research and development expenditure (% of GDP),GB.XPD.RSDV.GD.ZS,2013,1.19567000865936
Botswana,BWA,Research and development expenditure (% of GDP),GB.XPD.RSDV.GD.ZS,2013,0.560999989509583
Canada,CAN,Research and development expenditure (% of GDP),GB.XPD.RSDV.GD.ZS,2013,1.70624005794525
Central Europe and the Baltics,CEB,Research and development expenditure (% of GDP),GB.XPD.RSDV.GD.ZS,2013,1.06559248790277
Chile,CHL,Research and development expenditure (% of GDP),GB.XPD.RSDV.GD.ZS,2013,0.390300005674362
China,CHN,Research and development expenditure (% of GDP),GB.XPD.RSDV.GD.ZS,2013,1.99785995483398
Colombia,COL,Research and development expenditure (% of GDP),GB.XPD.RSDV.GD.ZS,2013,0.257609993219376
Costa Rica,CRI,Research and development expenditure (% of GDP),GB.XPD.RSDV.GD.ZS,2013,0.542530000209808
Cuba,CUB,Research and development expenditure (% of GDP),GB.XPD.RSDV.GD.ZS,2013,0.474669992923737
Cyprus,CYP,Research and development expenditure (% of GDP),GB.XPD.RSDV.GD.ZS,2013,0.484849989414215
Czechia,CZE,Research and development expenditure (% of GDP),GB.XPD.RSDV.GD.ZS,2013,1.87924003601074
Germany,DEU,Research and development expenditure (% of GDP),GB.XPD.RSDV.GD.ZS,2013,2.8359899520874
Denmark,DNK,Research and development expenditure (% of GDP),GB.XPD.RSDV.GD.ZS,2013,2.97047996520996
East Asia & Pacific (excluding high income),EAP,Research and development expenditure (% of GDP),GB.XPD.RSDV.GD.ZS,2013,1.70742861026796
Early-demographic dividend,EAR,Research and development expenditure (% of GDP),GB.XPD.RSDV.GD.ZS,2013,0.617159112290693
East Asia & Pacific,EAS,Research and development expenditure (% of GDP),GB.XPD.RSDV.GD.ZS,2013,2.27669418719275
Europe & Central Asia (excluding high income),ECA,Research and development expenditure (% of GDP),GB.XPD.RSDV.GD.ZS,2013,0.624183276273987
Europe & Central Asia,ECS,Research and development expenditure (% of GDP),GB.XPD.RSDV.GD.ZS,2013,1.80923233719159
Ecuador,ECU,Research and development expenditure (% of GDP),GB.XPD.RSDV.GD.ZS,2013,0.374229997396469
Egypt, Arab Rep.,Research and development expenditure (% of GDP),GB.XPD.RSDV.GD.ZS,2013,0.638949990272522
Euro area,EMU,Research and development expenditure (% of GDP),GB.XPD.RSDV.GD.ZS,2013,2.11409600202257
Spain,ESP,Research and development expenditure (% of GDP),GB.XPD.RSDV.GD.ZS,2013,1.27481997013092
Estonia,EST,Research and development expenditure (% of GDP),GB.XPD.RSDV.GD.ZS,2013,1.72412002086639
Ethiopia,ETH,Research and development expenditure (% of GDP),GB.XPD.RSDV.GD.ZS,2013,0.604740023612976
European Union,EUU,Research and development expenditure (% of GDP),GB.XPD.RSDV.GD.ZS,2013,2.09908551765262
Finland,FIN,Research and development expenditure (% of GDP),GB.XPD.RSDV.GD.ZS,2013,3.27136993408203
France,FRA,Research and development expenditure (% of GDP),GB.XPD.RSDV.GD.ZS,2013,2.23703002929688
United Kingdom,GBR,Research and development expenditure (% of GDP),GB.XPD.RSDV.GD.ZS,2013,1.62095999717712
Georgia,GEO,Research and development expenditure (% of GDP),GB.XPD.RSDV.GD.ZS,2013,0.0771000012755394
Greece,GRC,Research and development expenditure (% of GDP),GB.XPD.RSDV.GD.ZS,2013,0.814779996871948
Guatemala,GTM,Research and development expenditure (% of GDP),GB.XPD.RSDV.GD.ZS,2013,0.0391599982976913
High income,HIC,Research and development expenditure (% of GDP),GB.XPD.RSDV.GD.ZS,2013,2.32893816695154
Hong Kong SAR, China,Research and development expenditure (% of GDP),GB.XPD.RSDV.GD.ZS,2013,0.730170011520386
Croatia,HRV,Research and development expenditure (% of GDP),GB.XPD.RSDV.GD.ZS,2013,0.795130014419556
Hungary,HUN,Research and development expenditure (% of GDP),GB.XPD.RSDV.GD.ZS,2013,1.38409996032715
IBRD only,IBD,Research and development expenditure (% of GDP),GB.XPD.RSDV.GD.ZS,2013,1.17601628766161
IDA & IBRD total,IBT,Research and development expenditure (% of GDP),GB.XPD.RSDV.GD.ZS,2013,1.15741953227345
Indonesia,IDN,Research and development expenditure (% of GDP),GB.XPD.RSDV.GD.ZS,2013,0.0847000032663345
India,IND,Research and development expenditure (% of GDP),GB.XPD.RSDV.GD.ZS,2013,0.706420004367828
Ireland,IRL,Research and development expenditure (% of GDP),GB.XPD.RSDV.GD.ZS,2013,1.56907999515533
Iran, Islamic Rep.,Research and development expenditure (% of GDP),GB.XPD.RSDV.GD.ZS,2013,0.236010000109673
Iceland,ISL,Research and development expenditure (% of GDP),GB.XPD.RSDV.GD.ZS,2013,1.69237995147705
Israel,ISR,Research and development expenditure (% of GDP),GB.XPD.RSDV.GD.ZS,2013,4.11677980422974
Italy,ITA,Research and development expenditure (% of GDP),GB.XPD.RSDV.GD.ZS,2013,1.30106997489929
Japan,JPN,Research and development expenditure (% of GDP),GB.XPD.RSDV.GD.ZS,2013,3.27895998954773
Kazakhstan,KAZ,Research and development expenditure (% of GDP),GB.XPD.RSDV.GD.ZS,2013,0.171320006251335
Kyrgyz Republic,KGZ,Research and development expenditure (% of GDP),GB.XPD.RSDV.GD.ZS,2013,0.149140000343323
Korea, Rep.,Research and development expenditure (% of GDP),GB.XPD.RSDV.GD.ZS,2013,3.95124006271362
Kuwait,KWT,Research and development expenditure (% of GDP),GB.XPD.RSDV.GD.ZS,2013,0.301530003547668
Latin America & Caribbean (excluding high income),LAC,Research and development expenditure (% of GDP),GB.XPD.RSDV.GD.ZS,2013,0.768714083747402
Latin America & Caribbean,LCN,Research and development expenditure (% of GDP),GB.XPD.RSDV.GD.ZS,2013,0.70572467190865
Sri Lanka,LKA,Research and development expenditure (% of GDP),GB.XPD.RSDV.GD.ZS,2013,0.0973000004887581
Lower middle income,LMC,Research and development expenditure (% of GDP),GB.XPD.RSDV.GD.ZS,2013,0.548548993933255
Low & middle income,LMY,Research and development expenditure (% of GDP),GB.XPD.RSDV.GD.ZS,2013,1.21352636166898
Late-demographic dividend,LTE,Research and development expenditure (% of GDP),GB.XPD.RSDV.GD.ZS,2013,1.4734076682046
Lithuania,LTU,Research and development expenditure (% of GDP),GB.XPD.RSDV.GD.ZS,2013,0.94871997833252
Luxembourg,LUX,Research and development expenditure (% of GDP),GB.XPD.RSDV.GD.ZS,2013,1.23380994796753
Latvia,LVA,Research and development expenditure (% of GDP),GB.XPD.RSDV.GD.ZS,2013,0.613210022449493
Macao SAR, China,Research and development expenditure (% of GDP),GB.XPD.RSDV.GD.ZS,2013,0.0511699989438057
Moldova,MDA,Research and development expenditure (% of GDP),GB.XPD.RSDV.GD.ZS,2013,0.297829985618591
Mexico,MEX,Research and development expenditure (% of GDP),GB.XPD.RSDV.GD.ZS,2013,0.408060014247894
Middle income,MIC,Research and development expenditure (% of GDP),GB.XPD.RSDV.GD.ZS,2013,1.21484800945606
North Macedonia,MKD,Research and development expenditure (% of GDP),GB.XPD.RSDV.GD.ZS,2013,0.438939988613129
Malta,MLT,Research and development expenditure (% of GDP),GB.XPD.RSDV.GD.ZS,2013,0.743359982967377
Montenegro,MNE,Research and development expenditure (% of GDP),GB.XPD.RSDV.GD.ZS,2013,0.374309986829758
Mongolia,MNG,Research and development expenditure (% of GDP),GB.XPD.RSDV.GD.ZS,2013,0.232460007071495
North America,NAC,Research and development expenditure (% of GDP),GB.XPD.RSDV.GD.ZS,2013,2.59750388479004
Nicaragua,NIC,Research and development expenditure (% of GDP),GB.XPD.RSDV.GD.ZS,2013,0.10283999890089
Netherlands,NLD,Research and development expenditure (% of GDP),GB.XPD.RSDV.GD.ZS,2013,2.15605998039246
Norway,NOR,Research and development expenditure (% of GDP),GB.XPD.RSDV.GD.ZS,2013,1.64216005802155
New Zealand,NZL,Research and development expenditure (% of GDP),GB.XPD.RSDV.GD.ZS,2013,1.15337002277374
OECD members,OED,Research and development expenditure (% of GDP),GB.XPD.RSDV.GD.ZS,2013,2.36172355866542
Oman,OMN,Research and development expenditure (% of GDP),GB.XPD.RSDV.GD.ZS,2013,0.148540005087852
Pakistan,PAK,Research and development expenditure (% of GDP),GB.XPD.RSDV.GD.ZS,2013,0.261790007352829
Panama,PAN,Research and development expenditure (% of GDP),GB.XPD.RSDV.GD.ZS,2013,0.0620599985122681
Peru,PER,Research and development expenditure (% of GDP),GB.XPD.RSDV.GD.ZS,2013,0.0817399993538857
Philippines,PHL,Research and development expenditure (% of GDP),GB.XPD.RSDV.GD.ZS,2013,0.132070004940033
Poland,POL,Research and development expenditure (% of GDP),GB.XPD.RSDV.GD.ZS,2013,0.884829998016357
Puerto Rico,PRI,Research and development expenditure (% of GDP),GB.XPD.RSDV.GD.ZS,2013,0.438589990139008
Portugal,PRT,Research and development expenditure (% of GDP),GB.XPD.RSDV.GD.ZS,2013,1.32467997074127
Paraguay,PRY,Research and development expenditure (% of GDP),GB.XPD.RSDV.GD.ZS,2013,0.0716300010681152
West Bank and Gaza,PSE,Research and development expenditure (% of GDP),GB.XPD.RSDV.GD.ZS,2013,0.454340010881424
Post-demographic dividend,PST,Research and development expenditure (% of GDP),GB.XPD.RSDV.GD.ZS,2013,2.46364843658454
Romania,ROU,Research and development expenditure (% of GDP),GB.XPD.RSDV.GD.ZS,2013,0.390240013599396
Russian Federation,RUS,Research and development expenditure (% of GDP),GB.XPD.RSDV.GD.ZS,2013,1.02732002735138
South Asia,SAS,Research and development expenditure (% of GDP),GB.XPD.RSDV.GD.ZS,2013,0.632569026423973
Saudi Arabia,SAU,Research and development expenditure (% of GDP),GB.XPD.RSDV.GD.ZS,2013,0.807359993457794
Singapore,SGP,Research and development expenditure (% of GDP),GB.XPD.RSDV.GD.ZS,2013,1.92104005813599
El Salvador,SLV,Research and development expenditure (% of GDP),GB.XPD.RSDV.GD.ZS,2013,0.0638699978590012
Serbia,SRB,Research and development expenditure (% of GDP),GB.XPD.RSDV.GD.ZS,2013,0.683669984340668
Slovak Republic,SVK,Research and development expenditure (% of GDP),GB.XPD.RSDV.GD.ZS,2013,0.820050001144409
Slovenia,SVN,Research and development expenditure (% of GDP),GB.XPD.RSDV.GD.ZS,2013,2.56487011909485
Sweden,SWE,Research and development expenditure (% of GDP),GB.XPD.RSDV.GD.ZS,2013,3.26042008399963
East Asia & Pacific (IDA & IBRD countries),TEA,Research and development expenditure (% of GDP),GB.XPD.RSDV.GD.ZS,2013,1.70742861026796
Europe & Central Asia (IDA & IBRD countries),TEC,Research and development expenditure (% of GDP),GB.XPD.RSDV.GD.ZS,2013,0.83514091353112
Thailand,THA,Research and development expenditure (% of GDP),GB.XPD.RSDV.GD.ZS,2013,0.441639989614487
Tajikistan,TJK,Research and development expenditure (% of GDP),GB.XPD.RSDV.GD.ZS,2013,0.118510000407696
Latin America & the Caribbean (IDA & IBRD countries),TLA,Research and development expenditure (% of GDP),GB.XPD.RSDV.GD.ZS,2013,0.713265772193151
South Asia (IDA & IBRD),TSA,Research and development expenditure (% of GDP),GB.XPD.RSDV.GD.ZS,2013,0.632569026423973
Trinidad and Tobago,TTO,Research and development expenditure (% of GDP),GB.XPD.RSDV.GD.ZS,2013,0.0538199990987778
Tunisia,TUN,Research and development expenditure (% of GDP),GB.XPD.RSDV.GD.ZS,2013,0.637000024318695
Turkiye,TUR,Research and development expenditure (% of GDP),GB.XPD.RSDV.GD.ZS,2013,0.812059998512268
Tanzania,TZA,Research and development expenditure (% of GDP),GB.XPD.RSDV.GD.ZS,2013,0.514559984207153
Ukraine,UKR,Research and development expenditure (% of GDP),GB.XPD.RSDV.GD.ZS,2013,0.732999980449677
Upper middle income,UMC,Research and development expenditure (% of GDP),GB.XPD.RSDV.GD.ZS,2013,1.32800188950685
Uruguay,URY,Research and development expenditure (% of GDP),GB.XPD.RSDV.GD.ZS,2013,0.291180014610291
United States,USA,Research and development expenditure (% of GDP),GB.XPD.RSDV.GD.ZS,2013,2.69591999053955
Uzbekistan,UZB,Research and development expenditure (% of GDP),GB.XPD.RSDV.GD.ZS,2013,0.155000001192093
Venezuela, RB,Research and development expenditure (% of GDP),GB.XPD.RSDV.GD.ZS,2013,0.31852999329567
Viet Nam,VNM,Research and development expenditure (% of GDP),GB.XPD.RSDV.GD.ZS,2013,0.299320012331009
World,WLD,Research and development expenditure (% of GDP),GB.XPD.RSDV.GD.ZS,2013,1.98234126970509
South Africa,ZAF,Research and development expenditure (% of GDP),GB.XPD.RSDV.GD.ZS,2013,0.663299977779388
United Arab Emirates,ARE,Research and development expenditure (% of GDP),GB.XPD.RSDV.GD.ZS,2014,0.675230026245117
Argentina,ARG,Research and development expenditure (% of GDP),GB.XPD.RSDV.GD.ZS,2014,0.593959987163544
Armenia,ARM,Research and development expenditure (% of GDP),GB.XPD.RSDV.GD.ZS,2014,0.241510003805161
Austria,AUT,Research and development expenditure (% of GDP),GB.XPD.RSDV.GD.ZS,2014,3.08429002761841
Azerbaijan,AZE,Research and development expenditure (% of GDP),GB.XPD.RSDV.GD.ZS,2014,0.209779992699623
Belgium,BEL,Research and development expenditure (% of GDP),GB.XPD.RSDV.GD.ZS,2014,2.37001991271973
Burkina Faso,BFA,Research and development expenditure (% of GDP),GB.XPD.RSDV.GD.ZS,2014,0.197190001606941
Bulgaria,BGR,Research and development expenditure (% of GDP),GB.XPD.RSDV.GD.ZS,2014,0.790069997310638
Bahrain,BHR,Research and development expenditure (% of GDP),GB.XPD.RSDV.GD.ZS,2014,0.101159997284412
Bosnia and Herzegovina,BIH,Research and development expenditure (% of GDP),GB.XPD.RSDV.GD.ZS,2014,0.257250010967255
Belarus,BLR,Research and development expenditure (% of GDP),GB.XPD.RSDV.GD.ZS,2014,0.505479991436005
Bermuda,BMU,Research and development expenditure (% of GDP),GB.XPD.RSDV.GD.ZS,2014,0.190830007195473
Brazil,BRA,Research and development expenditure (% of GDP),GB.XPD.RSDV.GD.ZS,2014,1.26970994472504
Canada,CAN,Research and development expenditure (% of GDP),GB.XPD.RSDV.GD.ZS,2014,1.7148300409317
Central Europe and the Baltics,CEB,Research and development expenditure (% of GDP),GB.XPD.RSDV.GD.ZS,2014,1.09106250095637
Chile,CHL,Research and development expenditure (% of GDP),GB.XPD.RSDV.GD.ZS,2014,0.376679986715317
China,CHN,Research and development expenditure (% of GDP),GB.XPD.RSDV.GD.ZS,2014,2.02242994308472
Colombia,COL,Research and development expenditure (% of GDP),GB.XPD.RSDV.GD.ZS,2014,0.303169995546341
Costa Rica,CRI,Research and development expenditure (% of GDP),GB.XPD.RSDV.GD.ZS,2014,0.556270003318787
Cuba,CUB,Research and development expenditure (% of GDP),GB.XPD.RSDV.GD.ZS,2014,0.415960013866425
Cyprus,CYP,Research and development expenditure (% of GDP),GB.XPD.RSDV.GD.ZS,2014,0.512049973011017
Czechia,CZE,Research and development expenditure (% of GDP),GB.XPD.RSDV.GD.ZS,2014,1.95833003520966
Germany,DEU,Research and development expenditure (% of GDP),GB.XPD.RSDV.GD.ZS,2014,2.87784004211426
Denmark,DNK,Research and development expenditure (% of GDP),GB.XPD.RSDV.GD.ZS,2014,2.9140899181366
East Asia & Pacific (excluding high income),EAP,Research and development expenditure (% of GDP),GB.XPD.RSDV.GD.ZS,2014,1.94167342412826
East Asia & Pacific,EAS,Research and development expenditure (% of GDP),GB.XPD.RSDV.GD.ZS,2014,2.4750273549477
Europe & Central Asia (excluding high income),ECA,Research and development expenditure (% of GDP),GB.XPD.RSDV.GD.ZS,2014,0.632280927495523
Europe & Central Asia,ECS,Research and development expenditure (% of GDP),GB.XPD.RSDV.GD.ZS,2014,1.92954239788838
Ecuador,ECU,Research and development expenditure (% of GDP),GB.XPD.RSDV.GD.ZS,2014,0.438389986753464
Egypt, Arab Rep.,Research and development expenditure (% of GDP),GB.XPD.RSDV.GD.ZS,2014,0.636489987373352
Euro area,EMU,Research and development expenditure (% of GDP),GB.XPD.RSDV.GD.ZS,2014,2.14558451243683
Spain,ESP,Research and development expenditure (% of GDP),GB.XPD.RSDV.GD.ZS,2014,1.24159002304077
Estonia,EST,Research and development expenditure (% of GDP),GB.XPD.RSDV.GD.ZS,2014,1.43023002147675
European Union,EUU,Research and development expenditure (% of GDP),GB.XPD.RSDV.GD.ZS,2014,2.11981236209354
Finland,FIN,Research and development expenditure (% of GDP),GB.XPD.RSDV.GD.ZS,2014,3.14751005172729
France,FRA,Research and development expenditure (% of GDP),GB.XPD.RSDV.GD.ZS,2014,2.27591991424561
United Kingdom,GBR,Research and development expenditure (% of GDP),GB.XPD.RSDV.GD.ZS,2014,2.26487994194031
Georgia,GEO,Research and development expenditure (% of GDP),GB.XPD.RSDV.GD.ZS,2014,0.169909998774529
Greece,GRC,Research and development expenditure (% of GDP),GB.XPD.RSDV.GD.ZS,2014,0.839980006217957
Guatemala,GTM,Research and development expenditure (% of GDP),GB.XPD.RSDV.GD.ZS,2014,0.0294899996370077
High income,HIC,Research and development expenditure (% of GDP),GB.XPD.RSDV.GD.ZS,2014,2.4241517586865
Hong Kong SAR, China,Research and development expenditure (% of GDP),GB.XPD.RSDV.GD.ZS,2014,0.740140020847321
Croatia,HRV,Research and development expenditure (% of GDP),GB.XPD.RSDV.GD.ZS,2014,0.769020020961761
Hungary,HUN,Research and development expenditure (% of GDP),GB.XPD.RSDV.GD.ZS,2014,1.3445999622345
IBRD only,IBD,Research and development expenditure (% of GDP),GB.XPD.RSDV.GD.ZS,2014,1.29665843969557
IDA & IBRD total,IBT,Research and development expenditure (% of GDP),GB.XPD.RSDV.GD.ZS,2014,1.28464045288957
India,IND,Research and development expenditure (% of GDP),GB.XPD.RSDV.GD.ZS,2014,0.701590001583099
Ireland,IRL,Research and development expenditure (% of GDP),GB.XPD.RSDV.GD.ZS,2014,1.51797997951508
Iraq,IRQ,Research and development expenditure (% of GDP),GB.XPD.RSDV.GD.ZS,2014,0.0383500009775162
Iceland,ISL,Research and development expenditure (% of GDP),GB.XPD.RSDV.GD.ZS,2014,1.93615996837616
Israel,ISR,Research and development expenditure (% of GDP),GB.XPD.RSDV.GD.ZS,2014,4.20530986785889
Italy,ITA,Research and development expenditure (% of GDP),GB.XPD.RSDV.GD.ZS,2014,1.33840000629425
Japan,JPN,Research and development expenditure (% of GDP),GB.XPD.RSDV.GD.ZS,2014,3.36788010597229
Kazakhstan,KAZ,Research and development expenditure (% of GDP),GB.XPD.RSDV.GD.ZS,2014,0.167219996452332
Kyrgyz Republic,KGZ,Research and development expenditure (% of GDP),GB.XPD.RSDV.GD.ZS,2014,0.125359997153282
Korea, Rep.,Research and development expenditure (% of GDP),GB.XPD.RSDV.GD.ZS,2014,4.07785987854004
Kuwait,KWT,Research and development expenditure (% of GDP),GB.XPD.RSDV.GD.ZS,2014,0.427049994468689
Latin America & Caribbean (excluding high income),LAC,Research and development expenditure (% of GDP),GB.XPD.RSDV.GD.ZS,2014,0.803572630624173
Latin America & Caribbean,LCN,Research and development expenditure (% of GDP),GB.XPD.RSDV.GD.ZS,2014,0.735252105078749
Sri Lanka,LKA,Research and development expenditure (% of GDP),GB.XPD.RSDV.GD.ZS,2014,0.096050001680851
Low & middle income,LMY,Research and development expenditure (% of GDP),GB.XPD.RSDV.GD.ZS,2014,1.36117824524177
Late-demographic dividend,LTE,Research and development expenditure (% of GDP),GB.XPD.RSDV.GD.ZS,2014,1.53574917192655
Lithuania,LTU,Research and development expenditure (% of GDP),GB.XPD.RSDV.GD.ZS,2014,1.03011000156403
Luxembourg,LUX,Research and development expenditure (% of GDP),GB.XPD.RSDV.GD.ZS,2014,1.21700000762939
Latvia,LVA,Research and development expenditure (% of GDP),GB.XPD.RSDV.GD.ZS,2014,0.689079999923706
Macao SAR, China,Research and development expenditure (% of GDP),GB.XPD.RSDV.GD.ZS,2014,0.0877600014209747
Moldova,MDA,Research and development expenditure (% of GDP),GB.XPD.RSDV.GD.ZS,2014,0.314630001783371
Madagascar,MDG,Research and development expenditure (% of GDP),GB.XPD.RSDV.GD.ZS,2014,0.0132099995389581
Mexico,MEX,Research and development expenditure (% of GDP),GB.XPD.RSDV.GD.ZS,2014,0.419620007276535
Middle income,MIC,Research and development expenditure (% of GDP),GB.XPD.RSDV.GD.ZS,2014,1.36495010500489
North Macedonia,MKD,Research and development expenditure (% of GDP),GB.XPD.RSDV.GD.ZS,2014,0.516460001468658
Malta,MLT,Research and development expenditure (% of GDP),GB.XPD.RSDV.GD.ZS,2014,0.691789984703064
Montenegro,MNE,Research and development expenditure (% of GDP),GB.XPD.RSDV.GD.ZS,2014,0.363200008869171
Mongolia,MNG,Research and development expenditure (% of GDP),GB.XPD.RSDV.GD.ZS,2014,0.223399996757507
Malaysia,MYS,Research and development expenditure (% of GDP),GB.XPD.RSDV.GD.ZS,2014,1.2627500295639
North America,NAC,Research and development expenditure (% of GDP),GB.XPD.RSDV.GD.ZS,2014,2.6155556369369
Namibia,NAM,Research and development expenditure (% of GDP),GB.XPD.RSDV.GD.ZS,2014,0.349860012531281
Nicaragua,NIC,Research and development expenditure (% of GDP),GB.XPD.RSDV.GD.ZS,2014,0.0893500000238419
Netherlands,NLD,Research and development expenditure (% of GDP),GB.XPD.RSDV.GD.ZS,2014,2.17330002784729
Norway,NOR,Research and development expenditure (% of GDP),GB.XPD.RSDV.GD.ZS,2014,1.70369005203247
OECD members,OED,Research and development expenditure (% of GDP),GB.XPD.RSDV.GD.ZS,2014,2.43935968530329
Oman,OMN,Research and development expenditure (% of GDP),GB.XPD.RSDV.GD.ZS,2014,0.18588000535965
Other small states,OSS,Research and development expenditure (% of GDP),GB.XPD.RSDV.GD.ZS,2014,0.825715239544685
Panama,PAN,Research and development expenditure (% of GDP),GB.XPD.RSDV.GD.ZS,2014,0.122950002551079
Peru,PER,Research and development expenditure (% of GDP),GB.XPD.RSDV.GD.ZS,2014,0.108050003647804
Poland,POL,Research and development expenditure (% of GDP),GB.XPD.RSDV.GD.ZS,2014,0.950760006904602
Portugal,PRT,Research and development expenditure (% of GDP),GB.XPD.RSDV.GD.ZS,2014,1.28991997241974
Paraguay,PRY,Research and development expenditure (% of GDP),GB.XPD.RSDV.GD.ZS,2014,0.0790100023150444
Post-demographic dividend,PST,Research and development expenditure (% of GDP),GB.XPD.RSDV.GD.ZS,2014,2.54824763662558
Romania,ROU,Research and development expenditure (% of GDP),GB.XPD.RSDV.GD.ZS,2014,0.382079988718033
Russian Federation,RUS,Research and development expenditure (% of GDP),GB.XPD.RSDV.GD.ZS,2014,1.07240998744965
South Asia,SAS,Research and development expenditure (% of GDP),GB.XPD.RSDV.GD.ZS,2014,0.678035592804138
Singapore,SGP,Research and development expenditure (% of GDP),GB.XPD.RSDV.GD.ZS,2014,2.082279920578
El Salvador,SLV,Research and development expenditure (% of GDP),GB.XPD.RSDV.GD.ZS,2014,0.0937699973583221
Serbia,SRB,Research and development expenditure (% of GDP),GB.XPD.RSDV.GD.ZS,2014,0.723089993000031
Slovak Republic,SVK,Research and development expenditure (% of GDP),GB.XPD.RSDV.GD.ZS,2014,0.876999974250793
Slovenia,SVN,Research and development expenditure (% of GDP),GB.XPD.RSDV.GD.ZS,2014,2.36547994613647
Sweden,SWE,Research and development expenditure (% of GDP),GB.XPD.RSDV.GD.ZS,2014,3.10184001922607
East Asia & Pacific (IDA & IBRD countries),TEA,Research and development expenditure (% of GDP),GB.XPD.RSDV.GD.ZS,2014,1.94167342412826
Europe & Central Asia (IDA & IBRD countries),TEC,Research and development expenditure (% of GDP),GB.XPD.RSDV.GD.ZS,2014,0.860417392166695
Togo,TGO,Research and development expenditure (% of GDP),GB.XPD.RSDV.GD.ZS,2014,0.190740004181862
Thailand,THA,Research and development expenditure (% of GDP),GB.XPD.RSDV.GD.ZS,2014,0.479880005121231
Tajikistan,TJK,Research and development expenditure (% of GDP),GB.XPD.RSDV.GD.ZS,2014,0.116240002214909
Latin America & the Caribbean (IDA & IBRD countries),TLA,Research and development expenditure (% of GDP),GB.XPD.RSDV.GD.ZS,2014,0.739473277205382
South Asia (IDA & IBRD),TSA,Research and development expenditure (% of GDP),GB.XPD.RSDV.GD.ZS,2014,0.678035592804138
Trinidad and Tobago,TTO,Research and development expenditure (% of GDP),GB.XPD.RSDV.GD.ZS,2014,0.0759899988770485
Tunisia,TUN,Research and development expenditure (% of GDP),GB.XPD.RSDV.GD.ZS,2014,0.619880020618439
Turkiye,TUR,Research and development expenditure (% of GDP),GB.XPD.RSDV.GD.ZS,2014,0.856400012969971
Uganda,UGA,Research and development expenditure (% of GDP),GB.XPD.RSDV.GD.ZS,2014,0.142649993300438
Ukraine,UKR,Research and development expenditure (% of GDP),GB.XPD.RSDV.GD.ZS,2014,0.650340020656586
Upper middle income,UMC,Research and development expenditure (% of GDP),GB.XPD.RSDV.GD.ZS,2014,1.46388740266673
Uruguay,URY,Research and development expenditure (% of GDP),GB.XPD.RSDV.GD.ZS,2014,0.317070007324219
United States,USA,Research and development expenditure (% of GDP),GB.XPD.RSDV.GD.ZS,2014,2.70881009101868
Uzbekistan,UZB,Research and development expenditure (% of GDP),GB.XPD.RSDV.GD.ZS,2014,0.153349995613098
Venezuela, RB,Research and development expenditure (% of GDP),GB.XPD.RSDV.GD.ZS,2014,0.337130010128021
World,WLD,Research and development expenditure (% of GDP),GB.XPD.RSDV.GD.ZS,2014,2.09077969901355
South Africa,ZAF,Research and development expenditure (% of GDP),GB.XPD.RSDV.GD.ZS,2014,0.709869980812073
United Arab Emirates,ARE,Research and development expenditure (% of GDP),GB.XPD.RSDV.GD.ZS,2015,0.865700006484985
Argentina,ARG,Research and development expenditure (% of GDP),GB.XPD.RSDV.GD.ZS,2015,0.622619986534119
Armenia,ARM,Research and development expenditure (% of GDP),GB.XPD.RSDV.GD.ZS,2015,0.250019997358322
Australia,AUS,Research and development expenditure (% of GDP),GB.XPD.RSDV.GD.ZS,2015,1.91902005672455
Austria,AUT,Research and development expenditure (% of GDP),GB.XPD.RSDV.GD.ZS,2015,3.04969000816345
Azerbaijan,AZE,Research and development expenditure (% of GDP),GB.XPD.RSDV.GD.ZS,2015,0.222320005297661
Belgium,BEL,Research and development expenditure (% of GDP),GB.XPD.RSDV.GD.ZS,2015,2.42816996574402
Bulgaria,BGR,Research and development expenditure (% of GDP),GB.XPD.RSDV.GD.ZS,2015,0.949469983577728
Bosnia and Herzegovina,BIH,Research and development expenditure (% of GDP),GB.XPD.RSDV.GD.ZS,2015,0.21603000164032
Belarus,BLR,Research and development expenditure (% of GDP),GB.XPD.RSDV.GD.ZS,2015,0.499989986419678
Bermuda,BMU,Research and development expenditure (% of GDP),GB.XPD.RSDV.GD.ZS,2015,0.195069998502731
Brazil,BRA,Research and development expenditure (% of GDP),GB.XPD.RSDV.GD.ZS,2015,1.37092995643616
Canada,CAN,Research and development expenditure (% of GDP),GB.XPD.RSDV.GD.ZS,2015,1.69359004497528
Central Europe and the Baltics,CEB,Research and development expenditure (% of GDP),GB.XPD.RSDV.GD.ZS,2015,1.14112866976552
Switzerland,CHE,Research and development expenditure (% of GDP),GB.XPD.RSDV.GD.ZS,2015,3.07832002639771
Chile,CHL,Research and development expenditure (% of GDP),GB.XPD.RSDV.GD.ZS,2015,0.382959991693497
China,CHN,Research and development expenditure (% of GDP),GB.XPD.RSDV.GD.ZS,2015,2.05700993537903
Congo, Dem. Rep.,Research and development expenditure (% of GDP),GB.XPD.RSDV.GD.ZS,2015,0.406379997730255
Colombia,COL,Research and development expenditure (% of GDP),GB.XPD.RSDV.GD.ZS,2015,0.365420013666153
Costa Rica,CRI,Research and development expenditure (% of GDP),GB.XPD.RSDV.GD.ZS,2015,0.436650007963181
Cuba,CUB,Research and development expenditure (% of GDP),GB.XPD.RSDV.GD.ZS,2015,0.428539991378784
Cyprus,CYP,Research and development expenditure (% of GDP),GB.XPD.RSDV.GD.ZS,2015,0.47529000043869
Czechia,CZE,Research and development expenditure (% of GDP),GB.XPD.RSDV.GD.ZS,2015,1.91689002513885
Germany,DEU,Research and development expenditure (% of GDP),GB.XPD.RSDV.GD.ZS,2015,2.9337899684906
Denmark,DNK,Research and development expenditure (% of GDP),GB.XPD.RSDV.GD.ZS,2015,3.05497002601624
East Asia & Pacific (excluding high income),EAP,Research and development expenditure (% of GDP),GB.XPD.RSDV.GD.ZS,2015,1.90548178356657
Early-demographic dividend,EAR,Research and development expenditure (% of GDP),GB.XPD.RSDV.GD.ZS,2015,0.720801386240732
East Asia & Pacific,EAS,Research and development expenditure (% of GDP),GB.XPD.RSDV.GD.ZS,2015,2.32216793814283
Europe & Central Asia (excluding high income),ECA,Research and development expenditure (% of GDP),GB.XPD.RSDV.GD.ZS,2015,0.694319072125901
Europe & Central Asia,ECS,Research and development expenditure (% of GDP),GB.XPD.RSDV.GD.ZS,2015,2.00003704263923
Egypt, Arab Rep.,Research and development expenditure (% of GDP),GB.XPD.RSDV.GD.ZS,2015,0.718580007553101
Euro area,EMU,Research and development expenditure (% of GDP),GB.XPD.RSDV.GD.ZS,2015,2.1352210999142
Spain,ESP,Research and development expenditure (% of GDP),GB.XPD.RSDV.GD.ZS,2015,1.22178995609283
Estonia,EST,Research and development expenditure (% of GDP),GB.XPD.RSDV.GD.ZS,2015,1.4677699804306
European Union,EUU,Research and development expenditure (% of GDP),GB.XPD.RSDV.GD.ZS,2015,2.11941719997509
Finland,FIN,Research and development expenditure (% of GDP),GB.XPD.RSDV.GD.ZS,2015,2.87195992469788
France,FRA,Research and development expenditure (% of GDP),GB.XPD.RSDV.GD.ZS,2015,2.2270200252533
United Kingdom,GBR,Research and development expenditure (% of GDP),GB.XPD.RSDV.GD.ZS,2015,2.27566003799438
Georgia,GEO,Research and development expenditure (% of GDP),GB.XPD.RSDV.GD.ZS,2015,0.293969988822937
Greece,GRC,Research and development expenditure (% of GDP),GB.XPD.RSDV.GD.ZS,2015,0.966050028800964
Guatemala,GTM,Research and development expenditure (% of GDP),GB.XPD.RSDV.GD.ZS,2015,0.0306400004774332
High income,HIC,Research and development expenditure (% of GDP),GB.XPD.RSDV.GD.ZS,2015,2.45789128693122
Hong Kong SAR, China,Research and development expenditure (% of GDP),GB.XPD.RSDV.GD.ZS,2015,0.761829972267151
Honduras,HND,Research and development expenditure (% of GDP),GB.XPD.RSDV.GD.ZS,2015,0.0149699999019504
Croatia,HRV,Research and development expenditure (% of GDP),GB.XPD.RSDV.GD.ZS,2015,0.823780000209808
Hungary,HUN,Research and development expenditure (% of GDP),GB.XPD.RSDV.GD.ZS,2015,1.33958995342255
IBRD only,IBD,Research and development expenditure (% of GDP),GB.XPD.RSDV.GD.ZS,2015,1.35920458868399
IDA & IBRD total,IBT,Research and development expenditure (% of GDP),GB.XPD.RSDV.GD.ZS,2015,1.32848260985517
India,IND,Research and development expenditure (% of GDP),GB.XPD.RSDV.GD.ZS,2015,0.693099975585938
Ireland,IRL,Research and development expenditure (% of GDP),GB.XPD.RSDV.GD.ZS,2015,1.1797399520874
Iran, Islamic Rep.,Research and development expenditure (% of GDP),GB.XPD.RSDV.GD.ZS,2015,0.393830001354218
Iraq,IRQ,Research and development expenditure (% of GDP),GB.XPD.RSDV.GD.ZS,2015,0.0401699990034103
Iceland,ISL,Research and development expenditure (% of GDP),GB.XPD.RSDV.GD.ZS,2015,2.18138003349304
Israel,ISR,Research and development expenditure (% of GDP),GB.XPD.RSDV.GD.ZS,2015,4.29840993881226
Italy,ITA,Research and development expenditure (% of GDP),GB.XPD.RSDV.GD.ZS,2015,1.33850002288818
Japan,JPN,Research and development expenditure (% of GDP),GB.XPD.RSDV.GD.ZS,2015,3.24071002006531
Kazakhstan,KAZ,Research and development expenditure (% of GDP),GB.XPD.RSDV.GD.ZS,2015,0.169510006904602
Kyrgyz Republic,KGZ,Research and development expenditure (% of GDP),GB.XPD.RSDV.GD.ZS,2015,0.119029998779297
Cambodia,KHM,Research and development expenditure (% of GDP),GB.XPD.RSDV.GD.ZS,2015,0.118230000138283
Korea, Rep.,Research and development expenditure (% of GDP),GB.XPD.RSDV.GD.ZS,2015,3.97819995880127
Kuwait,KWT,Research and development expenditure (% of GDP),GB.XPD.RSDV.GD.ZS,2015,0.0966000035405159
Latin America & Caribbean (excluding high income),LAC,Research and development expenditure (% of GDP),GB.XPD.RSDV.GD.ZS,2015,0.807282270055646
Latin America & Caribbean,LCN,Research and development expenditure (% of GDP),GB.XPD.RSDV.GD.ZS,2015,0.760756667759772
Sri Lanka,LKA,Research and development expenditure (% of GDP),GB.XPD.RSDV.GD.ZS,2015,0.102909997105598
Lower middle income,LMC,Research and development expenditure (% of GDP),GB.XPD.RSDV.GD.ZS,2015,0.546215428233307
Low & middle income,LMY,Research and development expenditure (% of GDP),GB.XPD.RSDV.GD.ZS,2015,1.37230741627176
Lesotho,LSO,Research and development expenditure (% of GDP),GB.XPD.RSDV.GD.ZS,2015,0.0510100014507771
Late-demographic dividend,LTE,Research and development expenditure (% of GDP),GB.XPD.RSDV.GD.ZS,2015,1.6090684030894
Lithuania,LTU,Research and development expenditure (% of GDP),GB.XPD.RSDV.GD.ZS,2015,1.04340994358063
Luxembourg,LUX,Research and development expenditure (% of GDP),GB.XPD.RSDV.GD.ZS,2015,1.2522599697113
Latvia,LVA,Research and development expenditure (% of GDP),GB.XPD.RSDV.GD.ZS,2015,0.619400024414062
Macao SAR, China,Research and development expenditure (% of GDP),GB.XPD.RSDV.GD.ZS,2015,0.136490002274513
Moldova,MDA,Research and development expenditure (% of GDP),GB.XPD.RSDV.GD.ZS,2015,0.307350009679794
Mexico,MEX,Research and development expenditure (% of GDP),GB.XPD.RSDV.GD.ZS,2015,0.414770007133484
Middle income,MIC,Research and development expenditure (% of GDP),GB.XPD.RSDV.GD.ZS,2015,1.3763914054959
North Macedonia,MKD,Research and development expenditure (% of GDP),GB.XPD.RSDV.GD.ZS,2015,0.444119989871979
Mali,MLI,Research and development expenditure (% of GDP),GB.XPD.RSDV.GD.ZS,2015,0.314619988203049
Malta,MLT,Research and development expenditure (% of GDP),GB.XPD.RSDV.GD.ZS,2015,0.715149998664856
Montenegro,MNE,Research and development expenditure (% of GDP),GB.XPD.RSDV.GD.ZS,2015,0.374000012874603
Mongolia,MNG,Research and development expenditure (% of GDP),GB.XPD.RSDV.GD.ZS,2015,0.156399995088577
Mozambique,MOZ,Research and development expenditure (% of GDP),GB.XPD.RSDV.GD.ZS,2015,0.308140009641647
Malaysia,MYS,Research and development expenditure (% of GDP),GB.XPD.RSDV.GD.ZS,2015,1.27945005893707
North America,NAC,Research and development expenditure (% of GDP),GB.XPD.RSDV.GD.ZS,2015,2.68778851646004
Nicaragua,NIC,Research and development expenditure (% of GDP),GB.XPD.RSDV.GD.ZS,2015,0.10741999745369
Netherlands,NLD,Research and development expenditure (% of GDP),GB.XPD.RSDV.GD.ZS,2015,2.1460599899292
Norway,NOR,Research and development expenditure (% of GDP),GB.XPD.RSDV.GD.ZS,2015,1.92349994182587
New Zealand,NZL,Research and development expenditure (% of GDP),GB.XPD.RSDV.GD.ZS,2015,1.22789001464844
OECD members,OED,Research and development expenditure (% of GDP),GB.XPD.RSDV.GD.ZS,2015,2.46907608728892
Oman,OMN,Research and development expenditure (% of GDP),GB.XPD.RSDV.GD.ZS,2015,0.218659996986389
Pakistan,PAK,Research and development expenditure (% of GDP),GB.XPD.RSDV.GD.ZS,2015,0.221929997205734
Panama,PAN,Research and development expenditure (% of GDP),GB.XPD.RSDV.GD.ZS,2015,0.107450000941753
Peru,PER,Research and development expenditure (% of GDP),GB.XPD.RSDV.GD.ZS,2015,0.117020003497601
Philippines,PHL,Research and development expenditure (% of GDP),GB.XPD.RSDV.GD.ZS,2015,0.156829997897148
Poland,POL,Research and development expenditure (% of GDP),GB.XPD.RSDV.GD.ZS,2015,1.00423002243042
Puerto Rico,PRI,Research and development expenditure (% of GDP),GB.XPD.RSDV.GD.ZS,2015,0.428829997777939
Portugal,PRT,Research and development expenditure (% of GDP),GB.XPD.RSDV.GD.ZS,2015,1.24329996109009
Paraguay,PRY,Research and development expenditure (% of GDP),GB.XPD.RSDV.GD.ZS,2015,0.0967399999499321
Post-demographic dividend,PST,Research and development expenditure (% of GDP),GB.XPD.RSDV.GD.ZS,2015,2.56654769724851
Qatar,QAT,Research and development expenditure (% of GDP),GB.XPD.RSDV.GD.ZS,2015,0.518830001354218
Romania,ROU,Research and development expenditure (% of GDP),GB.XPD.RSDV.GD.ZS,2015,0.487960010766983
Russian Federation,RUS,Research and development expenditure (% of GDP),GB.XPD.RSDV.GD.ZS,2015,1.10084998607635
South Asia,SAS,Research and development expenditure (% of GDP),GB.XPD.RSDV.GD.ZS,2015,0.6161185301708
Senegal,SEN,Research and development expenditure (% of GDP),GB.XPD.RSDV.GD.ZS,2015,0.577199995517731
Singapore,SGP,Research and development expenditure (% of GDP),GB.XPD.RSDV.GD.ZS,2015,2.1744499206543
El Salvador,SLV,Research and development expenditure (% of GDP),GB.XPD.RSDV.GD.ZS,2015,0.143480002880096
Serbia,SRB,Research and development expenditure (% of GDP),GB.XPD.RSDV.GD.ZS,2015,0.810899972915649
Slovak Republic,SVK,Research and development expenditure (% of GDP),GB.XPD.RSDV.GD.ZS,2015,1.1572699546814
Slovenia,SVN,Research and development expenditure (% of GDP),GB.XPD.RSDV.GD.ZS,2015,2.19565010070801
Sweden,SWE,Research and development expenditure (% of GDP),GB.XPD.RSDV.GD.ZS,2015,3.21902990341187
Eswatini,SWZ,Research and development expenditure (% of GDP),GB.XPD.RSDV.GD.ZS,2015,0.267540007829666
Syrian Arab Republic,SYR,Research and development expenditure (% of GDP),GB.XPD.RSDV.GD.ZS,2015,0.0194199997931719
East Asia & Pacific (IDA & IBRD countries),TEA,Research and development expenditure (% of GDP),GB.XPD.RSDV.GD.ZS,2015,1.90548178356657
Europe & Central Asia (IDA & IBRD countries),TEC,Research and development expenditure (% of GDP),GB.XPD.RSDV.GD.ZS,2015,0.884073131015911
Thailand,THA,Research and development expenditure (% of GDP),GB.XPD.RSDV.GD.ZS,2015,0.616089999675751
Tajikistan,TJK,Research and development expenditure (% of GDP),GB.XPD.RSDV.GD.ZS,2015,0.103399999439716
Turkmenistan,TKM,Research and development expenditure (% of GDP),GB.XPD.RSDV.GD.ZS,2015,0.109999999403954
Latin America & the Caribbean (IDA & IBRD countries),TLA,Research and development expenditure (% of GDP),GB.XPD.RSDV.GD.ZS,2015,0.774249294443398
Middle East & North Africa (IDA & IBRD countries),TMN,Research and development expenditure (% of GDP),GB.XPD.RSDV.GD.ZS,2015,0.446523120361026
South Asia (IDA & IBRD),TSA,Research and development expenditure (% of GDP),GB.XPD.RSDV.GD.ZS,2015,0.616118530170801
Trinidad and Tobago,TTO,Research and development expenditure (% of GDP),GB.XPD.RSDV.GD.ZS,2015,0.0799600034952164
Tunisia,TUN,Research and development expenditure (% of GDP),GB.XPD.RSDV.GD.ZS,2015,0.594129979610443
Turkiye,TUR,Research and development expenditure (% of GDP),GB.XPD.RSDV.GD.ZS,2015,0.967320024967194
Ukraine,UKR,Research and development expenditure (% of GDP),GB.XPD.RSDV.GD.ZS,2015,0.614769995212555
Upper middle income,UMC,Research and development expenditure (% of GDP),GB.XPD.RSDV.GD.ZS,2015,1.53806258681412
Uruguay,URY,Research and development expenditure (% of GDP),GB.XPD.RSDV.GD.ZS,2015,0.351090013980865
United States,USA,Research and development expenditure (% of GDP),GB.XPD.RSDV.GD.ZS,2015,2.77327990531921
Uzbekistan,UZB,Research and development expenditure (% of GDP),GB.XPD.RSDV.GD.ZS,2015,0.164969995617867
Venezuela, RB,Research and development expenditure (% of GDP),GB.XPD.RSDV.GD.ZS,2015,0.439999997615814
Viet Nam,VNM,Research and development expenditure (% of GDP),GB.XPD.RSDV.GD.ZS,2015,0.356290012598038
World,WLD,Research and development expenditure (% of GDP),GB.XPD.RSDV.GD.ZS,2015,2.1179175877452
South Africa,ZAF,Research and development expenditure (% of GDP),GB.XPD.RSDV.GD.ZS,2015,0.731469988822937
Angola,AGO,Research and development expenditure (% of GDP),GB.XPD.RSDV.GD.ZS,2016,0.0322900004684925
United Arab Emirates,ARE,Research and development expenditure (% of GDP),GB.XPD.RSDV.GD.ZS,2016,0.931800007820129
Argentina,ARG,Research and development expenditure (% of GDP),GB.XPD.RSDV.GD.ZS,2016,0.558149993419647
Armenia,ARM,Research and development expenditure (% of GDP),GB.XPD.RSDV.GD.ZS,2016,0.233050003647804
Austria,AUT,Research and development expenditure (% of GDP),GB.XPD.RSDV.GD.ZS,2016,3.11654996871948
Azerbaijan,AZE,Research and development expenditure (% of GDP),GB.XPD.RSDV.GD.ZS,2016,0.206369996070862
Belgium,BEL,Research and development expenditure (% of GDP),GB.XPD.RSDV.GD.ZS,2016,2.52338004112244
Bulgaria,BGR,Research and development expenditure (% of GDP),GB.XPD.RSDV.GD.ZS,2016,0.770089983940125
Bosnia and Herzegovina,BIH,Research and development expenditure (% of GDP),GB.XPD.RSDV.GD.ZS,2016,0.213369995355606
Belarus,BLR,Research and development expenditure (% of GDP),GB.XPD.RSDV.GD.ZS,2016,0.500630021095276
Brazil,BRA,Research and development expenditure (% of GDP),GB.XPD.RSDV.GD.ZS,2016,1.28637003898621
Canada,CAN,Research and development expenditure (% of GDP),GB.XPD.RSDV.GD.ZS,2016,1.72903001308441
Central Europe and the Baltics,CEB,Research and development expenditure (% of GDP),GB.XPD.RSDV.GD.ZS,2016,1.0264264689268
Chile,CHL,Research and development expenditure (% of GDP),GB.XPD.RSDV.GD.ZS,2016,0.371030002832413
China,CHN,Research and development expenditure (% of GDP),GB.XPD.RSDV.GD.ZS,2016,2.10033011436462
Cote d'Ivoire,CIV,Research and development expenditure (% of GDP),GB.XPD.RSDV.GD.ZS,2016,0.069750003516674
Colombia,COL,Research and development expenditure (% of GDP),GB.XPD.RSDV.GD.ZS,2016,0.270509988069534
Costa Rica,CRI,Research and development expenditure (% of GDP),GB.XPD.RSDV.GD.ZS,2016,0.443349987268448
Cuba,CUB,Research and development expenditure (% of GDP),GB.XPD.RSDV.GD.ZS,2016,0.34222999215126
Cyprus,CYP,Research and development expenditure (% of GDP),GB.XPD.RSDV.GD.ZS,2016,0.519699990749359
Czechia,CZE,Research and development expenditure (% of GDP),GB.XPD.RSDV.GD.ZS,2016,1.67002999782562
Germany,DEU,Research and development expenditure (% of GDP),GB.XPD.RSDV.GD.ZS,2016,2.94039011001587
Denmark,DNK,Research and development expenditure (% of GDP),GB.XPD.RSDV.GD.ZS,2016,3.09282994270325
East Asia & Pacific (excluding high income),EAP,Research and development expenditure (% of GDP),GB.XPD.RSDV.GD.ZS,2016,1.90315412947133
Early-demographic dividend,EAR,Research and development expenditure (% of GDP),GB.XPD.RSDV.GD.ZS,2016,0.753508216995467
East Asia & Pacific,EAS,Research and development expenditure (% of GDP),GB.XPD.RSDV.GD.ZS,2016,2.33943838867397
Europe & Central Asia (excluding high income),ECA,Research and development expenditure (% of GDP),GB.XPD.RSDV.GD.ZS,2016,0.801488338553966
Europe & Central Asia,ECS,Research and development expenditure (% of GDP),GB.XPD.RSDV.GD.ZS,2016,1.98472489921346
Egypt, Arab Rep.,Research and development expenditure (% of GDP),GB.XPD.RSDV.GD.ZS,2016,0.708480000495911
Euro area,EMU,Research and development expenditure (% of GDP),GB.XPD.RSDV.GD.ZS,2016,2.13919843472745
Spain,ESP,Research and development expenditure (% of GDP),GB.XPD.RSDV.GD.ZS,2016,1.18985998630524
Estonia,EST,Research and development expenditure (% of GDP),GB.XPD.RSDV.GD.ZS,2016,1.24305999279022
European Union,EUU,Research and development expenditure (% of GDP),GB.XPD.RSDV.GD.ZS,2016,2.11899123949755
Finland,FIN,Research and development expenditure (% of GDP),GB.XPD.RSDV.GD.ZS,2016,2.72442007064819
France,FRA,Research and development expenditure (% of GDP),GB.XPD.RSDV.GD.ZS,2016,2.22237992286682
United Kingdom,GBR,Research and development expenditure (% of GDP),GB.XPD.RSDV.GD.ZS,2016,2.32051992416382
Georgia,GEO,Research and development expenditure (% of GDP),GB.XPD.RSDV.GD.ZS,2016,0.280250012874603
Greece,GRC,Research and development expenditure (% of GDP),GB.XPD.RSDV.GD.ZS,2016,1.00529003143311
Guatemala,GTM,Research and development expenditure (% of GDP),GB.XPD.RSDV.GD.ZS,2016,0.0231100004166365
High income,HIC,Research and development expenditure (% of GDP),GB.XPD.RSDV.GD.ZS,2016,2.51389638266121
Hong Kong SAR, China,Research and development expenditure (% of GDP),GB.XPD.RSDV.GD.ZS,2016,0.791499972343445
Croatia,HRV,Research and development expenditure (% of GDP),GB.XPD.RSDV.GD.ZS,2016,0.844330012798309
Hungary,HUN,Research and development expenditure (% of GDP),GB.XPD.RSDV.GD.ZS,2016,1.1798700094223
IBRD only,IBD,Research and development expenditure (% of GDP),GB.XPD.RSDV.GD.ZS,2016,1.37795606905986
IDA & IBRD total,IBT,Research and development expenditure (% of GDP),GB.XPD.RSDV.GD.ZS,2016,1.36328991395121
Indonesia,IDN,Research and development expenditure (% of GDP),GB.XPD.RSDV.GD.ZS,2016,0.245350003242493
India,IND,Research and development expenditure (% of GDP),GB.XPD.RSDV.GD.ZS,2016,0.669839978218079
Ireland,IRL,Research and development expenditure (% of GDP),GB.XPD.RSDV.GD.ZS,2016,1.17716002464294
Iraq,IRQ,Research and development expenditure (% of GDP),GB.XPD.RSDV.GD.ZS,2016,0.0373700000345707
Iceland,ISL,Research and development expenditure (% of GDP),GB.XPD.RSDV.GD.ZS,2016,2.11011004447937
Israel,ISR,Research and development expenditure (% of GDP),GB.XPD.RSDV.GD.ZS,2016,4.58822011947632
Italy,ITA,Research and development expenditure (% of GDP),GB.XPD.RSDV.GD.ZS,2016,1.36642003059387
Jordan,JOR,Research and development expenditure (% of GDP),GB.XPD.RSDV.GD.ZS,2016,0.695469975471497
Japan,JPN,Research and development expenditure (% of GDP),GB.XPD.RSDV.GD.ZS,2016,3.10665988922119
Kazakhstan,KAZ,Research and development expenditure (% of GDP),GB.XPD.RSDV.GD.ZS,2016,0.141790002584457
Kyrgyz Republic,KGZ,Research and development expenditure (% of GDP),GB.XPD.RSDV.GD.ZS,2016,0.111210003495216
Korea, Rep.,Research and development expenditure (% of GDP),GB.XPD.RSDV.GD.ZS,2016,3.9870400428772
Kuwait,KWT,Research and development expenditure (% of GDP),GB.XPD.RSDV.GD.ZS,2016,0.0798500031232834
Latin America & Caribbean (excluding high income),LAC,Research and development expenditure (% of GDP),GB.XPD.RSDV.GD.ZS,2016,0.760192838053039
Latin America & Caribbean,LCN,Research and development expenditure (% of GDP),GB.XPD.RSDV.GD.ZS,2016,0.722696240124724
Sri Lanka,LKA,Research and development expenditure (% of GDP),GB.XPD.RSDV.GD.ZS,2016,0.120339997112751
Low & middle income,LMY,Research and development expenditure (% of GDP),GB.XPD.RSDV.GD.ZS,2016,1.41143139732071
Late-demographic dividend,LTE,Research and development expenditure (% of GDP),GB.XPD.RSDV.GD.ZS,2016,1.67526898822927
Lithuania,LTU,Research and development expenditure (% of GDP),GB.XPD.RSDV.GD.ZS,2016,0.842410027980804
Luxembourg,LUX,Research and development expenditure (% of GDP),GB.XPD.RSDV.GD.ZS,2016,1.26689994335175
Latvia,LVA,Research and development expenditure (% of GDP),GB.XPD.RSDV.GD.ZS,2016,0.435140013694763
Macao SAR, China,Research and development expenditure (% of GDP),GB.XPD.RSDV.GD.ZS,2016,0.234919995069504
Moldova,MDA,Research and development expenditure (% of GDP),GB.XPD.RSDV.GD.ZS,2016,0.280039995908737
Madagascar,MDG,Research and development expenditure (% of GDP),GB.XPD.RSDV.GD.ZS,2016,0.012640000320971
Mexico,MEX,Research and development expenditure (% of GDP),GB.XPD.RSDV.GD.ZS,2016,0.376010000705719
Middle income,MIC,Research and development expenditure (% of GDP),GB.XPD.RSDV.GD.ZS,2016,1.41299940074239
North Macedonia,MKD,Research and development expenditure (% of GDP),GB.XPD.RSDV.GD.ZS,2016,0.435849994421005
Malta,MLT,Research and development expenditure (% of GDP),GB.XPD.RSDV.GD.ZS,2016,0.55689001083374
Montenegro,MNE,Research and development expenditure (% of GDP),GB.XPD.RSDV.GD.ZS,2016,0.324539989233017
Mongolia,MNG,Research and development expenditure (% of GDP),GB.XPD.RSDV.GD.ZS,2016,0.183449998497963
Malaysia,MYS,Research and development expenditure (% of GDP),GB.XPD.RSDV.GD.ZS,2016,1.41516995429993
North America,NAC,Research and development expenditure (% of GDP),GB.XPD.RSDV.GD.ZS,2016,2.75351540027586
Netherlands,NLD,Research and development expenditure (% of GDP),GB.XPD.RSDV.GD.ZS,2016,2.15081000328064
Norway,NOR,Research and development expenditure (% of GDP),GB.XPD.RSDV.GD.ZS,2016,2.032870054245
OECD members,OED,Research and development expenditure (% of GDP),GB.XPD.RSDV.GD.ZS,2016,2.51870749772938
Oman,OMN,Research and development expenditure (% of GDP),GB.XPD.RSDV.GD.ZS,2016,0.226909995079041
Panama,PAN,Research and development expenditure (% of GDP),GB.XPD.RSDV.GD.ZS,2016,0.132400006055832
Peru,PER,Research and development expenditure (% of GDP),GB.XPD.RSDV.GD.ZS,2016,0.120080001652241
Papua New Guinea,PNG,Research and development expenditure (% of GDP),GB.XPD.RSDV.GD.ZS,2016,0.031580001115799
Poland,POL,Research and development expenditure (% of GDP),GB.XPD.RSDV.GD.ZS,2016,0.968209981918335
Portugal,PRT,Research and development expenditure (% of GDP),GB.XPD.RSDV.GD.ZS,2016,1.28075003623962
Paraguay,PRY,Research and development expenditure (% of GDP),GB.XPD.RSDV.GD.ZS,2016,0.11676000058651
Post-demographic dividend,PST,Research and development expenditure (% of GDP),GB.XPD.RSDV.GD.ZS,2016,2.61243320271842
Romania,ROU,Research and development expenditure (% of GDP),GB.XPD.RSDV.GD.ZS,2016,0.488640010356903
Russian Federation,RUS,Research and development expenditure (% of GDP),GB.XPD.RSDV.GD.ZS,2016,1.10238003730774
Rwanda,RWA,Research and development expenditure (% of GDP),GB.XPD.RSDV.GD.ZS,2016,0.6494500041008
South Asia,SAS,Research and development expenditure (% of GDP),GB.XPD.RSDV.GD.ZS,2016,0.649543452562021
Singapore,SGP,Research and development expenditure (% of GDP),GB.XPD.RSDV.GD.ZS,2016,2.07276010513306
El Salvador,SLV,Research and development expenditure (% of GDP),GB.XPD.RSDV.GD.ZS,2016,0.144930005073547
Serbia,SRB,Research and development expenditure (% of GDP),GB.XPD.RSDV.GD.ZS,2016,0.838220000267029
Slovak Republic,SVK,Research and development expenditure (% of GDP),GB.XPD.RSDV.GD.ZS,2016,0.788569986820221
Slovenia,SVN,Research and development expenditure (% of GDP),GB.XPD.RSDV.GD.ZS,2016,2.00763988494873
Sweden,SWE,Research and development expenditure (% of GDP),GB.XPD.RSDV.GD.ZS,2016,3.24735999107361
Seychelles,SYC,Research and development expenditure (% of GDP),GB.XPD.RSDV.GD.ZS,2016,0.201700001955032
Chad,TCD,Research and development expenditure (% of GDP),GB.XPD.RSDV.GD.ZS,2016,0.300500005483627
East Asia & Pacific (IDA & IBRD countries),TEA,Research and development expenditure (% of GDP),GB.XPD.RSDV.GD.ZS,2016,1.90315412947133
Europe & Central Asia (IDA & IBRD countries),TEC,Research and development expenditure (% of GDP),GB.XPD.RSDV.GD.ZS,2016,0.918317494385818
Thailand,THA,Research and development expenditure (% of GDP),GB.XPD.RSDV.GD.ZS,2016,0.778289973735809
Tajikistan,TJK,Research and development expenditure (% of GDP),GB.XPD.RSDV.GD.ZS,2016,0.106219999492168
Turkmenistan,TKM,Research and development expenditure (% of GDP),GB.XPD.RSDV.GD.ZS,2016,0.159999996423721
Latin America & the Caribbean (IDA & IBRD countries),TLA,Research and development expenditure (% of GDP),GB.XPD.RSDV.GD.ZS,2016,0.730394796396034
South Asia (IDA & IBRD),TSA,Research and development expenditure (% of GDP),GB.XPD.RSDV.GD.ZS,2016,0.649543452562021
Trinidad and Tobago,TTO,Research and development expenditure (% of GDP),GB.XPD.RSDV.GD.ZS,2016,0.0862599983811378
Tunisia,TUN,Research and development expenditure (% of GDP),GB.XPD.RSDV.GD.ZS,2016,0.56538999080658
Turkiye,TUR,Research and development expenditure (% of GDP),GB.XPD.RSDV.GD.ZS,2016,1.11978995800018
Ukraine,UKR,Research and development expenditure (% of GDP),GB.XPD.RSDV.GD.ZS,2016,0.483390003442764
Upper middle income,UMC,Research and development expenditure (% of GDP),GB.XPD.RSDV.GD.ZS,2016,1.54037555602112
Uruguay,URY,Research and development expenditure (% of GDP),GB.XPD.RSDV.GD.ZS,2016,0.373910009860992
United States,USA,Research and development expenditure (% of GDP),GB.XPD.RSDV.GD.ZS,2016,2.8367600440979
Uzbekistan,UZB,Research and development expenditure (% of GDP),GB.XPD.RSDV.GD.ZS,2016,0.172380000352859
Venezuela, RB,Research and development expenditure (% of GDP),GB.XPD.RSDV.GD.ZS,2016,0.689999997615814
World,WLD,Research and development expenditure (% of GDP),GB.XPD.RSDV.GD.ZS,2016,2.16328924925893
South Africa,ZAF,Research and development expenditure (% of GDP),GB.XPD.RSDV.GD.ZS,2016,0.749920010566711
Argentina,ARG,Research and development expenditure (% of GDP),GB.XPD.RSDV.GD.ZS,2017,0.556309998035431
Armenia,ARM,Research and development expenditure (% of GDP),GB.XPD.RSDV.GD.ZS,2017,0.227880001068115
Australia,AUS,Research and development expenditure (% of GDP),GB.XPD.RSDV.GD.ZS,2017,1.87918996810913
Austria,AUT,Research and development expenditure (% of GDP),GB.XPD.RSDV.GD.ZS,2017,3.05656003952026
Azerbaijan,AZE,Research and development expenditure (% of GDP),GB.XPD.RSDV.GD.ZS,2017,0.184679999947548
Belgium,BEL,Research and development expenditure (% of GDP),GB.XPD.RSDV.GD.ZS,2017,2.66666007041931
Burkina Faso,BFA,Research and development expenditure (% of GDP),GB.XPD.RSDV.GD.ZS,2017,0.613610029220581
Bulgaria,BGR,Research and development expenditure (% of GDP),GB.XPD.RSDV.GD.ZS,2017,0.740369975566864
Bosnia and Herzegovina,BIH,Research and development expenditure (% of GDP),GB.XPD.RSDV.GD.ZS,2017,0.197799995541573
Belarus,BLR,Research and development expenditure (% of GDP),GB.XPD.RSDV.GD.ZS,2017,0.584110021591187
Brazil,BRA,Research and development expenditure (% of GDP),GB.XPD.RSDV.GD.ZS,2017,1.11749994754791
Canada,CAN,Research and development expenditure (% of GDP),GB.XPD.RSDV.GD.ZS,2017,1.68701994419098
Central Europe and the Baltics,CEB,Research and development expenditure (% of GDP),GB.XPD.RSDV.GD.ZS,2017,1.08627074721715
Switzerland,CHE,Research and development expenditure (% of GDP),GB.XPD.RSDV.GD.ZS,2017,3.07698011398315
Chile,CHL,Research and development expenditure (% of GDP),GB.XPD.RSDV.GD.ZS,2017,0.356790006160736
China,CHN,Research and development expenditure (% of GDP),GB.XPD.RSDV.GD.ZS,2017,2.11602997779846
Colombia,COL,Research and development expenditure (% of GDP),GB.XPD.RSDV.GD.ZS,2017,0.261090010404587
Costa Rica,CRI,Research and development expenditure (% of GDP),GB.XPD.RSDV.GD.ZS,2017,0.425870001316071
Cuba,CUB,Research and development expenditure (% of GDP),GB.XPD.RSDV.GD.ZS,2017,0.430660009384155
Cyprus,CYP,Research and development expenditure (% of GDP),GB.XPD.RSDV.GD.ZS,2017,0.542590022087097
Czechia,CZE,Research and development expenditure (% of GDP),GB.XPD.RSDV.GD.ZS,2017,1.76855003833771
Germany,DEU,Research and development expenditure (% of GDP),GB.XPD.RSDV.GD.ZS,2017,3.04710006713867
Denmark,DNK,Research and development expenditure (% of GDP),GB.XPD.RSDV.GD.ZS,2017,2.93124008178711
Algeria,DZA,Research and development expenditure (% of GDP),GB.XPD.RSDV.GD.ZS,2017,0.478650003671646
East Asia & Pacific (excluding high income),EAP,Research and development expenditure (% of GDP),GB.XPD.RSDV.GD.ZS,2017,1.90008607240273
Early-demographic dividend,EAR,Research and development expenditure (% of GDP),GB.XPD.RSDV.GD.ZS,2017,0.719793241117573
East Asia & Pacific,EAS,Research and development expenditure (% of GDP),GB.XPD.RSDV.GD.ZS,2017,2.31527933123785
Europe & Central Asia (excluding high income),ECA,Research and development expenditure (% of GDP),GB.XPD.RSDV.GD.ZS,2017,0.811015205842493
Europe & Central Asia,ECS,Research and development expenditure (% of GDP),GB.XPD.RSDV.GD.ZS,2017,2.03749520841125
Egypt, Arab Rep.,Research and development expenditure (% of GDP),GB.XPD.RSDV.GD.ZS,2017,0.644860029220581
Euro area,EMU,Research and development expenditure (% of GDP),GB.XPD.RSDV.GD.ZS,2017,2.17889432289336
Spain,ESP,Research and development expenditure (% of GDP),GB.XPD.RSDV.GD.ZS,2017,1.20976996421814
Estonia,EST,Research and development expenditure (% of GDP),GB.XPD.RSDV.GD.ZS,2017,1.27684998512268
Ethiopia,ETH,Research and development expenditure (% of GDP),GB.XPD.RSDV.GD.ZS,2017,0.274370014667511
European Union,EUU,Research and development expenditure (% of GDP),GB.XPD.RSDV.GD.ZS,2017,2.15403467825397
Finland,FIN,Research and development expenditure (% of GDP),GB.XPD.RSDV.GD.ZS,2017,2.72786998748779
France,FRA,Research and development expenditure (% of GDP),GB.XPD.RSDV.GD.ZS,2017,2.1988799571991
United Kingdom,GBR,Research and development expenditure (% of GDP),GB.XPD.RSDV.GD.ZS,2017,2.32602000236511
Georgia,GEO,Research and development expenditure (% of GDP),GB.XPD.RSDV.GD.ZS,2017,0.266449987888336
Greece,GRC,Research and development expenditure (% of GDP),GB.XPD.RSDV.GD.ZS,2017,1.15227997303009
Guatemala,GTM,Research and development expenditure (% of GDP),GB.XPD.RSDV.GD.ZS,2017,0.0295499991625547
High income,HIC,Research and development expenditure (% of GDP),GB.XPD.RSDV.GD.ZS,2017,2.54354110160744
Hong Kong SAR, China,Research and development expenditure (% of GDP),GB.XPD.RSDV.GD.ZS,2017,0.835189998149872
Honduras,HND,Research and development expenditure (% of GDP),GB.XPD.RSDV.GD.ZS,2017,0.0399399995803833
Croatia,HRV,Research and development expenditure (% of GDP),GB.XPD.RSDV.GD.ZS,2017,0.841499984264374
Hungary,HUN,Research and development expenditure (% of GDP),GB.XPD.RSDV.GD.ZS,2017,1.3170200586319
IBRD only,IBD,Research and development expenditure (% of GDP),GB.XPD.RSDV.GD.ZS,2017,1.34822150218373
IDA & IBRD total,IBT,Research and development expenditure (% of GDP),GB.XPD.RSDV.GD.ZS,2017,1.31761400755359
Indonesia,IDN,Research and development expenditure (% of GDP),GB.XPD.RSDV.GD.ZS,2017,0.238049998879433
India,IND,Research and development expenditure (% of GDP),GB.XPD.RSDV.GD.ZS,2017,0.666029989719391
Ireland,IRL,Research and development expenditure (% of GDP),GB.XPD.RSDV.GD.ZS,2017,1.24865996837616
Iran, Islamic Rep.,Research and development expenditure (% of GDP),GB.XPD.RSDV.GD.ZS,2017,0.759829998016357
Iraq,IRQ,Research and development expenditure (% of GDP),GB.XPD.RSDV.GD.ZS,2017,0.0459600016474724
Iceland,ISL,Research and development expenditure (% of GDP),GB.XPD.RSDV.GD.ZS,2017,2.0836501121521
Israel,ISR,Research and development expenditure (% of GDP),GB.XPD.RSDV.GD.ZS,2017,4.74306011199951
Italy,ITA,Research and development expenditure (% of GDP),GB.XPD.RSDV.GD.ZS,2017,1.37012994289398
Japan,JPN,Research and development expenditure (% of GDP),GB.XPD.RSDV.GD.ZS,2017,3.16635990142822
Kazakhstan,KAZ,Research and development expenditure (% of GDP),GB.XPD.RSDV.GD.ZS,2017,0.126670002937317
Kyrgyz Republic,KGZ,Research and development expenditure (% of GDP),GB.XPD.RSDV.GD.ZS,2017,0.107069998979568
Korea, Rep.,Research and development expenditure (% of GDP),GB.XPD.RSDV.GD.ZS,2017,4.29205989837646
Kuwait,KWT,Research and development expenditure (% of GDP),GB.XPD.RSDV.GD.ZS,2017,0.0803999975323677
Latin America & Caribbean (excluding high income),LAC,Research and development expenditure (% of GDP),GB.XPD.RSDV.GD.ZS,2017,0.682370079603491
Latin America & Caribbean,LCN,Research and development expenditure (% of GDP),GB.XPD.RSDV.GD.ZS,2017,0.652333670743791
Sri Lanka,LKA,Research and development expenditure (% of GDP),GB.XPD.RSDV.GD.ZS,2017,0.118179999291897
Lower middle income,LMC,Research and development expenditure (% of GDP),GB.XPD.RSDV.GD.ZS,2017,0.566850097563038
Low & middle income,LMY,Research and development expenditure (% of GDP),GB.XPD.RSDV.GD.ZS,2017,1.35936939341055
Late-demographic dividend,LTE,Research and development expenditure (% of GDP),GB.XPD.RSDV.GD.ZS,2017,1.66897139816076
Lithuania,LTU,Research and development expenditure (% of GDP),GB.XPD.RSDV.GD.ZS,2017,0.896260023117065
Luxembourg,LUX,Research and development expenditure (% of GDP),GB.XPD.RSDV.GD.ZS,2017,1.23898005485535
Latvia,LVA,Research and development expenditure (% of GDP),GB.XPD.RSDV.GD.ZS,2017,0.511039972305298
Macao SAR, China,Research and development expenditure (% of GDP),GB.XPD.RSDV.GD.ZS,2017,0.172099992632866
Moldova,MDA,Research and development expenditure (% of GDP),GB.XPD.RSDV.GD.ZS,2017,0.257889986038208
Madagascar,MDG,Research and development expenditure (% of GDP),GB.XPD.RSDV.GD.ZS,2017,0.0127499997615814
Mexico,MEX,Research and development expenditure (% of GDP),GB.XPD.RSDV.GD.ZS,2017,0.319550007581711
Middle income,MIC,Research and development expenditure (% of GDP),GB.XPD.RSDV.GD.ZS,2017,1.36470707926729
North Macedonia,MKD,Research and development expenditure (% of GDP),GB.XPD.RSDV.GD.ZS,2017,0.354389995336533
Mali,MLI,Research and development expenditure (% of GDP),GB.XPD.RSDV.GD.ZS,2017,0.291979998350143
Malta,MLT,Research and development expenditure (% of GDP),GB.XPD.RSDV.GD.ZS,2017,0.552320003509521
Myanmar,MMR,Research and development expenditure (% of GDP),GB.XPD.RSDV.GD.ZS,2017,0.0321800000965595
Middle East & North Africa (excluding high income),MNA,Research and development expenditure (% of GDP),GB.XPD.RSDV.GD.ZS,2017,0.571260420879059
Montenegro,MNE,Research and development expenditure (% of GDP),GB.XPD.RSDV.GD.ZS,2017,0.348980009555817
Mongolia,MNG,Research and development expenditure (% of GDP),GB.XPD.RSDV.GD.ZS,2017,0.134200006723404
Mauritius,MUS,Research and development expenditure (% of GDP),GB.XPD.RSDV.GD.ZS,2017,0.354229986667633
North America,NAC,Research and development expenditure (% of GDP),GB.XPD.RSDV.GD.ZS,2017,2.79075236954305
Netherlands,NLD,Research and development expenditure (% of GDP),GB.XPD.RSDV.GD.ZS,2017,2.17857003211975
Norway,NOR,Research and development expenditure (% of GDP),GB.XPD.RSDV.GD.ZS,2017,2.08167004585266
New Zealand,NZL,Research and development expenditure (% of GDP),GB.XPD.RSDV.GD.ZS,2017,1.34905004501343
OECD members,OED,Research and development expenditure (% of GDP),GB.XPD.RSDV.GD.ZS,2017,2.54473539759867
Oman,OMN,Research and development expenditure (% of GDP),GB.XPD.RSDV.GD.ZS,2017,0.199249997735023
Pakistan,PAK,Research and development expenditure (% of GDP),GB.XPD.RSDV.GD.ZS,2017,0.212139993906021
Panama,PAN,Research and development expenditure (% of GDP),GB.XPD.RSDV.GD.ZS,2017,0.135299995541573
Peru,PER,Research and development expenditure (% of GDP),GB.XPD.RSDV.GD.ZS,2017,0.120849996805191
Poland,POL,Research and development expenditure (% of GDP),GB.XPD.RSDV.GD.ZS,2017,1.03785002231598
Portugal,PRT,Research and development expenditure (% of GDP),GB.XPD.RSDV.GD.ZS,2017,1.3192800283432
Paraguay,PRY,Research and development expenditure (% of GDP),GB.XPD.RSDV.GD.ZS,2017,0.148880004882812
Post-demographic dividend,PST,Research and development expenditure (% of GDP),GB.XPD.RSDV.GD.ZS,2017,2.63378712759717
Romania,ROU,Research and development expenditure (% of GDP),GB.XPD.RSDV.GD.ZS,2017,0.506929993629456
Russian Federation,RUS,Research and development expenditure (% of GDP),GB.XPD.RSDV.GD.ZS,2017,1.10967004299164
South Asia,SAS,Research and development expenditure (% of GDP),GB.XPD.RSDV.GD.ZS,2017,0.599364743639285
Singapore,SGP,Research and development expenditure (% of GDP),GB.XPD.RSDV.GD.ZS,2017,1.899129986763
El Salvador,SLV,Research and development expenditure (% of GDP),GB.XPD.RSDV.GD.ZS,2017,0.180779993534088
Serbia,SRB,Research and development expenditure (% of GDP),GB.XPD.RSDV.GD.ZS,2017,0.872380018234253
Slovak Republic,SVK,Research and development expenditure (% of GDP),GB.XPD.RSDV.GD.ZS,2017,0.884559988975525
Slovenia,SVN,Research and development expenditure (% of GDP),GB.XPD.RSDV.GD.ZS,2017,1.86530005931854
Sweden,SWE,Research and development expenditure (% of GDP),GB.XPD.RSDV.GD.ZS,2017,3.36279010772705
East Asia & Pacific (IDA & IBRD countries),TEA,Research and development expenditure (% of GDP),GB.XPD.RSDV.GD.ZS,2017,1.90008607240273
Europe & Central Asia (IDA & IBRD countries),TEC,Research and development expenditure (% of GDP),GB.XPD.RSDV.GD.ZS,2017,0.945187927406263
Thailand,THA,Research and development expenditure (% of GDP),GB.XPD.RSDV.GD.ZS,2017,1.00165998935699
Tajikistan,TJK,Research and development expenditure (% of GDP),GB.XPD.RSDV.GD.ZS,2017,0.109569996595383
Turkmenistan,TKM,Research and development expenditure (% of GDP),GB.XPD.RSDV.GD.ZS,2017,0.0900000035762787
Latin America & the Caribbean (IDA & IBRD countries),TLA,Research and development expenditure (% of GDP),GB.XPD.RSDV.GD.ZS,2017,0.656568610130933
Middle East & North Africa (IDA & IBRD countries),TMN,Research and development expenditure (% of GDP),GB.XPD.RSDV.GD.ZS,2017,0.571260420879059
South Asia (IDA & IBRD),TSA,Research and development expenditure (% of GDP),GB.XPD.RSDV.GD.ZS,2017,0.599364743639285
Trinidad and Tobago,TTO,Research and development expenditure (% of GDP),GB.XPD.RSDV.GD.ZS,2017,0.0851899981498718
Tunisia,TUN,Research and development expenditure (% of GDP),GB.XPD.RSDV.GD.ZS,2017,0.699540019035339
Turkiye,TUR,Research and development expenditure (% of GDP),GB.XPD.RSDV.GD.ZS,2017,1.17631995677948
Ukraine,UKR,Research and development expenditure (% of GDP),GB.XPD.RSDV.GD.ZS,2017,0.448790013790131
Upper middle income,UMC,Research and development expenditure (% of GDP),GB.XPD.RSDV.GD.ZS,2017,1.50917124051089
Uruguay,URY,Research and development expenditure (% of GDP),GB.XPD.RSDV.GD.ZS,2017,0.440519988536835
United States,USA,Research and development expenditure (% of GDP),GB.XPD.RSDV.GD.ZS,2017,2.88356995582581
Uzbekistan,UZB,Research and development expenditure (% of GDP),GB.XPD.RSDV.GD.ZS,2017,0.148340001702309
Viet Nam,VNM,Research and development expenditure (% of GDP),GB.XPD.RSDV.GD.ZS,2017,0.418949991464615
World,WLD,Research and development expenditure (% of GDP),GB.XPD.RSDV.GD.ZS,2017,2.15444009213584
South Africa,ZAF,Research and development expenditure (% of GDP),GB.XPD.RSDV.GD.ZS,2017,0.762570023536682
United Arab Emirates,ARE,Research and development expenditure (% of GDP),GB.XPD.RSDV.GD.ZS,2018,1.26389002799988
Argentina,ARG,Research and development expenditure (% of GDP),GB.XPD.RSDV.GD.ZS,2018,0.488299995660782
Armenia,ARM,Research and development expenditure (% of GDP),GB.XPD.RSDV.GD.ZS,2018,0.188759997487068
Austria,AUT,Research and development expenditure (% of GDP),GB.XPD.RSDV.GD.ZS,2018,3.09182000160217
Azerbaijan,AZE,Research and development expenditure (% of GDP),GB.XPD.RSDV.GD.ZS,2018,0.184159994125366
Burundi,BDI,Research and development expenditure (% of GDP),GB.XPD.RSDV.GD.ZS,2018,0.213119998574257
Belgium,BEL,Research and development expenditure (% of GDP),GB.XPD.RSDV.GD.ZS,2018,2.86017990112305
Bulgaria,BGR,Research and development expenditure (% of GDP),GB.XPD.RSDV.GD.ZS,2018,0.754130005836487
Bosnia and Herzegovina,BIH,Research and development expenditure (% of GDP),GB.XPD.RSDV.GD.ZS,2018,0.191990002989769
Belarus,BLR,Research and development expenditure (% of GDP),GB.XPD.RSDV.GD.ZS,2018,0.604430019855499
Bermuda,BMU,Research and development expenditure (% of GDP),GB.XPD.RSDV.GD.ZS,2018,0.22851000726223
Brazil,BRA,Research and development expenditure (% of GDP),GB.XPD.RSDV.GD.ZS,2018,1.16769003868103
Brunei Darussalam,BRN,Research and development expenditure (% of GDP),GB.XPD.RSDV.GD.ZS,2018,0.277640014886856
Canada,CAN,Research and development expenditure (% of GDP),GB.XPD.RSDV.GD.ZS,2018,1.73720002174377
Central Europe and the Baltics,CEB,Research and development expenditure (% of GDP),GB.XPD.RSDV.GD.ZS,2018,1.19246496138479
Chile,CHL,Research and development expenditure (% of GDP),GB.XPD.RSDV.GD.ZS,2018,0.369159996509552
China,CHN,Research and development expenditure (% of GDP),GB.XPD.RSDV.GD.ZS,2018,2.14057993888855
Colombia,COL,Research and development expenditure (% of GDP),GB.XPD.RSDV.GD.ZS,2018,0.312330007553101
Costa Rica,CRI,Research and development expenditure (% of GDP),GB.XPD.RSDV.GD.ZS,2018,0.3714399933815
Cuba,CUB,Research and development expenditure (% of GDP),GB.XPD.RSDV.GD.ZS,2018,0.536909997463226
Cyprus,CYP,Research and development expenditure (% of GDP),GB.XPD.RSDV.GD.ZS,2018,0.614049971103668
Czechia,CZE,Research and development expenditure (% of GDP),GB.XPD.RSDV.GD.ZS,2018,1.89906001091003
Germany,DEU,Research and development expenditure (% of GDP),GB.XPD.RSDV.GD.ZS,2018,3.11011004447937
Denmark,DNK,Research and development expenditure (% of GDP),GB.XPD.RSDV.GD.ZS,2018,2.96602988243103
East Asia & Pacific (excluding high income),EAP,Research and development expenditure (% of GDP),GB.XPD.RSDV.GD.ZS,2018,1.91205239752293
Early-demographic dividend,EAR,Research and development expenditure (% of GDP),GB.XPD.RSDV.GD.ZS,2018,0.735393198598237
East Asia & Pacific,EAS,Research and development expenditure (% of GDP),GB.XPD.RSDV.GD.ZS,2018,2.35516240259177
Europe & Central Asia (excluding high income),ECA,Research and development expenditure (% of GDP),GB.XPD.RSDV.GD.ZS,2018,0.830287898810581
Europe & Central Asia,ECS,Research and development expenditure (% of GDP),GB.XPD.RSDV.GD.ZS,2018,2.07559390801627
Egypt, Arab Rep.,Research and development expenditure (% of GDP),GB.XPD.RSDV.GD.ZS,2018,0.688390016555786
Euro area,EMU,Research and development expenditure (% of GDP),GB.XPD.RSDV.GD.ZS,2018,2.2119159865087
Spain,ESP,Research and development expenditure (% of GDP),GB.XPD.RSDV.GD.ZS,2018,1.24151003360748
Estonia,EST,Research and development expenditure (% of GDP),GB.XPD.RSDV.GD.ZS,2018,1.40998995304108
European Union,EUU,Research and development expenditure (% of GDP),GB.XPD.RSDV.GD.ZS,2018,2.18552601814542
Finland,FIN,Research and development expenditure (% of GDP),GB.XPD.RSDV.GD.ZS,2018,2.75748991966248
France,FRA,Research and development expenditure (% of GDP),GB.XPD.RSDV.GD.ZS,2018,2.19666004180908
United Kingdom,GBR,Research and development expenditure (% of GDP),GB.XPD.RSDV.GD.ZS,2018,2.71124005317688
Georgia,GEO,Research and development expenditure (% of GDP),GB.XPD.RSDV.GD.ZS,2018,0.275730013847351
Gambia, The,Research and development expenditure (% of GDP),GB.XPD.RSDV.GD.ZS,2018,0.0693299993872643
Greece,GRC,Research and development expenditure (% of GDP),GB.XPD.RSDV.GD.ZS,2018,1.21370995044708
Guatemala,GTM,Research and development expenditure (% of GDP),GB.XPD.RSDV.GD.ZS,2018,0.0293799992650747
High income,HIC,Research and development expenditure (% of GDP),GB.XPD.RSDV.GD.ZS,2018,2.61775473373451
Hong Kong SAR, China,Research and development expenditure (% of GDP),GB.XPD.RSDV.GD.ZS,2018,0.863300025463104
Honduras,HND,Research and development expenditure (% of GDP),GB.XPD.RSDV.GD.ZS,2018,0.0639400035142899
Croatia,HRV,Research and development expenditure (% of GDP),GB.XPD.RSDV.GD.ZS,2018,0.943120002746582
Hungary,HUN,Research and development expenditure (% of GDP),GB.XPD.RSDV.GD.ZS,2018,1.50775003433228
IBRD only,IBD,Research and development expenditure (% of GDP),GB.XPD.RSDV.GD.ZS,2018,1.40263876631317
IDA & IBRD total,IBT,Research and development expenditure (% of GDP),GB.XPD.RSDV.GD.ZS,2018,1.39034516557086
Indonesia,IDN,Research and development expenditure (% of GDP),GB.XPD.RSDV.GD.ZS,2018,0.226319998502731
India,IND,Research and development expenditure (% of GDP),GB.XPD.RSDV.GD.ZS,2018,0.660009980201721
Ireland,IRL,Research and development expenditure (% of GDP),GB.XPD.RSDV.GD.ZS,2018,1.10697996616364
Iraq,IRQ,Research and development expenditure (% of GDP),GB.XPD.RSDV.GD.ZS,2018,0.0427899993956089
Iceland,ISL,Research and development expenditure (% of GDP),GB.XPD.RSDV.GD.ZS,2018,2.00080990791321
Israel,ISR,Research and development expenditure (% of GDP),GB.XPD.RSDV.GD.ZS,2018,4.91450977325439
Italy,ITA,Research and development expenditure (% of GDP),GB.XPD.RSDV.GD.ZS,2018,1.42443001270294
Japan,JPN,Research and development expenditure (% of GDP),GB.XPD.RSDV.GD.ZS,2018,3.21919989585876
Kazakhstan,KAZ,Research and development expenditure (% of GDP),GB.XPD.RSDV.GD.ZS,2018,0.116829998791218
Kyrgyz Republic,KGZ,Research and development expenditure (% of GDP),GB.XPD.RSDV.GD.ZS,2018,0.101070001721382
Korea, Rep.,Research and development expenditure (% of GDP),GB.XPD.RSDV.GD.ZS,2018,4.51632976531982
Kuwait,KWT,Research and development expenditure (% of GDP),GB.XPD.RSDV.GD.ZS,2018,0.0634900033473969
Latin America & Caribbean (excluding high income),LAC,Research and development expenditure (% of GDP),GB.XPD.RSDV.GD.ZS,2018,0.675109190902675
Latin America & Caribbean,LCN,Research and development expenditure (% of GDP),GB.XPD.RSDV.GD.ZS,2018,0.644778947781676
Sri Lanka,LKA,Research and development expenditure (% of GDP),GB.XPD.RSDV.GD.ZS,2018,0.119489997625351
Low & middle income,LMY,Research and development expenditure (% of GDP),GB.XPD.RSDV.GD.ZS,2018,1.44613550268667
Late-demographic dividend,LTE,Research and development expenditure (% of GDP),GB.XPD.RSDV.GD.ZS,2018,1.69288026935933
Lithuania,LTU,Research and development expenditure (% of GDP),GB.XPD.RSDV.GD.ZS,2018,0.936619997024536
Luxembourg,LUX,Research and development expenditure (% of GDP),GB.XPD.RSDV.GD.ZS,2018,1.17180001735687
Latvia,LVA,Research and development expenditure (% of GDP),GB.XPD.RSDV.GD.ZS,2018,0.638689994812012
Macao SAR, China,Research and development expenditure (% of GDP),GB.XPD.RSDV.GD.ZS,2018,0.201130002737045
Moldova,MDA,Research and development expenditure (% of GDP),GB.XPD.RSDV.GD.ZS,2018,0.256260007619858
Mexico,MEX,Research and development expenditure (% of GDP),GB.XPD.RSDV.GD.ZS,2018,0.29815998673439
Middle income,MIC,Research and development expenditure (% of GDP),GB.XPD.RSDV.GD.ZS,2018,1.44635034324506
North Macedonia,MKD,Research and development expenditure (% of GDP),GB.XPD.RSDV.GD.ZS,2018,0.363669991493225
Malta,MLT,Research and development expenditure (% of GDP),GB.XPD.RSDV.GD.ZS,2018,0.572109997272491
Myanmar,MMR,Research and development expenditure (% of GDP),GB.XPD.RSDV.GD.ZS,2018,0.0588099993765354
Montenegro,MNE,Research and development expenditure (% of GDP),GB.XPD.RSDV.GD.ZS,2018,0.503740012645721
Mongolia,MNG,Research and development expenditure (% of GDP),GB.XPD.RSDV.GD.ZS,2018,0.101609997451305
Mauritania,MRT,Research and development expenditure (% of GDP),GB.XPD.RSDV.GD.ZS,2018,0.0101899998262525
Mauritius,MUS,Research and development expenditure (% of GDP),GB.XPD.RSDV.GD.ZS,2018,0.333869993686676
Malaysia,MYS,Research and development expenditure (% of GDP),GB.XPD.RSDV.GD.ZS,2018,1.04025995731354
North America,NAC,Research and development expenditure (% of GDP),GB.XPD.RSDV.GD.ZS,2018,2.89298153309247
Netherlands,NLD,Research and development expenditure (% of GDP),GB.XPD.RSDV.GD.ZS,2018,2.13879990577698
Norway,NOR,Research and development expenditure (% of GDP),GB.XPD.RSDV.GD.ZS,2018,2.03482007980347
OECD members,OED,Research and development expenditure (% of GDP),GB.XPD.RSDV.GD.ZS,2018,2.65048006819991
Oman,OMN,Research and development expenditure (% of GDP),GB.XPD.RSDV.GD.ZS,2018,0.190310001373291
Other small states,OSS,Research and development expenditure (% of GDP),GB.XPD.RSDV.GD.ZS,2018,0.999116602922573
Panama,PAN,Research and development expenditure (% of GDP),GB.XPD.RSDV.GD.ZS,2018,0.133589997887611
Peru,PER,Research and development expenditure (% of GDP),GB.XPD.RSDV.GD.ZS,2018,0.126829996705055
Philippines,PHL,Research and development expenditure (% of GDP),GB.XPD.RSDV.GD.ZS,2018,0.322219997644424
Poland,POL,Research and development expenditure (% of GDP),GB.XPD.RSDV.GD.ZS,2018,1.20609998703003
Portugal,PRT,Research and development expenditure (% of GDP),GB.XPD.RSDV.GD.ZS,2018,1.3495500087738
Paraguay,PRY,Research and development expenditure (% of GDP),GB.XPD.RSDV.GD.ZS,2018,0.146840006113052
Post-demographic dividend,PST,Research and development expenditure (% of GDP),GB.XPD.RSDV.GD.ZS,2018,2.74444306648462
Qatar,QAT,Research and development expenditure (% of GDP),GB.XPD.RSDV.GD.ZS,2018,0.531289994716644
Romania,ROU,Research and development expenditure (% of GDP),GB.XPD.RSDV.GD.ZS,2018,0.49728998541832
Russian Federation,RUS,Research and development expenditure (% of GDP),GB.XPD.RSDV.GD.ZS,2018,0.990019977092743
South Asia,SAS,Research and development expenditure (% of GDP),GB.XPD.RSDV.GD.ZS,2018,0.64175181322042
Singapore,SGP,Research and development expenditure (% of GDP),GB.XPD.RSDV.GD.ZS,2018,1.80947005748749
El Salvador,SLV,Research and development expenditure (% of GDP),GB.XPD.RSDV.GD.ZS,2018,0.165309995412827
Serbia,SRB,Research and development expenditure (% of GDP),GB.XPD.RSDV.GD.ZS,2018,0.918910026550293
Slovak Republic,SVK,Research and development expenditure (% of GDP),GB.XPD.RSDV.GD.ZS,2018,0.835550010204315
Slovenia,SVN,Research and development expenditure (% of GDP),GB.XPD.RSDV.GD.ZS,2018,1.94593000411987
Sweden,SWE,Research and development expenditure (% of GDP),GB.XPD.RSDV.GD.ZS,2018,3.32105994224548
East Asia & Pacific (IDA & IBRD countries),TEA,Research and development expenditure (% of GDP),GB.XPD.RSDV.GD.ZS,2018,1.91205239752293
Europe & Central Asia (IDA & IBRD countries),TEC,Research and development expenditure (% of GDP),GB.XPD.RSDV.GD.ZS,2018,0.930828375832222
Thailand,THA,Research and development expenditure (% of GDP),GB.XPD.RSDV.GD.ZS,2018,1.11373996734619
Tajikistan,TJK,Research and development expenditure (% of GDP),GB.XPD.RSDV.GD.ZS,2018,0.0940100029110909
Turkmenistan,TKM,Research and development expenditure (% of GDP),GB.XPD.RSDV.GD.ZS,2018,0.0799999982118607
Latin America & the Caribbean (IDA & IBRD countries),TLA,Research and development expenditure (% of GDP),GB.XPD.RSDV.GD.ZS,2018,0.646966279184386
South Asia (IDA & IBRD),TSA,Research and development expenditure (% of GDP),GB.XPD.RSDV.GD.ZS,2018,0.64175181322042
Trinidad and Tobago,TTO,Research and development expenditure (% of GDP),GB.XPD.RSDV.GD.ZS,2018,0.0813900008797646
Tunisia,TUN,Research and development expenditure (% of GDP),GB.XPD.RSDV.GD.ZS,2018,0.716449975967407
Turkiye,TUR,Research and development expenditure (% of GDP),GB.XPD.RSDV.GD.ZS,2018,1.27093005180359
Ukraine,UKR,Research and development expenditure (% of GDP),GB.XPD.RSDV.GD.ZS,2018,0.471130013465881
Upper middle income,UMC,Research and development expenditure (% of GDP),GB.XPD.RSDV.GD.ZS,2018,1.58517352158881
Uruguay,URY,Research and development expenditure (% of GDP),GB.XPD.RSDV.GD.ZS,2018,0.504840016365051
United States,USA,Research and development expenditure (% of GDP),GB.XPD.RSDV.GD.ZS,2018,2.99044990539551
Uzbekistan,UZB,Research and development expenditure (% of GDP),GB.XPD.RSDV.GD.ZS,2018,0.123939998447895
World,WLD,Research and development expenditure (% of GDP),GB.XPD.RSDV.GD.ZS,2018,2.23059269156224
South Africa,ZAF,Research and development expenditure (% of GDP),GB.XPD.RSDV.GD.ZS,2018,0.685859978199005
United Arab Emirates,ARE,Research and development expenditure (% of GDP),GB.XPD.RSDV.GD.ZS,2019,1.31064999103546
Argentina,ARG,Research and development expenditure (% of GDP),GB.XPD.RSDV.GD.ZS,2019,0.478130012750626
Armenia,ARM,Research and development expenditure (% of GDP),GB.XPD.RSDV.GD.ZS,2019,0.178540006279945
Australia,AUS,Research and development expenditure (% of GDP),GB.XPD.RSDV.GD.ZS,2019,1.82570004463196
Austria,AUT,Research and development expenditure (% of GDP),GB.XPD.RSDV.GD.ZS,2019,3.13264989852905
Azerbaijan,AZE,Research and development expenditure (% of GDP),GB.XPD.RSDV.GD.ZS,2019,0.200130000710487
Belgium,BEL,Research and development expenditure (% of GDP),GB.XPD.RSDV.GD.ZS,2019,3.15659999847412
Burkina Faso,BFA,Research and development expenditure (% of GDP),GB.XPD.RSDV.GD.ZS,2019,0.174349993467331
Bulgaria,BGR,Research and development expenditure (% of GDP),GB.XPD.RSDV.GD.ZS,2019,0.832740008831024
Bosnia and Herzegovina,BIH,Research and development expenditure (% of GDP),GB.XPD.RSDV.GD.ZS,2019,0.190009996294975
Belarus,BLR,Research and development expenditure (% of GDP),GB.XPD.RSDV.GD.ZS,2019,0.577329993247986
Bermuda,BMU,Research and development expenditure (% of GDP),GB.XPD.RSDV.GD.ZS,2019,0.264510005712509
Brazil,BRA,Research and development expenditure (% of GDP),GB.XPD.RSDV.GD.ZS,2019,1.21096003055573
Canada,CAN,Research and development expenditure (% of GDP),GB.XPD.RSDV.GD.ZS,2019,1.75577998161316
Central Europe and the Baltics,CEB,Research and development expenditure (% of GDP),GB.XPD.RSDV.GD.ZS,2019,1.24699512909957
Switzerland,CHE,Research and development expenditure (% of GDP),GB.XPD.RSDV.GD.ZS,2019,3.19679999351501
Chile,CHL,Research and development expenditure (% of GDP),GB.XPD.RSDV.GD.ZS,2019,0.342429995536804
China,CHN,Research and development expenditure (% of GDP),GB.XPD.RSDV.GD.ZS,2019,2.2446300983429
Colombia,COL,Research and development expenditure (% of GDP),GB.XPD.RSDV.GD.ZS,2019,0.322010010480881
Cuba,CUB,Research and development expenditure (% of GDP),GB.XPD.RSDV.GD.ZS,2019,0.553080022335052
Cyprus,CYP,Research and development expenditure (% of GDP),GB.XPD.RSDV.GD.ZS,2019,0.709450006484985
Czechia,CZE,Research and development expenditure (% of GDP),GB.XPD.RSDV.GD.ZS,2019,1.92734003067017
Germany,DEU,Research and development expenditure (% of GDP),GB.XPD.RSDV.GD.ZS,2019,3.16701006889343
Denmark,DNK,Research and development expenditure (% of GDP),GB.XPD.RSDV.GD.ZS,2019,2.89685010910034
East Asia & Pacific (excluding high income),EAP,Research and development expenditure (% of GDP),GB.XPD.RSDV.GD.ZS,2019,2.02396269949039
Early-demographic dividend,EAR,Research and development expenditure (% of GDP),GB.XPD.RSDV.GD.ZS,2019,0.761717470136912
East Asia & Pacific,EAS,Research and development expenditure (% of GDP),GB.XPD.RSDV.GD.ZS,2019,2.39420218875931
Europe & Central Asia (excluding high income),ECA,Research and development expenditure (% of GDP),GB.XPD.RSDV.GD.ZS,2019,0.828587315918165
Europe & Central Asia,ECS,Research and development expenditure (% of GDP),GB.XPD.RSDV.GD.ZS,2019,2.13333607203848
Egypt, Arab Rep.,Research and development expenditure (% of GDP),GB.XPD.RSDV.GD.ZS,2019,0.796169996261597
Euro area,EMU,Research and development expenditure (% of GDP),GB.XPD.RSDV.GD.ZS,2019,2.25494340241098
Spain,ESP,Research and development expenditure (% of GDP),GB.XPD.RSDV.GD.ZS,2019,1.25024998188019
Estonia,EST,Research and development expenditure (% of GDP),GB.XPD.RSDV.GD.ZS,2019,1.62057995796204
European Union,EUU,Research and development expenditure (% of GDP),GB.XPD.RSDV.GD.ZS,2019,2.22365182187752
Finland,FIN,Research and development expenditure (% of GDP),GB.XPD.RSDV.GD.ZS,2019,2.79960989952087
France,FRA,Research and development expenditure (% of GDP),GB.XPD.RSDV.GD.ZS,2019,2.19179010391235
United Kingdom,GBR,Research and development expenditure (% of GDP),GB.XPD.RSDV.GD.ZS,2019,2.67079997062683
Georgia,GEO,Research and development expenditure (% of GDP),GB.XPD.RSDV.GD.ZS,2019,0.281969994306564
Greece,GRC,Research and development expenditure (% of GDP),GB.XPD.RSDV.GD.ZS,2019,1.27498996257782
Guatemala,GTM,Research and development expenditure (% of GDP),GB.XPD.RSDV.GD.ZS,2019,0.0264199990779161
High income,HIC,Research and development expenditure (% of GDP),GB.XPD.RSDV.GD.ZS,2019,2.69639590077736
Hong Kong SAR, China,Research and development expenditure (% of GDP),GB.XPD.RSDV.GD.ZS,2019,0.925570011138916
Honduras,HND,Research and development expenditure (% of GDP),GB.XPD.RSDV.GD.ZS,2019,0.059969998896122
Croatia,HRV,Research and development expenditure (% of GDP),GB.XPD.RSDV.GD.ZS,2019,1.07026994228363
Hungary,HUN,Research and development expenditure (% of GDP),GB.XPD.RSDV.GD.ZS,2019,1.47291004657745
IBRD only,IBD,Research and development expenditure (% of GDP),GB.XPD.RSDV.GD.ZS,2019,1.46627068168388
IDA & IBRD total,IBT,Research and development expenditure (% of GDP),GB.XPD.RSDV.GD.ZS,2019,1.42402681861395
IDA blend,IDB,Research and development expenditure (% of GDP),GB.XPD.RSDV.GD.ZS,2019,0.230270273623277
Indonesia,IDN,Research and development expenditure (% of GDP),GB.XPD.RSDV.GD.ZS,2019,0.271290004253387
India,IND,Research and development expenditure (% of GDP),GB.XPD.RSDV.GD.ZS,2019,0.659420013427734
Ireland,IRL,Research and development expenditure (% of GDP),GB.XPD.RSDV.GD.ZS,2019,1.16068005561829
Iran, Islamic Rep.,Research and development expenditure (% of GDP),GB.XPD.RSDV.GD.ZS,2019,0.788290023803711
Iraq,IRQ,Research and development expenditure (% of GDP),GB.XPD.RSDV.GD.ZS,2019,0.032660000026226
Iceland,ISL,Research and development expenditure (% of GDP),GB.XPD.RSDV.GD.ZS,2019,2.34017992019653
Israel,ISR,Research and development expenditure (% of GDP),GB.XPD.RSDV.GD.ZS,2019,5.33098983764648
Italy,ITA,Research and development expenditure (% of GDP),GB.XPD.RSDV.GD.ZS,2019,1.461590051651
Japan,JPN,Research and development expenditure (% of GDP),GB.XPD.RSDV.GD.ZS,2019,3.2182400226593
Kazakhstan,KAZ,Research and development expenditure (% of GDP),GB.XPD.RSDV.GD.ZS,2019,0.118409998714924
Kyrgyz Republic,KGZ,Research and development expenditure (% of GDP),GB.XPD.RSDV.GD.ZS,2019,0.0853499993681908
Korea, Rep.,Research and development expenditure (% of GDP),GB.XPD.RSDV.GD.ZS,2019,4.62702989578247
Kuwait,KWT,Research and development expenditure (% of GDP),GB.XPD.RSDV.GD.ZS,2019,0.188010007143021
Latin America & Caribbean (excluding high income),LAC,Research and development expenditure (% of GDP),GB.XPD.RSDV.GD.ZS,2019,0.686577229674168
Latin America & Caribbean,LCN,Research and development expenditure (% of GDP),GB.XPD.RSDV.GD.ZS,2019,0.654522574293959
Liechtenstein,LIE,Research and development expenditure (% of GDP),GB.XPD.RSDV.GD.ZS,2019,5.86833000183105
Lower middle income,LMC,Research and development expenditure (% of GDP),GB.XPD.RSDV.GD.ZS,2019,0.554684349125693
Low & middle income,LMY,Research and development expenditure (% of GDP),GB.XPD.RSDV.GD.ZS,2019,1.47554536050117
Late-demographic dividend,LTE,Research and development expenditure (% of GDP),GB.XPD.RSDV.GD.ZS,2019,1.79500302921645
Lithuania,LTU,Research and development expenditure (% of GDP),GB.XPD.RSDV.GD.ZS,2019,0.992659986019135
Luxembourg,LUX,Research and development expenditure (% of GDP),GB.XPD.RSDV.GD.ZS,2019,1.18176996707916
Latvia,LVA,Research and development expenditure (% of GDP),GB.XPD.RSDV.GD.ZS,2019,0.638469994068146
Macao SAR, China,Research and development expenditure (% of GDP),GB.XPD.RSDV.GD.ZS,2019,0.247209995985031
Moldova,MDA,Research and development expenditure (% of GDP),GB.XPD.RSDV.GD.ZS,2019,0.241449996829033
Mexico,MEX,Research and development expenditure (% of GDP),GB.XPD.RSDV.GD.ZS,2019,0.276059985160828
Middle income,MIC,Research and development expenditure (% of GDP),GB.XPD.RSDV.GD.ZS,2019,1.47741889634211
North Macedonia,MKD,Research and development expenditure (% of GDP),GB.XPD.RSDV.GD.ZS,2019,0.367830008268356
Mali,MLI,Research and development expenditure (% of GDP),GB.XPD.RSDV.GD.ZS,2019,0.157680004835129
Malta,MLT,Research and development expenditure (% of GDP),GB.XPD.RSDV.GD.ZS,2019,0.559930026531219
Myanmar,MMR,Research and development expenditure (% of GDP),GB.XPD.RSDV.GD.ZS,2019,0.0834100022912025
Montenegro,MNE,Research and development expenditure (% of GDP),GB.XPD.RSDV.GD.ZS,2019,0.36327999830246
Mongolia,MNG,Research and development expenditure (% of GDP),GB.XPD.RSDV.GD.ZS,2019,0.0926999971270561
Mauritius,MUS,Research and development expenditure (% of GDP),GB.XPD.RSDV.GD.ZS,2019,0.35699000954628
North America,NAC,Research and development expenditure (% of GDP),GB.XPD.RSDV.GD.ZS,2019,3.04196241095098
Nigeria,NGA,Research and development expenditure (% of GDP),GB.XPD.RSDV.GD.ZS,2019,0.284440010786057
Netherlands,NLD,Research and development expenditure (% of GDP),GB.XPD.RSDV.GD.ZS,2019,2.18435001373291
Norway,NOR,Research and development expenditure (% of GDP),GB.XPD.RSDV.GD.ZS,2019,2.13599991798401
New Zealand,NZL,Research and development expenditure (% of GDP),GB.XPD.RSDV.GD.ZS,2019,1.40803003311157
OECD members,OED,Research and development expenditure (% of GDP),GB.XPD.RSDV.GD.ZS,2019,2.72071527587884
Oman,OMN,Research and development expenditure (% of GDP),GB.XPD.RSDV.GD.ZS,2019,0.272549986839294
Pakistan,PAK,Research and development expenditure (% of GDP),GB.XPD.RSDV.GD.ZS,2019,0.174750000238419
Panama,PAN,Research and development expenditure (% of GDP),GB.XPD.RSDV.GD.ZS,2019,0.136240005493164
Peru,PER,Research and development expenditure (% of GDP),GB.XPD.RSDV.GD.ZS,2019,0.156959995627403
Poland,POL,Research and development expenditure (% of GDP),GB.XPD.RSDV.GD.ZS,2019,1.32334995269775
Portugal,PRT,Research and development expenditure (% of GDP),GB.XPD.RSDV.GD.ZS,2019,1.39561998844147
Paraguay,PRY,Research and development expenditure (% of GDP),GB.XPD.RSDV.GD.ZS,2019,0.137510001659393
Post-demographic dividend,PST,Research and development expenditure (% of GDP),GB.XPD.RSDV.GD.ZS,2019,2.80489773956608
Romania,ROU,Research and development expenditure (% of GDP),GB.XPD.RSDV.GD.ZS,2019,0.476159989833832
Russian Federation,RUS,Research and development expenditure (% of GDP),GB.XPD.RSDV.GD.ZS,2019,1.03531002998352
Rwanda,RWA,Research and development expenditure (% of GDP),GB.XPD.RSDV.GD.ZS,2019,0.758530020713806
South Asia,SAS,Research and development expenditure (% of GDP),GB.XPD.RSDV.GD.ZS,2019,0.610145683204958
Singapore,SGP,Research and development expenditure (% of GDP),GB.XPD.RSDV.GD.ZS,2019,1.88473999500275
El Salvador,SLV,Research and development expenditure (% of GDP),GB.XPD.RSDV.GD.ZS,2019,0.174769997596741
Serbia,SRB,Research and development expenditure (% of GDP),GB.XPD.RSDV.GD.ZS,2019,0.886669993400574
Slovak Republic,SVK,Research and development expenditure (% of GDP),GB.XPD.RSDV.GD.ZS,2019,0.822399973869324
Slovenia,SVN,Research and development expenditure (% of GDP),GB.XPD.RSDV.GD.ZS,2019,2.03922009468079
Sweden,SWE,Research and development expenditure (% of GDP),GB.XPD.RSDV.GD.ZS,2019,3.38757991790771
East Asia & Pacific (IDA & IBRD countries),TEA,Research and development expenditure (% of GDP),GB.XPD.RSDV.GD.ZS,2019,2.02396269949039
Europe & Central Asia (IDA & IBRD countries),TEC,Research and development expenditure (% of GDP),GB.XPD.RSDV.GD.ZS,2019,0.966973046161471
Thailand,THA,Research and development expenditure (% of GDP),GB.XPD.RSDV.GD.ZS,2019,1.14316999912262
Tajikistan,TJK,Research and development expenditure (% of GDP),GB.XPD.RSDV.GD.ZS,2019,0.0936700031161308
Turkmenistan,TKM,Research and development expenditure (% of GDP),GB.XPD.RSDV.GD.ZS,2019,0.109999999403954
Latin America & the Caribbean (IDA & IBRD countries),TLA,Research and development expenditure (% of GDP),GB.XPD.RSDV.GD.ZS,2019,0.656718716588113
South Asia (IDA & IBRD),TSA,Research and development expenditure (% of GDP),GB.XPD.RSDV.GD.ZS,2019,0.610145683204958
Trinidad and Tobago,TTO,Research and development expenditure (% of GDP),GB.XPD.RSDV.GD.ZS,2019,0.0595999993383884
Tunisia,TUN,Research and development expenditure (% of GDP),GB.XPD.RSDV.GD.ZS,2019,0.746580004692078
Turkiye,TUR,Research and development expenditure (% of GDP),GB.XPD.RSDV.GD.ZS,2019,1.31959998607635
Ukraine,UKR,Research and development expenditure (% of GDP),GB.XPD.RSDV.GD.ZS,2019,0.43384000658989
Upper middle income,UMC,Research and development expenditure (% of GDP),GB.XPD.RSDV.GD.ZS,2019,1.66046045866492
Uruguay,URY,Research and development expenditure (% of GDP),GB.XPD.RSDV.GD.ZS,2019,0.568050026893616
United States,USA,Research and development expenditure (% of GDP),GB.XPD.RSDV.GD.ZS,2019,3.14703989028931
Uzbekistan,UZB,Research and development expenditure (% of GDP),GB.XPD.RSDV.GD.ZS,2019,0.113059997558594
Viet Nam,VNM,Research and development expenditure (% of GDP),GB.XPD.RSDV.GD.ZS,2019,0.416519999504089
World,WLD,Research and development expenditure (% of GDP),GB.XPD.RSDV.GD.ZS,2019,2.29370891504435
South Africa,ZAF,Research and development expenditure (% of GDP),GB.XPD.RSDV.GD.ZS,2019,0.613039970397949
Arab World,ARB,Research and development expenditure (% of GDP),GB.XPD.RSDV.GD.ZS,2020,0.702284790112831
United Arab Emirates,ARE,Research and development expenditure (% of GDP),GB.XPD.RSDV.GD.ZS,2020,1.48830997943878
Argentina,ARG,Research and development expenditure (% of GDP),GB.XPD.RSDV.GD.ZS,2020,0.541260004043579
Armenia,ARM,Research and development expenditure (% of GDP),GB.XPD.RSDV.GD.ZS,2020,0.209199994802475
Austria,AUT,Research and development expenditure (% of GDP),GB.XPD.RSDV.GD.ZS,2020,3.20278000831604
Azerbaijan,AZE,Research and development expenditure (% of GDP),GB.XPD.RSDV.GD.ZS,2020,0.223900005221367
Belgium,BEL,Research and development expenditure (% of GDP),GB.XPD.RSDV.GD.ZS,2020,3.39175009727478
Burkina Faso,BFA,Research and development expenditure (% of GDP),GB.XPD.RSDV.GD.ZS,2020,0.251159995794296
Bulgaria,BGR,Research and development expenditure (% of GDP),GB.XPD.RSDV.GD.ZS,2020,0.849669992923737
Bosnia and Herzegovina,BIH,Research and development expenditure (% of GDP),GB.XPD.RSDV.GD.ZS,2020,0.203250005841255
Belarus,BLR,Research and development expenditure (% of GDP),GB.XPD.RSDV.GD.ZS,2020,0.539009988307953
Bermuda,BMU,Research and development expenditure (% of GDP),GB.XPD.RSDV.GD.ZS,2020,0.22545999288559
Brazil,BRA,Research and development expenditure (% of GDP),GB.XPD.RSDV.GD.ZS,2020,1.14525997638702
Canada,CAN,Research and development expenditure (% of GDP),GB.XPD.RSDV.GD.ZS,2020,1.93413996696472
Central Europe and the Baltics,CEB,Research and development expenditure (% of GDP),GB.XPD.RSDV.GD.ZS,2020,1.30695877605301
Chile,CHL,Research and development expenditure (% of GDP),GB.XPD.RSDV.GD.ZS,2020,0.335249990224838
China,CHN,Research and development expenditure (% of GDP),GB.XPD.RSDV.GD.ZS,2020,2.40666007995605
Colombia,COL,Research and development expenditure (% of GDP),GB.XPD.RSDV.GD.ZS,2020,0.289400011301041
Costa Rica,CRI,Research and development expenditure (% of GDP),GB.XPD.RSDV.GD.ZS,2020,0.330020010471344
Cuba,CUB,Research and development expenditure (% of GDP),GB.XPD.RSDV.GD.ZS,2020,0.518379986286163
Cyprus,CYP,Research and development expenditure (% of GDP),GB.XPD.RSDV.GD.ZS,2020,0.83653998374939
Czechia,CZE,Research and development expenditure (% of GDP),GB.XPD.RSDV.GD.ZS,2020,1.98599004745483
Germany,DEU,Research and development expenditure (% of GDP),GB.XPD.RSDV.GD.ZS,2020,3.13136005401611
Denmark,DNK,Research and development expenditure (% of GDP),GB.XPD.RSDV.GD.ZS,2020,2.97257995605469
East Asia & Pacific (excluding high income),EAP,Research and development expenditure (% of GDP),GB.XPD.RSDV.GD.ZS,2020,2.19734518555768
Early-demographic dividend,EAR,Research and development expenditure (% of GDP),GB.XPD.RSDV.GD.ZS,2020,0.824017123276972
East Asia & Pacific,EAS,Research and development expenditure (% of GDP),GB.XPD.RSDV.GD.ZS,2020,2.57888323498085
Europe & Central Asia (excluding high income),ECA,Research and development expenditure (% of GDP),GB.XPD.RSDV.GD.ZS,2020,0.850288874155108
Europe & Central Asia,ECS,Research and development expenditure (% of GDP),GB.XPD.RSDV.GD.ZS,2020,2.19953135595161
Egypt, Arab Rep.,Research and development expenditure (% of GDP),GB.XPD.RSDV.GD.ZS,2020,0.915639996528625
Euro area,EMU,Research and development expenditure (% of GDP),GB.XPD.RSDV.GD.ZS,2020,2.32851521447521
Spain,ESP,Research and development expenditure (% of GDP),GB.XPD.RSDV.GD.ZS,2020,1.40910005569458
Estonia,EST,Research and development expenditure (% of GDP),GB.XPD.RSDV.GD.ZS,2020,1.75314998626709
European Union,EUU,Research and development expenditure (% of GDP),GB.XPD.RSDV.GD.ZS,2020,2.29723757047052
Finland,FIN,Research and development expenditure (% of GDP),GB.XPD.RSDV.GD.ZS,2020,2.91243004798889
France,FRA,Research and development expenditure (% of GDP),GB.XPD.RSDV.GD.ZS,2020,2.27464008331299
United Kingdom,GBR,Research and development expenditure (% of GDP),GB.XPD.RSDV.GD.ZS,2020,2.93882989883423
Georgia,GEO,Research and development expenditure (% of GDP),GB.XPD.RSDV.GD.ZS,2020,0.297650009393692
Greece,GRC,Research and development expenditure (% of GDP),GB.XPD.RSDV.GD.ZS,2020,1.51148998737335
Guatemala,GTM,Research and development expenditure (% of GDP),GB.XPD.RSDV.GD.ZS,2020,0.0488799996674061
High income,HIC,Research and development expenditure (% of GDP),GB.XPD.RSDV.GD.ZS,2020,2.87775949567705
Hong Kong SAR, China,Research and development expenditure (% of GDP),GB.XPD.RSDV.GD.ZS,2020,0.99235999584198
Croatia,HRV,Research and development expenditure (% of GDP),GB.XPD.RSDV.GD.ZS,2020,1.22988998889923
Hungary,HUN,Research and development expenditure (% of GDP),GB.XPD.RSDV.GD.ZS,2020,1.59251999855042
IBRD only,IBD,Research and development expenditure (% of GDP),GB.XPD.RSDV.GD.ZS,2020,1.61737485064264
IDA & IBRD total,IBT,Research and development expenditure (% of GDP),GB.XPD.RSDV.GD.ZS,2020,1.60360591012882
Indonesia,IDN,Research and development expenditure (% of GDP),GB.XPD.RSDV.GD.ZS,2020,0.280680000782013
India,IND,Research and development expenditure (% of GDP),GB.XPD.RSDV.GD.ZS,2020,0.645579993724823
Ireland,IRL,Research and development expenditure (% of GDP),GB.XPD.RSDV.GD.ZS,2020,1.14550995826721
Iraq,IRQ,Research and development expenditure (% of GDP),GB.XPD.RSDV.GD.ZS,2020,0.0405299998819828
Iceland,ISL,Research and development expenditure (% of GDP),GB.XPD.RSDV.GD.ZS,2020,2.48639988899231
Israel,ISR,Research and development expenditure (% of GDP),GB.XPD.RSDV.GD.ZS,2020,5.79681015014648
Italy,ITA,Research and development expenditure (% of GDP),GB.XPD.RSDV.GD.ZS,2020,1.50660002231598
Japan,JPN,Research and development expenditure (% of GDP),GB.XPD.RSDV.GD.ZS,2020,3.2645800113678
Kazakhstan,KAZ,Research and development expenditure (% of GDP),GB.XPD.RSDV.GD.ZS,2020,0.12601999938488
Kyrgyz Republic,KGZ,Research and development expenditure (% of GDP),GB.XPD.RSDV.GD.ZS,2020,0.0835599973797798
Korea, Rep.,Research and development expenditure (% of GDP),GB.XPD.RSDV.GD.ZS,2020,4.79571008682251
Kuwait,KWT,Research and development expenditure (% of GDP),GB.XPD.RSDV.GD.ZS,2020,0.183899998664856
Latin America & Caribbean (excluding high income),LAC,Research and development expenditure (% of GDP),GB.XPD.RSDV.GD.ZS,2020,0.645626985473495
Latin America & Caribbean,LCN,Research and development expenditure (% of GDP),GB.XPD.RSDV.GD.ZS,2020,0.618397412304161
Sri Lanka,LKA,Research and development expenditure (% of GDP),GB.XPD.RSDV.GD.ZS,2020,0.116159997880459
Low & middle income,LMY,Research and development expenditure (% of GDP),GB.XPD.RSDV.GD.ZS,2020,1.66722595424892
Late-demographic dividend,LTE,Research and development expenditure (% of GDP),GB.XPD.RSDV.GD.ZS,2020,1.95236322179209
Lithuania,LTU,Research and development expenditure (% of GDP),GB.XPD.RSDV.GD.ZS,2020,1.13260996341705
Luxembourg,LUX,Research and development expenditure (% of GDP),GB.XPD.RSDV.GD.ZS,2020,1.0958399772644
Latvia,LVA,Research and development expenditure (% of GDP),GB.XPD.RSDV.GD.ZS,2020,0.734390020370483
Macao SAR, China,Research and development expenditure (% of GDP),GB.XPD.RSDV.GD.ZS,2020,0.453269988298416
Moldova,MDA,Research and development expenditure (% of GDP),GB.XPD.RSDV.GD.ZS,2020,0.235109999775887
Middle East & North Africa,MEA,Research and development expenditure (% of GDP),GB.XPD.RSDV.GD.ZS,2020,1.62855193849463
Mexico,MEX,Research and development expenditure (% of GDP),GB.XPD.RSDV.GD.ZS,2020,0.291909992694855
Middle income,MIC,Research and development expenditure (% of GDP),GB.XPD.RSDV.GD.ZS,2020,1.66820940349278
North Macedonia,MKD,Research and development expenditure (% of GDP),GB.XPD.RSDV.GD.ZS,2020,0.372640013694763
Malta,MLT,Research and development expenditure (% of GDP),GB.XPD.RSDV.GD.ZS,2020,0.645659983158112
Myanmar,MMR,Research and development expenditure (% of GDP),GB.XPD.RSDV.GD.ZS,2020,0.155670002102852
Mongolia,MNG,Research and development expenditure (% of GDP),GB.XPD.RSDV.GD.ZS,2020,0.133009999990463
Mauritius,MUS,Research and development expenditure (% of GDP),GB.XPD.RSDV.GD.ZS,2020,0.402990013360977
Malaysia,MYS,Research and development expenditure (% of GDP),GB.XPD.RSDV.GD.ZS,2020,0.950550019741058
North America,NAC,Research and development expenditure (% of GDP),GB.XPD.RSDV.GD.ZS,2020,3.31649271342297
Netherlands,NLD,Research and development expenditure (% of GDP),GB.XPD.RSDV.GD.ZS,2020,2.32182002067566
Norway,NOR,Research and development expenditure (% of GDP),GB.XPD.RSDV.GD.ZS,2020,2.24435997009277
OECD members,OED,Research and development expenditure (% of GDP),GB.XPD.RSDV.GD.ZS,2020,2.93285660357466
Oman,OMN,Research and development expenditure (% of GDP),GB.XPD.RSDV.GD.ZS,2020,0.315990000963211
Panama,PAN,Research and development expenditure (% of GDP),GB.XPD.RSDV.GD.ZS,2020,0.232350006699562
Peru,PER,Research and development expenditure (% of GDP),GB.XPD.RSDV.GD.ZS,2020,0.172289997339249
Poland,POL,Research and development expenditure (% of GDP),GB.XPD.RSDV.GD.ZS,2020,1.38608002662659
Portugal,PRT,Research and development expenditure (% of GDP),GB.XPD.RSDV.GD.ZS,2020,1.61391997337341
Paraguay,PRY,Research and development expenditure (% of GDP),GB.XPD.RSDV.GD.ZS,2020,0.156969994306564
Post-demographic dividend,PST,Research and development expenditure (% of GDP),GB.XPD.RSDV.GD.ZS,2020,3.0239463865615
Romania,ROU,Research and development expenditure (% of GDP),GB.XPD.RSDV.GD.ZS,2020,0.465380012989044
Russian Federation,RUS,Research and development expenditure (% of GDP),GB.XPD.RSDV.GD.ZS,2020,1.09098994731903
South Asia,SAS,Research and development expenditure (% of GDP),GB.XPD.RSDV.GD.ZS,2020,0.629403893682408
Saudi Arabia,SAU,Research and development expenditure (% of GDP),GB.XPD.RSDV.GD.ZS,2020,0.498019993305206
Singapore,SGP,Research and development expenditure (% of GDP),GB.XPD.RSDV.GD.ZS,2020,2.15626001358032
El Salvador,SLV,Research and development expenditure (% of GDP),GB.XPD.RSDV.GD.ZS,2020,0.162990003824234
Serbia,SRB,Research and development expenditure (% of GDP),GB.XPD.RSDV.GD.ZS,2020,0.90557998418808
Slovak Republic,SVK,Research and development expenditure (% of GDP),GB.XPD.RSDV.GD.ZS,2020,0.897729992866516
Slovenia,SVN,Research and development expenditure (% of GDP),GB.XPD.RSDV.GD.ZS,2020,2.14156007766724
Sweden,SWE,Research and development expenditure (% of GDP),GB.XPD.RSDV.GD.ZS,2020,3.48959994316101
East Asia & Pacific (IDA & IBRD countries),TEA,Research and development expenditure (% of GDP),GB.XPD.RSDV.GD.ZS,2020,2.19734518555768
Europe & Central Asia (IDA & IBRD countries),TEC,Research and development expenditure (% of GDP),GB.XPD.RSDV.GD.ZS,2020,1.00687391030126
Thailand,THA,Research and development expenditure (% of GDP),GB.XPD.RSDV.GD.ZS,2020,1.32817995548248
Tajikistan,TJK,Research and development expenditure (% of GDP),GB.XPD.RSDV.GD.ZS,2020,0.0896899998188019
Turkmenistan,TKM,Research and development expenditure (% of GDP),GB.XPD.RSDV.GD.ZS,2020,0.129999995231628
Latin America & the Caribbean (IDA & IBRD countries),TLA,Research and development expenditure (% of GDP),GB.XPD.RSDV.GD.ZS,2020,0.621054626307408
South Asia (IDA & IBRD),TSA,Research and development expenditure (% of GDP),GB.XPD.RSDV.GD.ZS,2020,0.629403893682408
Trinidad and Tobago,TTO,Research and development expenditure (% of GDP),GB.XPD.RSDV.GD.ZS,2020,0.0651199966669083
Turkiye,TUR,Research and development expenditure (% of GDP),GB.XPD.RSDV.GD.ZS,2020,1.36748003959656
Ukraine,UKR,Research and development expenditure (% of GDP),GB.XPD.RSDV.GD.ZS,2020,0.403180003166199
Upper middle income,UMC,Research and development expenditure (% of GDP),GB.XPD.RSDV.GD.ZS,2020,1.82134005481373
Uruguay,URY,Research and development expenditure (% of GDP),GB.XPD.RSDV.GD.ZS,2020,0.67467999458313
United States,USA,Research and development expenditure (% of GDP),GB.XPD.RSDV.GD.ZS,2020,3.42466998100281
Uzbekistan,UZB,Research and development expenditure (% of GDP),GB.XPD.RSDV.GD.ZS,2020,0.13850000500679
World,WLD,Research and development expenditure (% of GDP),GB.XPD.RSDV.GD.ZS,2020,2.48203846716654
South Africa,ZAF,Research and development expenditure (% of GDP),GB.XPD.RSDV.GD.ZS,2020,0.602400004863739
Arab World,ARB,Research and development expenditure (% of GDP),GB.XPD.RSDV.GD.ZS,2021,0.707917411033688
United Arab Emirates,ARE,Research and development expenditure (% of GDP),GB.XPD.RSDV.GD.ZS,2021,1.49468994140625
Argentina,ARG,Research and development expenditure (% of GDP),GB.XPD.RSDV.GD.ZS,2021,0.522159993648529
Armenia,ARM,Research and development expenditure (% of GDP),GB.XPD.RSDV.GD.ZS,2021,0.205569997429848
Australia,AUS,Research and development expenditure (% of GDP),GB.XPD.RSDV.GD.ZS,2021,1.8550900220871
Austria,AUT,Research and development expenditure (% of GDP),GB.XPD.RSDV.GD.ZS,2021,3.26360988616943
Azerbaijan,AZE,Research and development expenditure (% of GDP),GB.XPD.RSDV.GD.ZS,2021,0.208360001444817
Belgium,BEL,Research and development expenditure (% of GDP),GB.XPD.RSDV.GD.ZS,2021,3.39239001274109
Burkina Faso,BFA,Research and development expenditure (% of GDP),GB.XPD.RSDV.GD.ZS,2021,0.251260012388229
Bulgaria,BGR,Research and development expenditure (% of GDP),GB.XPD.RSDV.GD.ZS,2021,0.772780001163483
Bosnia and Herzegovina,BIH,Research and development expenditure (% of GDP),GB.XPD.RSDV.GD.ZS,2021,0.190349996089935
Belarus,BLR,Research and development expenditure (% of GDP),GB.XPD.RSDV.GD.ZS,2021,0.459809988737106
Canada,CAN,Research and development expenditure (% of GDP),GB.XPD.RSDV.GD.ZS,2021,1.86431002616882
Central Europe and the Baltics,CEB,Research and development expenditure (% of GDP),GB.XPD.RSDV.GD.ZS,2021,1.32975374003975
Switzerland,CHE,Research and development expenditure (% of GDP),GB.XPD.RSDV.GD.ZS,2021,3.30644989013672
Chile,CHL,Research and development expenditure (% of GDP),GB.XPD.RSDV.GD.ZS,2021,0.360410004854202
China,CHN,Research and development expenditure (% of GDP),GB.XPD.RSDV.GD.ZS,2021,2.4326000213623
Costa Rica,CRI,Research and development expenditure (% of GDP),GB.XPD.RSDV.GD.ZS,2021,0.273849993944168
Cuba,CUB,Research and development expenditure (% of GDP),GB.XPD.RSDV.GD.ZS,2021,0.322820007801056
Cyprus,CYP,Research and development expenditure (% of GDP),GB.XPD.RSDV.GD.ZS,2021,0.800300002098083
Czechia,CZE,Research and development expenditure (% of GDP),GB.XPD.RSDV.GD.ZS,2021,1.99600994586945
Germany,DEU,Research and development expenditure (% of GDP),GB.XPD.RSDV.GD.ZS,2021,3.12881994247437
Denmark,DNK,Research and development expenditure (% of GDP),GB.XPD.RSDV.GD.ZS,2021,2.76142001152039
East Asia & Pacific (excluding high income),EAP,Research and development expenditure (% of GDP),GB.XPD.RSDV.GD.ZS,2021,2.35033547185023
East Asia & Pacific,EAS,Research and development expenditure (% of GDP),GB.XPD.RSDV.GD.ZS,2021,2.628832073794
Europe & Central Asia (excluding high income),ECA,Research and development expenditure (% of GDP),GB.XPD.RSDV.GD.ZS,2021,0.858389140124921
Europe & Central Asia,ECS,Research and development expenditure (% of GDP),GB.XPD.RSDV.GD.ZS,2021,2.18270851239081
Egypt, Arab Rep.,Research and development expenditure (% of GDP),GB.XPD.RSDV.GD.ZS,2021,0.911750018596649
Euro area,EMU,Research and development expenditure (% of GDP),GB.XPD.RSDV.GD.ZS,2021,2.29142199005848
Spain,ESP,Research and development expenditure (% of GDP),GB.XPD.RSDV.GD.ZS,2021,1.41121995449066
Estonia,EST,Research and development expenditure (% of GDP),GB.XPD.RSDV.GD.ZS,2021,1.76766002178192
European Union,EUU,Research and development expenditure (% of GDP),GB.XPD.RSDV.GD.ZS,2021,2.26020855071381
Finland,FIN,Research and development expenditure (% of GDP),GB.XPD.RSDV.GD.ZS,2021,2.98850011825562
France,FRA,Research and development expenditure (% of GDP),GB.XPD.RSDV.GD.ZS,2021,2.21808004379272
United Kingdom,GBR,Research and development expenditure (% of GDP),GB.XPD.RSDV.GD.ZS,2021,2.89710998535156
Georgia,GEO,Research and development expenditure (% of GDP),GB.XPD.RSDV.GD.ZS,2021,0.248750001192093
Greece,GRC,Research and development expenditure (% of GDP),GB.XPD.RSDV.GD.ZS,2021,1.45782005786896
Guatemala,GTM,Research and development expenditure (% of GDP),GB.XPD.RSDV.GD.ZS,2021,0.0586300007998943
High income,HIC,Research and development expenditure (% of GDP),GB.XPD.RSDV.GD.ZS,2021,2.84102154523839
Hong Kong SAR, China,Research and development expenditure (% of GDP),GB.XPD.RSDV.GD.ZS,2021,0.97026002407074
Croatia,HRV,Research and development expenditure (% of GDP),GB.XPD.RSDV.GD.ZS,2021,1.23124003410339
Hungary,HUN,Research and development expenditure (% of GDP),GB.XPD.RSDV.GD.ZS,2021,1.64379000663757
IBRD only,IBD,Research and development expenditure (% of GDP),GB.XPD.RSDV.GD.ZS,2021,1.83731927947095
IDA & IBRD total,IBT,Research and development expenditure (% of GDP),GB.XPD.RSDV.GD.ZS,2021,1.80479801325039
Ireland,IRL,Research and development expenditure (% of GDP),GB.XPD.RSDV.GD.ZS,2021,1.11064994335175
Iran, Islamic Rep.,Research and development expenditure (% of GDP),GB.XPD.RSDV.GD.ZS,2021,0.72664999961853
Iraq,IRQ,Research and development expenditure (% of GDP),GB.XPD.RSDV.GD.ZS,2021,0.0406999997794628
Iceland,ISL,Research and development expenditure (% of GDP),GB.XPD.RSDV.GD.ZS,2021,2.77874994277954
Israel,ISR,Research and development expenditure (% of GDP),GB.XPD.RSDV.GD.ZS,2021,5.78276014328003
Italy,ITA,Research and development expenditure (% of GDP),GB.XPD.RSDV.GD.ZS,2021,1.42657995223999
Japan,JPN,Research and development expenditure (% of GDP),GB.XPD.RSDV.GD.ZS,2021,3.27677011489868
Kazakhstan,KAZ,Research and development expenditure (% of GDP),GB.XPD.RSDV.GD.ZS,2021,0.130229994654655
Kyrgyz Republic,KGZ,Research and development expenditure (% of GDP),GB.XPD.RSDV.GD.ZS,2021,0.0710199996829033
Korea, Rep.,Research and development expenditure (% of GDP),GB.XPD.RSDV.GD.ZS,2021,4.9098801612854
Low & middle income,LMY,Research and development expenditure (% of GDP),GB.XPD.RSDV.GD.ZS,2021,1.92754682725643
Late-demographic dividend,LTE,Research and development expenditure (% of GDP),GB.XPD.RSDV.GD.ZS,2021,2.05215391304206
Lithuania,LTU,Research and development expenditure (% of GDP),GB.XPD.RSDV.GD.ZS,2021,1.10435998439789
Luxembourg,LUX,Research and development expenditure (% of GDP),GB.XPD.RSDV.GD.ZS,2021,1.04120004177094
Latvia,LVA,Research and development expenditure (% of GDP),GB.XPD.RSDV.GD.ZS,2021,0.746219992637634
Macao SAR, China,Research and development expenditure (% of GDP),GB.XPD.RSDV.GD.ZS,2021,0.373180001974106
Moldova,MDA,Research and development expenditure (% of GDP),GB.XPD.RSDV.GD.ZS,2021,0.231539994478226
Middle East & North Africa,MEA,Research and development expenditure (% of GDP),GB.XPD.RSDV.GD.ZS,2021,1.5158236260248
Mexico,MEX,Research and development expenditure (% of GDP),GB.XPD.RSDV.GD.ZS,2021,0.273779988288879
Middle income,MIC,Research and development expenditure (% of GDP),GB.XPD.RSDV.GD.ZS,2021,1.93028210142059
North Macedonia,MKD,Research and development expenditure (% of GDP),GB.XPD.RSDV.GD.ZS,2021,0.372519999742508
Mali,MLI,Research and development expenditure (% of GDP),GB.XPD.RSDV.GD.ZS,2021,0.173849999904633
Malta,MLT,Research and development expenditure (% of GDP),GB.XPD.RSDV.GD.ZS,2021,0.652050018310547
Myanmar,MMR,Research and development expenditure (% of GDP),GB.XPD.RSDV.GD.ZS,2021,0.124020002782345
Mongolia,MNG,Research and development expenditure (% of GDP),GB.XPD.RSDV.GD.ZS,2021,0.100079998373985
Mauritius,MUS,Research and development expenditure (% of GDP),GB.XPD.RSDV.GD.ZS,2021,0.367839992046356
North America,NAC,Research and development expenditure (% of GDP),GB.XPD.RSDV.GD.ZS,2021,3.35662520338488
Netherlands,NLD,Research and development expenditure (% of GDP),GB.XPD.RSDV.GD.ZS,2021,2.26876997947693
Norway,NOR,Research and development expenditure (% of GDP),GB.XPD.RSDV.GD.ZS,2021,1.88763999938965
New Zealand,NZL,Research and development expenditure (% of GDP),GB.XPD.RSDV.GD.ZS,2021,1.46569001674652
OECD members,OED,Research and development expenditure (% of GDP),GB.XPD.RSDV.GD.ZS,2021,2.91289206059061
Oman,OMN,Research and development expenditure (% of GDP),GB.XPD.RSDV.GD.ZS,2021,0.289779990911484
Pakistan,PAK,Research and development expenditure (% of GDP),GB.XPD.RSDV.GD.ZS,2021,0.164309993386269
Panama,PAN,Research and development expenditure (% of GDP),GB.XPD.RSDV.GD.ZS,2021,0.17688000202179
Peru,PER,Research and development expenditure (% of GDP),GB.XPD.RSDV.GD.ZS,2021,0.137520000338554
Poland,POL,Research and development expenditure (% of GDP),GB.XPD.RSDV.GD.ZS,2021,1.4318300485611
Portugal,PRT,Research and development expenditure (% of GDP),GB.XPD.RSDV.GD.ZS,2021,1.67051005363464
Paraguay,PRY,Research and development expenditure (% of GDP),GB.XPD.RSDV.GD.ZS,2021,0.143979996442795
Post-demographic dividend,PST,Research and development expenditure (% of GDP),GB.XPD.RSDV.GD.ZS,2021,2.99893369928895
Qatar,QAT,Research and development expenditure (% of GDP),GB.XPD.RSDV.GD.ZS,2021,0.680580019950867
Romania,ROU,Research and development expenditure (% of GDP),GB.XPD.RSDV.GD.ZS,2021,0.472339987754822
Russian Federation,RUS,Research and development expenditure (% of GDP),GB.XPD.RSDV.GD.ZS,2021,0.958570003509521
Saudi Arabia,SAU,Research and development expenditure (% of GDP),GB.XPD.RSDV.GD.ZS,2021,0.442660003900528
El Salvador,SLV,Research and development expenditure (% of GDP),GB.XPD.RSDV.GD.ZS,2021,0.162520006299019
Serbia,SRB,Research and development expenditure (% of GDP),GB.XPD.RSDV.GD.ZS,2021,0.993789970874786
Slovak Republic,SVK,Research and development expenditure (% of GDP),GB.XPD.RSDV.GD.ZS,2021,0.916109979152679
Slovenia,SVN,Research and development expenditure (% of GDP),GB.XPD.RSDV.GD.ZS,2021,2.12800002098083
Sweden,SWE,Research and development expenditure (% of GDP),GB.XPD.RSDV.GD.ZS,2021,3.40215992927551
East Asia & Pacific (IDA & IBRD countries),TEA,Research and development expenditure (% of GDP),GB.XPD.RSDV.GD.ZS,2021,2.35033547185023
Europe & Central Asia (IDA & IBRD countries),TEC,Research and development expenditure (% of GDP),GB.XPD.RSDV.GD.ZS,2021,0.964404346559709
Thailand,THA,Research and development expenditure (% of GDP),GB.XPD.RSDV.GD.ZS,2021,1.20807003974915
Turkmenistan,TKM,Research and development expenditure (% of GDP),GB.XPD.RSDV.GD.ZS,2021,0.100000001490116
Trinidad and Tobago,TTO,Research and development expenditure (% of GDP),GB.XPD.RSDV.GD.ZS,2021,0.0537399984896183
Turkiye,TUR,Research and development expenditure (% of GDP),GB.XPD.RSDV.GD.ZS,2021,1.40208995342255
Ukraine,UKR,Research and development expenditure (% of GDP),GB.XPD.RSDV.GD.ZS,2021,0.384779989719391
Upper middle income,UMC,Research and development expenditure (% of GDP),GB.XPD.RSDV.GD.ZS,2021,2.01128006240285
Uruguay,URY,Research and development expenditure (% of GDP),GB.XPD.RSDV.GD.ZS,2021,0.6144700050354
United States,USA,Research and development expenditure (% of GDP),GB.XPD.RSDV.GD.ZS,2021,3.48312997817993
Uzbekistan,UZB,Research and development expenditure (% of GDP),GB.XPD.RSDV.GD.ZS,2021,0.131600007414818
Viet Nam,VNM,Research and development expenditure (% of GDP),GB.XPD.RSDV.GD.ZS,2021,0.42493999004364
World,WLD,Research and development expenditure (% of GDP),GB.XPD.RSDV.GD.ZS,2021,2.57961951051635
South Africa,ZAF,Research and development expenditure (% of GDP),GB.XPD.RSDV.GD.ZS,2021,0.615029990673065
Argentina,ARG,Research and development expenditure (% of GDP),GB.XPD.RSDV.GD.ZS,2022,0.549470007419586
Armenia,ARM,Research and development expenditure (% of GDP),GB.XPD.RSDV.GD.ZS,2022,0.209549993276596
Austria,AUT,Research and development expenditure (% of GDP),GB.XPD.RSDV.GD.ZS,2022,3.20047998428345
Azerbaijan,AZE,Research and development expenditure (% of GDP),GB.XPD.RSDV.GD.ZS,2022,0.151299998164177
Belgium,BEL,Research and development expenditure (% of GDP),GB.XPD.RSDV.GD.ZS,2022,3.40544009208679
Bulgaria,BGR,Research and development expenditure (% of GDP),GB.XPD.RSDV.GD.ZS,2022,0.754209995269775
Bosnia and Herzegovina,BIH,Research and development expenditure (% of GDP),GB.XPD.RSDV.GD.ZS,2022,0.187429994344711
Belarus,BLR,Research and development expenditure (% of GDP),GB.XPD.RSDV.GD.ZS,2022,0.47477000951767
Canada,CAN,Research and development expenditure (% of GDP),GB.XPD.RSDV.GD.ZS,2022,1.71166002750397
Central Europe and the Baltics,CEB,Research and development expenditure (% of GDP),GB.XPD.RSDV.GD.ZS,2022,1.31222382328176
China,CHN,Research and development expenditure (% of GDP),GB.XPD.RSDV.GD.ZS,2022,2.55518007278442
Congo, Rep.,Research and development expenditure (% of GDP),GB.XPD.RSDV.GD.ZS,2022,0.383390009403229
Costa Rica,CRI,Research and development expenditure (% of GDP),GB.XPD.RSDV.GD.ZS,2022,0.33788999915123
Cuba,CUB,Research and development expenditure (% of GDP),GB.XPD.RSDV.GD.ZS,2022,0.360119998455048
Cyprus,CYP,Research and development expenditure (% of GDP),GB.XPD.RSDV.GD.ZS,2022,0.745270013809204
Czechia,CZE,Research and development expenditure (% of GDP),GB.XPD.RSDV.GD.ZS,2022,1.96420001983643
Germany,DEU,Research and development expenditure (% of GDP),GB.XPD.RSDV.GD.ZS,2022,3.13235998153687
Denmark,DNK,Research and development expenditure (% of GDP),GB.XPD.RSDV.GD.ZS,2022,2.89051008224487
East Asia & Pacific (excluding high income),EAP,Research and development expenditure (% of GDP),GB.XPD.RSDV.GD.ZS,2022,2.5068914287991
East Asia & Pacific,EAS,Research and development expenditure (% of GDP),GB.XPD.RSDV.GD.ZS,2022,2.82114514493738
Europe & Central Asia (excluding high income),ECA,Research and development expenditure (% of GDP),GB.XPD.RSDV.GD.ZS,2022,0.811160102859077
Europe & Central Asia,ECS,Research and development expenditure (% of GDP),GB.XPD.RSDV.GD.ZS,2022,1.97068323696008
Egypt, Arab Rep.,Research and development expenditure (% of GDP),GB.XPD.RSDV.GD.ZS,2022,1.01968002319336
Euro area,EMU,Research and development expenditure (% of GDP),GB.XPD.RSDV.GD.ZS,2022,2.27816395178731
Spain,ESP,Research and development expenditure (% of GDP),GB.XPD.RSDV.GD.ZS,2022,1.43532001972198
Estonia,EST,Research and development expenditure (% of GDP),GB.XPD.RSDV.GD.ZS,2022,1.78205001354218
European Union,EUU,Research and development expenditure (% of GDP),GB.XPD.RSDV.GD.ZS,2022,2.24283573964744
Finland,FIN,Research and development expenditure (% of GDP),GB.XPD.RSDV.GD.ZS,2022,2.96468997001648
France,FRA,Research and development expenditure (% of GDP),GB.XPD.RSDV.GD.ZS,2022,2.23311996459961
Georgia,GEO,Research and development expenditure (% of GDP),GB.XPD.RSDV.GD.ZS,2022,0.234699994325638
Greece,GRC,Research and development expenditure (% of GDP),GB.XPD.RSDV.GD.ZS,2022,1.48596000671387
High income,HIC,Research and development expenditure (% of GDP),GB.XPD.RSDV.GD.ZS,2022,2.93191517327814
Hong Kong SAR, China,Research and development expenditure (% of GDP),GB.XPD.RSDV.GD.ZS,2022,1.07288002967834
Croatia,HRV,Research and development expenditure (% of GDP),GB.XPD.RSDV.GD.ZS,2022,1.40322995185852
Hungary,HUN,Research and development expenditure (% of GDP),GB.XPD.RSDV.GD.ZS,2022,1.39472997188568
IBRD only,IBD,Research and development expenditure (% of GDP),GB.XPD.RSDV.GD.ZS,2022,1.94804726855619
IDA & IBRD total,IBT,Research and development expenditure (% of GDP),GB.XPD.RSDV.GD.ZS,2022,1.92310045151496
Ireland,IRL,Research and development expenditure (% of GDP),GB.XPD.RSDV.GD.ZS,2022,0.962639987468719
Iceland,ISL,Research and development expenditure (% of GDP),GB.XPD.RSDV.GD.ZS,2022,2.6003999710083
Israel,ISR,Research and development expenditure (% of GDP),GB.XPD.RSDV.GD.ZS,2022,6.01923990249634
Italy,ITA,Research and development expenditure (% of GDP),GB.XPD.RSDV.GD.ZS,2022,1.39014005661011
Japan,JPN,Research and development expenditure (% of GDP),GB.XPD.RSDV.GD.ZS,2022,3.40536999702454
Kazakhstan,KAZ,Research and development expenditure (% of GDP),GB.XPD.RSDV.GD.ZS,2022,0.117150001227856
Kenya,KEN,Research and development expenditure (% of GDP),GB.XPD.RSDV.GD.ZS,2022,0.410189986228943
Kyrgyz Republic,KGZ,Research and development expenditure (% of GDP),GB.XPD.RSDV.GD.ZS,2022,0.0692199990153313
Korea, Rep.,Research and development expenditure (% of GDP),GB.XPD.RSDV.GD.ZS,2022,5.21081018447876
Kuwait,KWT,Research and development expenditure (% of GDP),GB.XPD.RSDV.GD.ZS,2022,0.0804100036621094
Sri Lanka,LKA,Research and development expenditure (% of GDP),GB.XPD.RSDV.GD.ZS,2022,0.105060003697872
Late-demographic dividend,LTE,Research and development expenditure (% of GDP),GB.XPD.RSDV.GD.ZS,2022,2.15654251792381
Lithuania,LTU,Research and development expenditure (% of GDP),GB.XPD.RSDV.GD.ZS,2022,1.05318999290466
Luxembourg,LUX,Research and development expenditure (% of GDP),GB.XPD.RSDV.GD.ZS,2022,0.976530015468597
Latvia,LVA,Research and development expenditure (% of GDP),GB.XPD.RSDV.GD.ZS,2022,0.763819992542267
Macao SAR, China,Research and development expenditure (% of GDP),GB.XPD.RSDV.GD.ZS,2022,0.436879992485046
Moldova,MDA,Research and development expenditure (% of GDP),GB.XPD.RSDV.GD.ZS,2022,0.229829996824265
Mexico,MEX,Research and development expenditure (% of GDP),GB.XPD.RSDV.GD.ZS,2022,0.257820010185242
North Macedonia,MKD,Research and development expenditure (% of GDP),GB.XPD.RSDV.GD.ZS,2022,0.37975001335144
Malta,MLT,Research and development expenditure (% of GDP),GB.XPD.RSDV.GD.ZS,2022,0.604330003261566
Myanmar,MMR,Research and development expenditure (% of GDP),GB.XPD.RSDV.GD.ZS,2022,0.0351900011301041
Mongolia,MNG,Research and development expenditure (% of GDP),GB.XPD.RSDV.GD.ZS,2022,0.0836500003933907
Mauritius,MUS,Research and development expenditure (% of GDP),GB.XPD.RSDV.GD.ZS,2022,0.308299988508224
North America,NAC,Research and development expenditure (% of GDP),GB.XPD.RSDV.GD.ZS,2022,3.44238604046732
Namibia,NAM,Research and development expenditure (% of GDP),GB.XPD.RSDV.GD.ZS,2022,0.646470010280609
Netherlands,NLD,Research and development expenditure (% of GDP),GB.XPD.RSDV.GD.ZS,2022,2.25533008575439
Norway,NOR,Research and development expenditure (% of GDP),GB.XPD.RSDV.GD.ZS,2022,1.55752003192902
OECD members,OED,Research and development expenditure (% of GDP),GB.XPD.RSDV.GD.ZS,2022,3.02218702674159
Oman,OMN,Research and development expenditure (% of GDP),GB.XPD.RSDV.GD.ZS,2022,0.275059998035431
Panama,PAN,Research and development expenditure (% of GDP),GB.XPD.RSDV.GD.ZS,2022,0.182429999113083
Peru,PER,Research and development expenditure (% of GDP),GB.XPD.RSDV.GD.ZS,2022,0.161779999732971
Poland,POL,Research and development expenditure (% of GDP),GB.XPD.RSDV.GD.ZS,2022,1.4538300037384
Portugal,PRT,Research and development expenditure (% of GDP),GB.XPD.RSDV.GD.ZS,2022,1.70178997516632
Paraguay,PRY,Research and development expenditure (% of GDP),GB.XPD.RSDV.GD.ZS,2022,0.119439996778965
Post-demographic dividend,PST,Research and development expenditure (% of GDP),GB.XPD.RSDV.GD.ZS,2022,3.12065340104479
Romania,ROU,Research and development expenditure (% of GDP),GB.XPD.RSDV.GD.ZS,2022,0.45881000161171
Russian Federation,RUS,Research and development expenditure (% of GDP),GB.XPD.RSDV.GD.ZS,2022,0.925270020961761
Saudi Arabia,SAU,Research and development expenditure (% of GDP),GB.XPD.RSDV.GD.ZS,2022,0.463169991970062
El Salvador,SLV,Research and development expenditure (% of GDP),GB.XPD.RSDV.GD.ZS,2022,0.142800003290176
Serbia,SRB,Research and development expenditure (% of GDP),GB.XPD.RSDV.GD.ZS,2022,0.966159999370575
Slovak Republic,SVK,Research and development expenditure (% of GDP),GB.XPD.RSDV.GD.ZS,2022,0.979390025138855
Slovenia,SVN,Research and development expenditure (% of GDP),GB.XPD.RSDV.GD.ZS,2022,2.09524989128113
Sweden,SWE,Research and development expenditure (% of GDP),GB.XPD.RSDV.GD.ZS,2022,3.40822005271912
Syrian Arab Republic,SYR,Research and development expenditure (% of GDP),GB.XPD.RSDV.GD.ZS,2022,0.0730599984526634
East Asia & Pacific (IDA & IBRD countries),TEA,Research and development expenditure (% of GDP),GB.XPD.RSDV.GD.ZS,2022,2.5068914287991
Europe & Central Asia (IDA & IBRD countries),TEC,Research and development expenditure (% of GDP),GB.XPD.RSDV.GD.ZS,2022,0.934067160242349
Thailand,THA,Research and development expenditure (% of GDP),GB.XPD.RSDV.GD.ZS,2022,1.159019947052
Turkmenistan,TKM,Research and development expenditure (% of GDP),GB.XPD.RSDV.GD.ZS,2022,0.140000000596046
Trinidad and Tobago,TTO,Research and development expenditure (% of GDP),GB.XPD.RSDV.GD.ZS,2022,0.047800000756979
Turkiye,TUR,Research and development expenditure (% of GDP),GB.XPD.RSDV.GD.ZS,2022,1.32342994213104
Ukraine,UKR,Research and development expenditure (% of GDP),GB.XPD.RSDV.GD.ZS,2022,0.326730012893677
Upper middle income,UMC,Research and development expenditure (% of GDP),GB.XPD.RSDV.GD.ZS,2022,2.12107554976819
Uruguay,URY,Research and development expenditure (% of GDP),GB.XPD.RSDV.GD.ZS,2022,0.625919997692108
United States,USA,Research and development expenditure (% of GDP),GB.XPD.RSDV.GD.ZS,2022,3.58623003959656
Uzbekistan,UZB,Research and development expenditure (% of GDP),GB.XPD.RSDV.GD.ZS,2022,0.158739998936653
World,WLD,Research and development expenditure (% of GDP),GB.XPD.RSDV.GD.ZS,2022,2.67522105943172
South Africa,ZAF,Research and development expenditure (% of GDP),GB.XPD.RSDV.GD.ZS,2022,0.617290019989014
Armenia,ARM,Research and development expenditure (% of GDP),GB.XPD.RSDV.GD.ZS,2023,0.181150004267693
Azerbaijan,AZE,Research and development expenditure (% of GDP),GB.XPD.RSDV.GD.ZS,2023,0.181779995560646
Bosnia and Herzegovina,BIH,Research and development expenditure (% of GDP),GB.XPD.RSDV.GD.ZS,2023,0.192279994487762
Belarus,BLR,Research and development expenditure (% of GDP),GB.XPD.RSDV.GD.ZS,2023,0.578429996967316
Canada,CAN,Research and development expenditure (% of GDP),GB.XPD.RSDV.GD.ZS,2023,1.70132994651794
Egypt, Arab Rep.,Research and development expenditure (% of GDP),GB.XPD.RSDV.GD.ZS,2023,1.03356003761292
Georgia,GEO,Research and development expenditure (% of GDP),GB.XPD.RSDV.GD.ZS,2023,0.252829998731613
Hong Kong SAR, China,Research and development expenditure (% of GDP),GB.XPD.RSDV.GD.ZS,2023,1.10338997840881
Kazakhstan,KAZ,Research and development expenditure (% of GDP),GB.XPD.RSDV.GD.ZS,2023,0.144720003008842
Kenya,KEN,Research and development expenditure (% of GDP),GB.XPD.RSDV.GD.ZS,2023,0.808740019798279
Kyrgyz Republic,KGZ,Research and development expenditure (% of GDP),GB.XPD.RSDV.GD.ZS,2023,0.0587599985301495
Kuwait,KWT,Research and development expenditure (% of GDP),GB.XPD.RSDV.GD.ZS,2023,0.0975999981164932
Macao SAR, China,Research and development expenditure (% of GDP),GB.XPD.RSDV.GD.ZS,2023,0.263779997825623
Moldova,MDA,Research and development expenditure (% of GDP),GB.XPD.RSDV.GD.ZS,2023,0.223419994115829
Mexico,MEX,Research and development expenditure (% of GDP),GB.XPD.RSDV.GD.ZS,2023,0.268189996480942
North Macedonia,MKD,Research and development expenditure (% of GDP),GB.XPD.RSDV.GD.ZS,2023,0.395020008087158
Myanmar,MMR,Research and development expenditure (% of GDP),GB.XPD.RSDV.GD.ZS,2023,0.023760000243783
Mauritius,MUS,Research and development expenditure (% of GDP),GB.XPD.RSDV.GD.ZS,2023,0.234009996056557
Oman,OMN,Research and development expenditure (% of GDP),GB.XPD.RSDV.GD.ZS,2023,0.367289990186691
Pakistan,PAK,Research and development expenditure (% of GDP),GB.XPD.RSDV.GD.ZS,2023,0.163749992847443
Panama,PAN,Research and development expenditure (% of GDP),GB.XPD.RSDV.GD.ZS,2023,0.157910004258156
Rwanda,RWA,Research and development expenditure (% of GDP),GB.XPD.RSDV.GD.ZS,2023,0.794449985027313
Saudi Arabia,SAU,Research and development expenditure (% of GDP),GB.XPD.RSDV.GD.ZS,2023,0.564859986305237
Serbia,SRB,Research and development expenditure (% of GDP),GB.XPD.RSDV.GD.ZS,2023,0.950049996376038
Uganda,UGA,Research and development expenditure (% of GDP),GB.XPD.RSDV.GD.ZS,2023,0.310900002717972
Ukraine,UKR,Research and development expenditure (% of GDP),GB.XPD.RSDV.GD.ZS,2023,0.326530009508133
Uzbekistan,UZB,Research and development expenditure (% of GDP),GB.XPD.RSDV.GD.ZS,2023,0.125269994139671
